# Blender 4.3.2
# www.blender.org
mtllib chandelier.mtl
o Cube.013
v -0.130145 3.583501 -0.619425
v -0.571867 3.583501 -0.531561
v -0.946339 3.583501 -0.281347
v -1.196553 3.583501 0.093126
v -1.284416 3.583501 0.534846
v -1.196553 3.583501 0.976566
v -0.946339 3.583502 1.351039
v -0.571867 3.583502 1.601253
v -0.130145 3.583502 1.689117
v 0.311576 3.583502 1.601253
v 0.686049 3.583502 1.351039
v 0.936261 3.583501 0.976566
v 1.024124 3.583501 0.534846
v 0.936261 3.583501 0.093126
v 0.686049 3.583501 -0.281347
v 0.311576 3.583501 -0.531561
v -0.130145 3.317566 -0.619424
v -0.571867 3.317566 -0.531561
v -0.946339 3.317566 -0.281347
v -1.196553 3.317566 0.093126
v -1.284416 3.317566 0.534846
v -1.196553 3.317566 0.976567
v -0.946339 3.317566 1.351039
v -0.571867 3.317566 1.601253
v -0.130145 3.317566 1.689117
v 0.311576 3.317566 1.601253
v 0.686049 3.317566 1.351039
v 0.936261 3.317566 0.976567
v 1.024124 3.317566 0.534846
v 0.936261 3.317566 0.093126
v 0.686049 3.317566 -0.281347
v 0.311576 3.317566 -0.531561
v -0.130145 3.583501 -0.749138
v -0.621506 3.583501 -0.651400
v -1.038060 3.583501 -0.373068
v -1.316392 3.583501 0.043486
v -1.414129 3.583501 0.534846
v -1.316392 3.583501 1.026206
v -1.038060 3.583502 1.442760
v -0.621506 3.583502 1.721093
v -0.130145 3.583502 1.818830
v 0.361215 3.583502 1.721093
v 0.777770 3.583502 1.442760
v 1.056101 3.583501 1.026206
v 1.153837 3.583501 0.534846
v 1.056101 3.583501 0.043486
v 0.777770 3.583501 -0.373068
v 0.361215 3.583501 -0.651400
v -0.130145 3.317566 -0.749138
v -0.621506 3.317566 -0.651400
v -1.038060 3.317566 -0.373068
v -1.316392 3.317566 0.043487
v -1.414129 3.317566 0.534846
v -1.316392 3.317566 1.026206
v -1.038060 3.317566 1.442760
v -0.621506 3.317566 1.721093
v -0.130145 3.317566 1.818830
v 0.361215 3.317566 1.721093
v 0.777770 3.317566 1.442760
v 1.056101 3.317566 1.026206
v 1.153837 3.317566 0.534846
v 1.056101 3.317566 0.043487
v 0.777770 3.317566 -0.373068
v 0.361215 3.317566 -0.651400
v -0.130145 4.524660 -0.095198
v -0.371253 4.524660 -0.047239
v -0.575654 4.524660 0.089337
v -0.712230 4.524660 0.293738
v -0.760189 4.524660 0.534846
v -0.712230 4.524660 0.775953
v -0.575654 4.524660 0.980354
v -0.371253 4.524660 1.116931
v -0.130145 4.524660 1.164890
v 0.110963 4.524660 1.116931
v 0.315364 4.524660 0.980354
v 0.451940 4.524660 0.775953
v 0.499899 4.524660 0.534846
v 0.451940 4.524660 0.293738
v 0.315364 4.524660 0.089337
v 0.110963 4.524660 -0.047239
v -0.130145 4.258724 -0.095198
v -0.371253 4.258724 -0.047239
v -0.575654 4.258724 0.089337
v -0.712230 4.258724 0.293738
v -0.760189 4.258724 0.534846
v -0.712230 4.258724 0.775953
v -0.575654 4.258724 0.980355
v -0.371253 4.258724 1.116931
v -0.130145 4.258724 1.164890
v 0.110963 4.258724 1.116931
v 0.315364 4.258724 0.980355
v 0.451940 4.258724 0.775953
v 0.499899 4.258724 0.534846
v 0.451940 4.258724 0.293738
v 0.315364 4.258724 0.089337
v 0.110963 4.258724 -0.047239
v -0.130145 4.524660 -0.166000
v -0.398348 4.524660 -0.112652
v -0.625719 4.524660 0.039273
v -0.777642 4.524660 0.266643
v -0.830991 4.524660 0.534846
v -0.777642 4.524660 0.803048
v -0.625719 4.524660 1.030419
v -0.398348 4.524660 1.182344
v -0.130145 4.524660 1.235693
v 0.138058 4.524660 1.182344
v 0.365429 4.524660 1.030419
v 0.517353 4.524660 0.803048
v 0.570701 4.524660 0.534846
v 0.517353 4.524660 0.266643
v 0.365429 4.524660 0.039273
v 0.138058 4.524660 -0.112652
v -0.130145 4.258724 -0.166000
v -0.398348 4.258724 -0.112652
v -0.625719 4.258724 0.039273
v -0.777642 4.258724 0.266644
v -0.830991 4.258724 0.534846
v -0.777642 4.258724 0.803048
v -0.625719 4.258724 1.030419
v -0.398348 4.258724 1.182344
v -0.130145 4.258724 1.235693
v 0.138058 4.258724 1.182344
v 0.365429 4.258724 1.030419
v 0.517353 4.258724 0.803048
v 0.570701 4.258724 0.534846
v 0.517353 4.258724 0.266644
v 0.365429 4.258724 0.039273
v 0.138058 4.258724 -0.112652
v 0.616580 4.137267 0.480143
v 0.580848 4.190858 0.491474
v 0.568125 4.209939 0.534846
v 0.580848 4.190858 0.578217
v 0.616580 4.137267 0.589548
v 0.652313 4.083676 0.578217
v 0.665036 4.064595 0.534846
v 0.652313 4.083676 0.491474
v 0.598168 4.124991 0.480143
v 0.562435 4.178581 0.491474
v 0.549713 4.197662 0.534846
v 0.562435 4.178581 0.578217
v 0.598168 4.124991 0.589548
v 0.633901 4.071400 0.578217
v 0.646623 4.052319 0.534846
v 0.633901 4.071400 0.491474
v 0.616580 4.137267 0.506899
v 0.593456 4.171948 0.513951
v 0.588318 4.179654 0.534846
v 0.593456 4.171948 0.555741
v 0.616580 4.137267 0.562792
v 0.639705 4.102587 0.555741
v 0.644843 4.094881 0.534846
v 0.639705 4.102587 0.513951
v 0.598168 4.124991 0.506899
v 0.575044 4.159671 0.513951
v 0.569906 4.167377 0.534846
v 0.575044 4.159671 0.555741
v 0.598168 4.124991 0.562792
v 0.621292 4.090309 0.555741
v 0.626430 4.082603 0.534846
v 0.621292 4.090309 0.513951
v 0.698442 4.032212 0.523782
v 0.686195 4.012914 0.523782
v 0.663672 4.009027 0.523782
v 0.634681 4.039798 0.523782
v 0.617424 4.078390 0.523782
v 0.629671 4.097688 0.523782
v 0.652193 4.101574 0.523782
v 0.681184 4.070805 0.523782
v 0.698442 4.032212 0.545912
v 0.686195 4.012914 0.545912
v 0.663672 4.009027 0.545912
v 0.634681 4.039798 0.545912
v 0.617424 4.078390 0.545912
v 0.629671 4.097688 0.545912
v 0.652193 4.101574 0.545912
v 0.681184 4.070805 0.545912
v 0.729751 4.025770 0.523782
v 0.706388 3.982629 0.523782
v 0.657581 3.977649 0.523782
v 0.612419 4.024955 0.523782
v 0.586114 4.084832 0.523782
v 0.609478 4.127973 0.523782
v 0.658285 4.132953 0.523782
v 0.703446 4.085648 0.523782
v 0.729751 4.025770 0.545912
v 0.706388 3.982629 0.545912
v 0.657581 3.977649 0.545912
v 0.612419 4.024955 0.545912
v 0.586114 4.084832 0.545912
v 0.609478 4.127973 0.545912
v 0.658285 4.132953 0.545912
v 0.703446 4.085648 0.545912
v 0.716321 3.987680 0.480143
v 0.680588 4.041270 0.491474
v 0.667866 4.060352 0.534846
v 0.680588 4.041270 0.578217
v 0.716321 3.987680 0.589548
v 0.752054 3.934089 0.578217
v 0.764776 3.915008 0.534846
v 0.752054 3.934089 0.491474
v 0.697908 3.975402 0.480143
v 0.662176 4.028994 0.491474
v 0.649453 4.048075 0.534846
v 0.662176 4.028994 0.578217
v 0.697908 3.975402 0.589548
v 0.733641 3.921812 0.578217
v 0.746364 3.902731 0.534846
v 0.733641 3.921812 0.491474
v 0.716321 3.987680 0.506899
v 0.693197 4.022361 0.513951
v 0.688059 4.030066 0.534846
v 0.693197 4.022361 0.555741
v 0.716321 3.987680 0.562792
v 0.739445 3.952998 0.555741
v 0.744583 3.945293 0.534846
v 0.739445 3.952998 0.513951
v 0.697908 3.975402 0.506899
v 0.674784 4.010084 0.513951
v 0.669647 4.017790 0.534846
v 0.674784 4.010084 0.555741
v 0.697908 3.975402 0.562792
v 0.721033 3.940722 0.555741
v 0.726171 3.933016 0.534846
v 0.721033 3.940722 0.513951
v 0.798182 3.882624 0.523782
v 0.785935 3.863327 0.523782
v 0.763413 3.859440 0.523782
v 0.734421 3.890211 0.523782
v 0.717164 3.928802 0.523782
v 0.729411 3.948101 0.523782
v 0.751934 3.951987 0.523782
v 0.780925 3.921218 0.523782
v 0.798182 3.882624 0.545912
v 0.785935 3.863327 0.545912
v 0.763413 3.859440 0.545912
v 0.734421 3.890211 0.545912
v 0.717164 3.928802 0.545912
v 0.729411 3.948101 0.545912
v 0.751934 3.951987 0.545912
v 0.780925 3.921218 0.545912
v 0.829492 3.876183 0.523782
v 0.806128 3.833042 0.523782
v 0.757321 3.828062 0.523782
v 0.712159 3.875367 0.523782
v 0.685855 3.935244 0.523782
v 0.709218 3.978386 0.523782
v 0.758026 3.983366 0.523782
v 0.803186 3.936061 0.523782
v 0.829492 3.876183 0.545912
v 0.806128 3.833042 0.545912
v 0.757321 3.828062 0.545912
v 0.712159 3.875367 0.545912
v 0.685855 3.935244 0.545912
v 0.709218 3.978386 0.545912
v 0.758026 3.983366 0.545912
v 0.803186 3.936061 0.545912
v 0.816940 3.836773 0.480143
v 0.781207 3.890365 0.491474
v 0.768485 3.909446 0.534846
v 0.781207 3.890365 0.578217
v 0.816940 3.836773 0.589548
v 0.852673 3.783182 0.578217
v 0.865395 3.764101 0.534846
v 0.852673 3.783182 0.491474
v 0.798528 3.824497 0.480143
v 0.762795 3.878087 0.491474
v 0.750073 3.897168 0.534846
v 0.762795 3.878087 0.578217
v 0.798528 3.824497 0.589548
v 0.834261 3.770905 0.578217
v 0.846983 3.751824 0.534846
v 0.834261 3.770905 0.491474
v 0.816940 3.836773 0.506899
v 0.793817 3.871454 0.513951
v 0.788678 3.879159 0.534846
v 0.793817 3.871454 0.555741
v 0.816940 3.836773 0.562792
v 0.840065 3.802092 0.555741
v 0.845202 3.794387 0.534846
v 0.840065 3.802092 0.513951
v 0.798528 3.824497 0.506899
v 0.775404 3.859178 0.513951
v 0.770266 3.866883 0.534846
v 0.775404 3.859178 0.555741
v 0.798528 3.824497 0.562792
v 0.821652 3.789815 0.555741
v 0.826790 3.782110 0.534846
v 0.821652 3.789815 0.513951
v 0.898802 3.731718 0.523782
v 0.886555 3.712420 0.523782
v 0.864032 3.708534 0.523782
v 0.835041 3.739304 0.523782
v 0.817783 3.777897 0.523782
v 0.830031 3.797194 0.523782
v 0.852553 3.801080 0.523782
v 0.881544 3.770311 0.523782
v 0.898802 3.731718 0.545912
v 0.886555 3.712420 0.545912
v 0.864032 3.708534 0.545912
v 0.835041 3.739304 0.545912
v 0.817783 3.777897 0.545912
v 0.830031 3.797194 0.545912
v 0.852553 3.801080 0.545912
v 0.881544 3.770311 0.545912
v 0.930111 3.725276 0.523782
v 0.906749 3.682136 0.523782
v 0.857940 3.677156 0.523782
v 0.812779 3.724461 0.523782
v 0.786475 3.784338 0.523782
v 0.809838 3.827479 0.523782
v 0.858644 3.832459 0.523782
v 0.903805 3.785154 0.523782
v 0.930111 3.725276 0.545912
v 0.906749 3.682136 0.545912
v 0.857940 3.677156 0.545912
v 0.812779 3.724461 0.545912
v 0.786475 3.784338 0.545912
v 0.809838 3.827479 0.545912
v 0.858644 3.832459 0.545912
v 0.903805 3.785154 0.545912
v 0.917074 3.686596 0.480143
v 0.881341 3.740187 0.491474
v 0.868619 3.759268 0.534846
v 0.881341 3.740187 0.578217
v 0.917074 3.686596 0.589548
v 0.952807 3.633005 0.578217
v 0.965529 3.613925 0.534846
v 0.952807 3.633005 0.491474
v 0.898661 3.674319 0.480143
v 0.862929 3.727910 0.491474
v 0.850206 3.746991 0.534846
v 0.862929 3.727910 0.578217
v 0.898661 3.674319 0.589548
v 0.934395 3.620728 0.578217
v 0.947117 3.601647 0.534846
v 0.934395 3.620728 0.491474
v 0.917074 3.686596 0.506899
v 0.893950 3.721277 0.513951
v 0.888812 3.728983 0.534846
v 0.893950 3.721277 0.555741
v 0.917074 3.686596 0.562792
v 0.940199 3.651915 0.555741
v 0.945336 3.644210 0.534846
v 0.940199 3.651915 0.513951
v 0.898661 3.674319 0.506899
v 0.875537 3.709000 0.513951
v 0.870400 3.716706 0.534846
v 0.875537 3.709000 0.555741
v 0.898661 3.674319 0.562792
v 0.921786 3.639638 0.555741
v 0.926924 3.631933 0.534846
v 0.921786 3.639638 0.513951
v 0.950968 3.672166 0.543363
v 0.897575 3.650051 0.543363
v 0.875458 3.596657 0.543363
v 0.897575 3.543264 0.543363
v 0.950968 3.521149 0.543363
v 1.004360 3.543264 0.543363
v 1.026477 3.596657 0.543363
v 1.004360 3.650051 0.543363
v 1.004360 3.650051 0.526333
v 1.026477 3.596657 0.526333
v 1.004360 3.543264 0.526333
v 0.950968 3.521149 0.526333
v 0.897575 3.543264 0.526333
v 0.875458 3.596657 0.526333
v 0.897575 3.650051 0.526333
v 0.950968 3.672166 0.526333
v 0.950968 3.652721 0.526333
v 0.911324 3.636301 0.526333
v 0.894903 3.596657 0.526333
v 0.911324 3.557014 0.526333
v 0.950968 3.540593 0.526333
v 0.990611 3.557014 0.526333
v 1.007032 3.596657 0.526333
v 0.990611 3.636301 0.526333
v 0.990611 3.636301 0.543363
v 1.007032 3.596657 0.543363
v 0.990611 3.557014 0.543363
v 0.950968 3.540593 0.543363
v 0.911324 3.557014 0.543363
v 0.894903 3.596657 0.543363
v 0.911324 3.636301 0.543363
v 0.950968 3.652721 0.543363
v -0.880329 4.090309 0.513951
v -0.885467 4.082603 0.534846
v -0.880329 4.090309 0.555741
v -0.857205 4.124991 0.562792
v -0.834081 4.159671 0.555741
v -0.828943 4.167377 0.534846
v -0.834081 4.159671 0.513951
v -0.857205 4.124991 0.506899
v -0.898742 4.102587 0.513951
v -0.903880 4.094881 0.534846
v -0.898742 4.102587 0.555741
v -0.875618 4.137267 0.562792
v -0.852493 4.171948 0.555741
v -0.847355 4.179654 0.534846
v -0.852493 4.171948 0.513951
v -0.875618 4.137267 0.506899
v -0.892938 4.071400 0.491474
v -0.905661 4.052319 0.534846
v -0.892938 4.071400 0.578217
v -0.857205 4.124991 0.589548
v -0.821472 4.178581 0.578217
v -0.808750 4.197662 0.534846
v -0.821472 4.178581 0.491474
v -0.857205 4.124991 0.480143
v -0.911350 4.083676 0.491474
v -0.924073 4.064595 0.534846
v -0.911350 4.083676 0.578217
v -0.875618 4.137267 0.589548
v -0.839885 4.190858 0.578217
v -0.827162 4.209939 0.534846
v -0.839885 4.190858 0.491474
v -0.875618 4.137267 0.480143
v 0.535013 4.241912 0.543363
v 0.495369 4.225491 0.543363
v 0.478948 4.185848 0.543363
v 0.495369 4.146205 0.543363
v 0.535013 4.129784 0.543363
v 0.574656 4.146205 0.543363
v 0.591077 4.185848 0.543363
v 0.574656 4.225491 0.543363
v 0.574656 4.225491 0.526333
v 0.591077 4.185848 0.526333
v 0.574656 4.146205 0.526333
v 0.535013 4.129784 0.526333
v 0.495369 4.146205 0.526333
v 0.478948 4.185848 0.526333
v 0.495369 4.225491 0.526333
v 0.535013 4.241912 0.526333
v 0.535013 4.261357 0.526333
v 0.481620 4.239241 0.526333
v 0.459504 4.185848 0.526333
v 0.481620 4.132455 0.526333
v 0.535013 4.110339 0.526333
v 0.588405 4.132455 0.526333
v 0.610522 4.185848 0.526333
v 0.588405 4.239241 0.526333
v 0.588405 4.239241 0.543363
v 0.610522 4.185848 0.543363
v 0.588405 4.132455 0.543363
v 0.535013 4.110339 0.543363
v 0.481620 4.132455 0.543363
v 0.459504 4.185848 0.543363
v 0.481620 4.239241 0.543363
v 0.535013 4.261357 0.543363
v -0.957479 4.032212 0.523782
v -0.945231 4.012914 0.523782
v -0.922709 4.009027 0.523782
v -0.893718 4.039798 0.523782
v -0.876461 4.078390 0.523782
v -0.888708 4.097688 0.523782
v -0.911230 4.101574 0.523782
v -0.940221 4.070805 0.523782
v -0.957479 4.032212 0.545912
v -0.945231 4.012914 0.545912
v -0.922709 4.009027 0.545912
v -0.893718 4.039798 0.545912
v -0.876461 4.078390 0.545912
v -0.888708 4.097688 0.545912
v -0.911230 4.101574 0.545912
v -0.940221 4.070805 0.545912
v -0.988788 4.025770 0.523782
v -0.965425 3.982629 0.523782
v -0.916617 3.977649 0.523782
v -0.871456 4.024955 0.523782
v -0.845151 4.084832 0.523782
v -0.868515 4.127973 0.523782
v -0.917322 4.132953 0.523782
v -0.962482 4.085648 0.523782
v -0.988788 4.025770 0.545912
v -0.965425 3.982629 0.545912
v -0.916617 3.977649 0.545912
v -0.871456 4.024955 0.545912
v -0.845151 4.084832 0.545912
v -0.868515 4.127973 0.545912
v -0.917322 4.132953 0.545912
v -0.962482 4.085648 0.545912
v -0.975358 3.987680 0.480143
v -0.939625 4.041270 0.491474
v -0.926902 4.060352 0.534846
v -0.939625 4.041270 0.578217
v -0.975358 3.987680 0.589548
v -1.011091 3.934089 0.578217
v -1.023813 3.915008 0.534846
v -1.011091 3.934089 0.491474
v -0.956945 3.975402 0.480143
v -0.921213 4.028994 0.491474
v -0.908490 4.048075 0.534846
v -0.921213 4.028994 0.578217
v -0.956945 3.975402 0.589548
v -0.992678 3.921812 0.578217
v -1.005401 3.902731 0.534846
v -0.992678 3.921812 0.491474
v -0.975358 3.987680 0.506899
v -0.952234 4.022361 0.513951
v -0.947096 4.030066 0.534846
v -0.952234 4.022361 0.555741
v -0.975358 3.987680 0.562792
v -0.998482 3.952998 0.555741
v -1.003620 3.945293 0.534846
v -0.998482 3.952998 0.513951
v -0.956945 3.975402 0.506899
v -0.933821 4.010084 0.513951
v -0.928683 4.017790 0.534846
v -0.933821 4.010084 0.555741
v -0.956945 3.975402 0.562792
v -0.980070 3.940722 0.555741
v -0.985208 3.933016 0.534846
v -0.980070 3.940722 0.513951
v -1.057220 3.882624 0.523782
v -1.044972 3.863327 0.523782
v -1.022449 3.859440 0.523782
v -0.993458 3.890211 0.523782
v -0.976201 3.928802 0.523782
v -0.988448 3.948101 0.523782
v -1.010971 3.951987 0.523782
v -1.039961 3.921218 0.523782
v -1.057220 3.882624 0.545912
v -1.044972 3.863327 0.545912
v -1.022449 3.859440 0.545912
v -0.993458 3.890211 0.545912
v -0.976201 3.928802 0.545912
v -0.988448 3.948101 0.545912
v -1.010971 3.951987 0.545912
v -1.039961 3.921218 0.545912
v -1.088529 3.876183 0.523782
v -1.065165 3.833042 0.523782
v -1.016357 3.828062 0.523782
v -0.971196 3.875367 0.523782
v -0.944891 3.935244 0.523782
v -0.968255 3.978386 0.523782
v -1.017063 3.983366 0.523782
v -1.062223 3.936061 0.523782
v -1.088529 3.876183 0.545912
v -1.065165 3.833042 0.545912
v -1.016357 3.828062 0.545912
v -0.971196 3.875367 0.545912
v -0.944891 3.935244 0.545912
v -0.968255 3.978386 0.545912
v -1.017063 3.983366 0.545912
v -1.062223 3.936061 0.545912
v -1.075977 3.836773 0.480143
v -1.040244 3.890365 0.491474
v -1.027522 3.909446 0.534846
v -1.040244 3.890365 0.578217
v -1.075977 3.836773 0.589548
v -1.111710 3.783182 0.578217
v -1.124433 3.764101 0.534846
v -1.111710 3.783182 0.491474
v -1.057565 3.824497 0.480143
v -1.021832 3.878087 0.491474
v -1.009110 3.897168 0.534846
v -1.021832 3.878087 0.578217
v -1.057565 3.824497 0.589548
v -1.093298 3.770905 0.578217
v -1.106020 3.751824 0.534846
v -1.093298 3.770905 0.491474
v -1.075977 3.836773 0.506899
v -1.052854 3.871454 0.513951
v -1.047715 3.879159 0.534846
v -1.052854 3.871454 0.555741
v -1.075977 3.836773 0.562792
v -1.099102 3.802092 0.555741
v -1.104239 3.794387 0.534846
v -1.099102 3.802092 0.513951
v -1.057565 3.824497 0.506899
v -1.034441 3.859178 0.513951
v -1.029303 3.866883 0.534846
v -1.034441 3.859178 0.555741
v -1.057565 3.824497 0.562792
v -1.080689 3.789815 0.555741
v -1.085826 3.782110 0.534846
v -1.080689 3.789815 0.513951
v -1.157839 3.731718 0.523782
v -1.145592 3.712420 0.523782
v -1.123069 3.708534 0.523782
v -1.094078 3.739304 0.523782
v -1.076820 3.777897 0.523782
v -1.089068 3.797194 0.523782
v -1.111590 3.801080 0.523782
v -1.140582 3.770311 0.523782
v -1.157839 3.731718 0.545912
v -1.145592 3.712420 0.545912
v -1.123069 3.708534 0.545912
v -1.094078 3.739304 0.545912
v -1.076820 3.777897 0.545912
v -1.089068 3.797194 0.545912
v -1.111590 3.801080 0.545912
v -1.140582 3.770311 0.545912
v -1.189148 3.725276 0.523782
v -1.165786 3.682136 0.523782
v -1.116977 3.677156 0.523782
v -1.071816 3.724461 0.523782
v -1.045512 3.784338 0.523782
v -1.068874 3.827479 0.523782
v -1.117682 3.832459 0.523782
v -1.162843 3.785154 0.523782
v -1.189148 3.725276 0.545912
v -1.165786 3.682136 0.545912
v -1.116977 3.677156 0.545912
v -1.071816 3.724461 0.545912
v -1.045512 3.784338 0.545912
v -1.068874 3.827479 0.545912
v -1.117682 3.832459 0.545912
v -1.162843 3.785154 0.545912
v -1.176111 3.686596 0.480143
v -1.140378 3.740187 0.491474
v -1.127656 3.759268 0.534846
v -1.140378 3.740187 0.578217
v -1.176111 3.686596 0.589548
v -1.211844 3.633005 0.578217
v -1.224566 3.613925 0.534846
v -1.211844 3.633005 0.491474
v -1.157699 3.674319 0.480143
v -1.121966 3.727910 0.491474
v -1.109243 3.746991 0.534846
v -1.121966 3.727910 0.578217
v -1.157699 3.674319 0.589548
v -1.193432 3.620728 0.578217
v -1.206154 3.601647 0.534846
v -1.193432 3.620728 0.491474
v -1.176111 3.686596 0.506899
v -1.152987 3.721277 0.513951
v -1.147850 3.728983 0.534846
v -1.152987 3.721277 0.555741
v -1.176111 3.686596 0.562792
v -1.199236 3.651915 0.555741
v -1.204373 3.644210 0.534846
v -1.199236 3.651915 0.513951
v -1.157699 3.674319 0.506899
v -1.134574 3.709000 0.513951
v -1.129437 3.716706 0.534846
v -1.134574 3.709000 0.555741
v -1.157699 3.674319 0.562792
v -1.180823 3.639638 0.555741
v -1.185961 3.631933 0.534846
v -1.180823 3.639638 0.513951
v -1.210005 3.672166 0.543363
v -1.156612 3.650051 0.543363
v -1.134496 3.596657 0.543363
v -1.156612 3.543264 0.543363
v -1.210005 3.521149 0.543363
v -1.263397 3.543264 0.543363
v -1.285514 3.596657 0.543363
v -1.263397 3.650051 0.543363
v -1.263397 3.650051 0.526333
v -1.285514 3.596657 0.526333
v -1.263397 3.543264 0.526333
v -1.210005 3.521149 0.526333
v -1.156612 3.543264 0.526333
v -1.134496 3.596657 0.526333
v -1.156612 3.650051 0.526333
v -1.210005 3.672166 0.526333
v -1.210005 3.652721 0.526333
v -1.170362 3.636301 0.526333
v -1.153940 3.596657 0.526333
v -1.170362 3.557014 0.526333
v -1.210005 3.540593 0.526333
v -1.249648 3.557014 0.526333
v -1.266069 3.596657 0.526333
v -1.249648 3.636301 0.526333
v -1.249648 3.636301 0.543363
v -1.266069 3.596657 0.543363
v -1.249648 3.557014 0.543363
v -1.210005 3.540593 0.543363
v -1.170362 3.557014 0.543363
v -1.153940 3.596657 0.543363
v -1.170362 3.636301 0.543363
v -1.210005 3.652721 0.543363
v -0.794050 4.241912 0.543363
v -0.754406 4.225491 0.543363
v -0.737985 4.185848 0.543363
v -0.754406 4.146205 0.543363
v -0.794050 4.129784 0.543363
v -0.833693 4.146205 0.543363
v -0.850114 4.185848 0.543363
v -0.833693 4.225491 0.543363
v -0.833693 4.225491 0.526333
v -0.850114 4.185848 0.526333
v -0.833693 4.146205 0.526333
v -0.794050 4.129784 0.526333
v -0.754406 4.146205 0.526333
v -0.737985 4.185848 0.526333
v -0.754406 4.225491 0.526333
v -0.794050 4.241912 0.526333
v -0.794050 4.261357 0.526333
v -0.740657 4.239241 0.526333
v -0.718541 4.185848 0.526333
v -0.740657 4.132455 0.526333
v -0.794050 4.110339 0.526333
v -0.847442 4.132455 0.526333
v -0.869559 4.185848 0.526333
v -0.847442 4.239241 0.526333
v -0.847442 4.239241 0.543363
v -0.869559 4.185848 0.543363
v -0.847442 4.132455 0.543363
v -0.794050 4.110339 0.543363
v -0.740657 4.132455 0.543363
v -0.718541 4.185848 0.543363
v -0.740657 4.239241 0.543363
v -0.794050 4.261357 0.543363
v -0.184224 4.137267 -0.211252
v -0.172892 4.190858 -0.175519
v -0.129521 4.209939 -0.162797
v -0.086150 4.190858 -0.175519
v -0.074818 4.137267 -0.211252
v -0.086150 4.083676 -0.246985
v -0.129521 4.064595 -0.259707
v -0.172892 4.083676 -0.246985
v -0.184224 4.124991 -0.192840
v -0.172892 4.178581 -0.157107
v -0.129521 4.197662 -0.144384
v -0.086150 4.178581 -0.157107
v -0.074818 4.124991 -0.192840
v -0.086150 4.071400 -0.228572
v -0.129521 4.052319 -0.241295
v -0.172892 4.071400 -0.228572
v -0.157468 4.137267 -0.211252
v -0.150416 4.171948 -0.188128
v -0.129521 4.179654 -0.182990
v -0.108626 4.171948 -0.188128
v -0.101574 4.137267 -0.211252
v -0.108626 4.102587 -0.234376
v -0.129521 4.094881 -0.239514
v -0.150416 4.102587 -0.234376
v -0.157468 4.124991 -0.192840
v -0.150416 4.159671 -0.169715
v -0.129521 4.167377 -0.164578
v -0.108626 4.159671 -0.169715
v -0.101574 4.124991 -0.192840
v -0.108626 4.090309 -0.215964
v -0.129521 4.082603 -0.221102
v -0.150416 4.090309 -0.215964
v -0.140585 4.032212 -0.293113
v -0.140585 4.012914 -0.280866
v -0.140585 4.009027 -0.258344
v -0.140585 4.039798 -0.229352
v -0.140585 4.078390 -0.212095
v -0.140585 4.097688 -0.224342
v -0.140585 4.101574 -0.246865
v -0.140585 4.070805 -0.275856
v -0.118455 4.032212 -0.293113
v -0.118455 4.012914 -0.280866
v -0.118455 4.009027 -0.258344
v -0.118455 4.039798 -0.229352
v -0.118455 4.078390 -0.212095
v -0.118455 4.097688 -0.224342
v -0.118455 4.101574 -0.246865
v -0.118455 4.070805 -0.275856
v -0.140585 4.025770 -0.324423
v -0.140585 3.982629 -0.301059
v -0.140585 3.977649 -0.252252
v -0.140585 4.024955 -0.207090
v -0.140585 4.084832 -0.180786
v -0.140585 4.127973 -0.204149
v -0.140585 4.132953 -0.252957
v -0.140585 4.085648 -0.298117
v -0.118455 4.025770 -0.324423
v -0.118455 3.982629 -0.301059
v -0.118455 3.977649 -0.252252
v -0.118455 4.024955 -0.207090
v -0.118455 4.084832 -0.180786
v -0.118455 4.127973 -0.204149
v -0.118455 4.132953 -0.252957
v -0.118455 4.085648 -0.298117
v -0.184224 3.987680 -0.310993
v -0.172892 4.041270 -0.275260
v -0.129521 4.060352 -0.262537
v -0.086150 4.041270 -0.275260
v -0.074818 3.987680 -0.310993
v -0.086150 3.934088 -0.346725
v -0.129521 3.915008 -0.359447
v -0.172892 3.934088 -0.346725
v -0.184224 3.975402 -0.292580
v -0.172892 4.028994 -0.256847
v -0.129521 4.048075 -0.244125
v -0.086150 4.028994 -0.256847
v -0.074818 3.975402 -0.292580
v -0.086150 3.921811 -0.328313
v -0.129521 3.902731 -0.341035
v -0.172892 3.921811 -0.328313
v -0.157468 3.987680 -0.310993
v -0.150416 4.022361 -0.287868
v -0.129521 4.030066 -0.282731
v -0.108626 4.022361 -0.287868
v -0.101574 3.987680 -0.310993
v -0.108626 3.952998 -0.334117
v -0.129521 3.945293 -0.339255
v -0.150416 3.952998 -0.334117
v -0.157468 3.975402 -0.292580
v -0.150416 4.010084 -0.269456
v -0.129521 4.017790 -0.264318
v -0.108626 4.010084 -0.269456
v -0.101574 3.975402 -0.292580
v -0.108626 3.940722 -0.315704
v -0.129521 3.933016 -0.320842
v -0.150416 3.940722 -0.315704
v -0.140585 3.882624 -0.392854
v -0.140585 3.863327 -0.380607
v -0.140585 3.859440 -0.358084
v -0.140585 3.890210 -0.329092
v -0.140585 3.928802 -0.311835
v -0.140585 3.948100 -0.324082
v -0.140585 3.951987 -0.346605
v -0.140585 3.921218 -0.375596
v -0.118455 3.882624 -0.392854
v -0.118455 3.863327 -0.380607
v -0.118455 3.859440 -0.358084
v -0.118455 3.890210 -0.329092
v -0.118455 3.928802 -0.311835
v -0.118455 3.948100 -0.324082
v -0.118455 3.951987 -0.346605
v -0.118455 3.921218 -0.375596
v -0.140585 3.876183 -0.424163
v -0.140585 3.833041 -0.400800
v -0.140585 3.828062 -0.351992
v -0.140585 3.875367 -0.306831
v -0.140585 3.935244 -0.280526
v -0.140585 3.978386 -0.303889
v -0.140585 3.983365 -0.352697
v -0.140585 3.936061 -0.397858
v -0.118455 3.876183 -0.424163
v -0.118455 3.833041 -0.400800
v -0.118455 3.828062 -0.351992
v -0.118455 3.875367 -0.306831
v -0.118455 3.935244 -0.280526
v -0.118455 3.978386 -0.303889
v -0.118455 3.983365 -0.352697
v -0.118455 3.936061 -0.397858
v -0.184224 3.836773 -0.411612
v -0.172892 3.890364 -0.375879
v -0.129521 3.909446 -0.363156
v -0.086150 3.890364 -0.375879
v -0.074818 3.836773 -0.411612
v -0.086150 3.783182 -0.447344
v -0.129521 3.764101 -0.460067
v -0.172892 3.783182 -0.447344
v -0.184224 3.824497 -0.393199
v -0.172892 3.878087 -0.357466
v -0.129521 3.897167 -0.344745
v -0.086150 3.878087 -0.357466
v -0.074818 3.824497 -0.393199
v -0.086150 3.770905 -0.428933
v -0.129521 3.751824 -0.441654
v -0.172892 3.770905 -0.428933
v -0.157468 3.836773 -0.411612
v -0.150416 3.871454 -0.388488
v -0.129521 3.879159 -0.383350
v -0.108626 3.871454 -0.388488
v -0.101574 3.836773 -0.411612
v -0.108626 3.802092 -0.434736
v -0.129521 3.794387 -0.439874
v -0.150416 3.802092 -0.434736
v -0.157468 3.824497 -0.393199
v -0.150416 3.859177 -0.370076
v -0.129521 3.866883 -0.364937
v -0.108626 3.859177 -0.370076
v -0.101574 3.824497 -0.393199
v -0.108626 3.789815 -0.416324
v -0.129521 3.782110 -0.421461
v -0.150416 3.789815 -0.416324
v -0.140585 3.731718 -0.493474
v -0.140585 3.712420 -0.481227
v -0.140585 3.708534 -0.458704
v -0.140585 3.739303 -0.429712
v -0.140585 3.777897 -0.412455
v -0.140585 3.797193 -0.424702
v -0.140585 3.801080 -0.447224
v -0.140585 3.770311 -0.476216
v -0.118455 3.731718 -0.493474
v -0.118455 3.712420 -0.481227
v -0.118455 3.708534 -0.458704
v -0.118455 3.739303 -0.429712
v -0.118455 3.777897 -0.412455
v -0.118455 3.797193 -0.424702
v -0.118455 3.801080 -0.447224
v -0.118455 3.770311 -0.476216
v -0.140585 3.725276 -0.524783
v -0.140585 3.682135 -0.501420
v -0.140585 3.677156 -0.452612
v -0.140585 3.724460 -0.407450
v -0.140585 3.784338 -0.381146
v -0.140585 3.827479 -0.404509
v -0.140585 3.832459 -0.453316
v -0.140585 3.785154 -0.498477
v -0.118455 3.725276 -0.524783
v -0.118455 3.682135 -0.501420
v -0.118455 3.677156 -0.452612
v -0.118455 3.724460 -0.407450
v -0.118455 3.784338 -0.381146
v -0.118455 3.827479 -0.404509
v -0.118455 3.832459 -0.453316
v -0.118455 3.785154 -0.498477
v -0.184224 3.686596 -0.511746
v -0.172892 3.740187 -0.476013
v -0.129521 3.759268 -0.463290
v -0.086150 3.740187 -0.476013
v -0.074818 3.686596 -0.511746
v -0.086150 3.633005 -0.547478
v -0.129521 3.613924 -0.560201
v -0.172892 3.633005 -0.547478
v -0.184224 3.674319 -0.493333
v -0.172892 3.727910 -0.457600
v -0.129521 3.746991 -0.444878
v -0.086150 3.727910 -0.457600
v -0.074818 3.674319 -0.493333
v -0.086150 3.620728 -0.529066
v -0.129521 3.601647 -0.541789
v -0.172892 3.620728 -0.529066
v -0.157468 3.686596 -0.511746
v -0.150416 3.721277 -0.488621
v -0.129521 3.728983 -0.483484
v -0.108626 3.721277 -0.488621
v -0.101574 3.686596 -0.511746
v -0.108626 3.651914 -0.534870
v -0.129521 3.644210 -0.540008
v -0.150416 3.651914 -0.534870
v -0.157468 3.674319 -0.493333
v -0.150416 3.709000 -0.470208
v -0.129521 3.716706 -0.465071
v -0.108626 3.709000 -0.470208
v -0.101574 3.674319 -0.493333
v -0.108626 3.639638 -0.516458
v -0.129521 3.631932 -0.521595
v -0.150416 3.639638 -0.516458
v -0.121004 3.672166 -0.545639
v -0.121004 3.650050 -0.492247
v -0.121004 3.596657 -0.470130
v -0.121004 3.543264 -0.492247
v -0.121004 3.521148 -0.545639
v -0.121004 3.543264 -0.599032
v -0.121004 3.596657 -0.621148
v -0.121004 3.650050 -0.599032
v -0.138034 3.650050 -0.599032
v -0.138034 3.596657 -0.621148
v -0.138034 3.543264 -0.599032
v -0.138034 3.521148 -0.545639
v -0.138034 3.543264 -0.492247
v -0.138034 3.596657 -0.470130
v -0.138034 3.650050 -0.492247
v -0.138034 3.672166 -0.545639
v -0.138034 3.652721 -0.545639
v -0.138034 3.636300 -0.505996
v -0.138034 3.596657 -0.489575
v -0.138034 3.557014 -0.505996
v -0.138034 3.540593 -0.545639
v -0.138034 3.557014 -0.585283
v -0.138034 3.596657 -0.601704
v -0.138034 3.636300 -0.585283
v -0.121004 3.636300 -0.585283
v -0.121004 3.596657 -0.601704
v -0.121004 3.557014 -0.585283
v -0.121004 3.540593 -0.545639
v -0.121004 3.557014 -0.505996
v -0.121004 3.596657 -0.489575
v -0.121004 3.636300 -0.505996
v -0.121004 3.652721 -0.545639
v -0.150416 4.090309 1.285658
v -0.129521 4.082603 1.290796
v -0.108626 4.090309 1.285658
v -0.101574 4.124991 1.262534
v -0.108626 4.159671 1.239409
v -0.129521 4.167377 1.234272
v -0.150416 4.159671 1.239409
v -0.157468 4.124991 1.262534
v -0.150416 4.102587 1.304070
v -0.129521 4.094881 1.309208
v -0.108626 4.102587 1.304070
v -0.101574 4.137267 1.280946
v -0.108626 4.171948 1.257822
v -0.129521 4.179654 1.252684
v -0.150416 4.171948 1.257822
v -0.157468 4.137267 1.280946
v -0.172892 4.071400 1.298266
v -0.129521 4.052319 1.310989
v -0.086150 4.071400 1.298266
v -0.074818 4.124991 1.262534
v -0.086150 4.178581 1.226801
v -0.129521 4.197662 1.214078
v -0.172892 4.178581 1.226801
v -0.184224 4.124991 1.262534
v -0.172892 4.083676 1.316679
v -0.129521 4.064595 1.329401
v -0.086150 4.083676 1.316679
v -0.074818 4.137267 1.280946
v -0.086150 4.190858 1.245213
v -0.129521 4.209939 1.232491
v -0.172892 4.190858 1.245213
v -0.184224 4.137267 1.280946
v -0.121004 4.241912 -0.129684
v -0.121004 4.225491 -0.090041
v -0.121004 4.185848 -0.073620
v -0.121004 4.146205 -0.090041
v -0.121004 4.129784 -0.129684
v -0.121004 4.146205 -0.169327
v -0.121004 4.185848 -0.185749
v -0.121004 4.225491 -0.169327
v -0.138034 4.225491 -0.169327
v -0.138034 4.185848 -0.185749
v -0.138034 4.146205 -0.169327
v -0.138034 4.129784 -0.129684
v -0.138034 4.146205 -0.090041
v -0.138034 4.185848 -0.073620
v -0.138034 4.225491 -0.090041
v -0.138034 4.241912 -0.129684
v -0.138034 4.261357 -0.129684
v -0.138034 4.239241 -0.076292
v -0.138034 4.185848 -0.054175
v -0.138034 4.132455 -0.076292
v -0.138034 4.110339 -0.129684
v -0.138034 4.132455 -0.183077
v -0.138034 4.185848 -0.205193
v -0.138034 4.239241 -0.183077
v -0.121004 4.239241 -0.183077
v -0.121004 4.185848 -0.205193
v -0.121004 4.132455 -0.183077
v -0.121004 4.110339 -0.129684
v -0.121004 4.132455 -0.076292
v -0.121004 4.185848 -0.054175
v -0.121004 4.239241 -0.076292
v -0.121004 4.261357 -0.129684
v -0.140585 4.032212 1.362808
v -0.140585 4.012914 1.350560
v -0.140585 4.009027 1.328038
v -0.140585 4.039798 1.299046
v -0.140585 4.078390 1.281789
v -0.140585 4.097688 1.294036
v -0.140585 4.101574 1.316559
v -0.140585 4.070805 1.345549
v -0.118455 4.032212 1.362808
v -0.118455 4.012914 1.350560
v -0.118455 4.009027 1.328038
v -0.118455 4.039798 1.299046
v -0.118455 4.078390 1.281789
v -0.118455 4.097688 1.294036
v -0.118455 4.101574 1.316559
v -0.118455 4.070805 1.345549
v -0.140585 4.025770 1.394117
v -0.140585 3.982630 1.370753
v -0.140585 3.977649 1.321946
v -0.140585 4.024955 1.276785
v -0.140585 4.084832 1.250480
v -0.140585 4.127973 1.273843
v -0.140585 4.132953 1.322651
v -0.140585 4.085648 1.367811
v -0.118455 4.025770 1.394117
v -0.118455 3.982630 1.370753
v -0.118455 3.977649 1.321946
v -0.118455 4.024955 1.276785
v -0.118455 4.084832 1.250480
v -0.118455 4.127973 1.273843
v -0.118455 4.132953 1.322651
v -0.118455 4.085648 1.367811
v -0.184224 3.987680 1.380687
v -0.172892 4.041270 1.344954
v -0.129521 4.060352 1.332231
v -0.086150 4.041270 1.344954
v -0.074818 3.987680 1.380687
v -0.086150 3.934089 1.416419
v -0.129521 3.915008 1.429141
v -0.172892 3.934089 1.416419
v -0.184224 3.975403 1.362274
v -0.172892 4.028994 1.326541
v -0.129521 4.048075 1.313819
v -0.086150 4.028994 1.326541
v -0.074818 3.975403 1.362274
v -0.086150 3.921812 1.398007
v -0.129521 3.902731 1.410729
v -0.172892 3.921812 1.398007
v -0.157468 3.987680 1.380687
v -0.150416 4.022361 1.357562
v -0.129521 4.030066 1.352424
v -0.108626 4.022361 1.357562
v -0.101574 3.987680 1.380687
v -0.108626 3.952998 1.403811
v -0.129521 3.945293 1.408949
v -0.150416 3.952998 1.403811
v -0.157468 3.975403 1.362274
v -0.150416 4.010084 1.339150
v -0.129521 4.017790 1.334012
v -0.108626 4.010084 1.339150
v -0.101574 3.975403 1.362274
v -0.108626 3.940722 1.385398
v -0.129521 3.933017 1.390536
v -0.150416 3.940722 1.385398
v -0.140585 3.882624 1.462548
v -0.140585 3.863327 1.450301
v -0.140585 3.859441 1.427778
v -0.140585 3.890211 1.398786
v -0.140585 3.928803 1.381530
v -0.140585 3.948101 1.393776
v -0.140585 3.951987 1.416300
v -0.140585 3.921218 1.445290
v -0.118455 3.882624 1.462548
v -0.118455 3.863327 1.450301
v -0.118455 3.859441 1.427778
v -0.118455 3.890211 1.398786
v -0.118455 3.928803 1.381530
v -0.118455 3.948101 1.393776
v -0.118455 3.951987 1.416300
v -0.118455 3.921218 1.445290
v -0.140585 3.876183 1.493857
v -0.140585 3.833042 1.470494
v -0.140585 3.828062 1.421686
v -0.140585 3.875367 1.376525
v -0.140585 3.935244 1.350220
v -0.140585 3.978386 1.373583
v -0.140585 3.983366 1.422391
v -0.140585 3.936061 1.467552
v -0.118455 3.876183 1.493857
v -0.118455 3.833042 1.470494
v -0.118455 3.828062 1.421686
v -0.118455 3.875367 1.376525
v -0.118455 3.935244 1.350220
v -0.118455 3.978386 1.373583
v -0.118455 3.983366 1.422391
v -0.118455 3.936061 1.467552
v -0.184224 3.836774 1.481306
v -0.172892 3.890365 1.445573
v -0.129521 3.909446 1.432850
v -0.086150 3.890365 1.445573
v -0.074818 3.836774 1.481306
v -0.086150 3.783182 1.517038
v -0.129521 3.764101 1.529761
v -0.172892 3.783182 1.517038
v -0.184224 3.824497 1.462893
v -0.172892 3.878087 1.427161
v -0.129521 3.897168 1.414439
v -0.086150 3.878087 1.427161
v -0.074818 3.824497 1.462893
v -0.086150 3.770906 1.498627
v -0.129521 3.751825 1.511349
v -0.172892 3.770906 1.498627
v -0.157468 3.836774 1.481306
v -0.150416 3.871454 1.458182
v -0.129521 3.879160 1.453044
v -0.108626 3.871454 1.458182
v -0.101574 3.836774 1.481306
v -0.108626 3.802092 1.504431
v -0.129521 3.794387 1.509568
v -0.150416 3.802092 1.504431
v -0.157468 3.824497 1.462893
v -0.150416 3.859178 1.439770
v -0.129521 3.866883 1.434631
v -0.108626 3.859178 1.439770
v -0.101574 3.824497 1.462893
v -0.108626 3.789816 1.486018
v -0.129521 3.782110 1.491155
v -0.150416 3.789816 1.486018
v -0.140585 3.731718 1.563168
v -0.140585 3.712421 1.550921
v -0.140585 3.708534 1.528398
v -0.140585 3.739304 1.499407
v -0.140585 3.777897 1.482149
v -0.140585 3.797194 1.494397
v -0.140585 3.801080 1.516919
v -0.140585 3.770311 1.545910
v -0.118455 3.731718 1.563168
v -0.118455 3.712421 1.550921
v -0.118455 3.708534 1.528398
v -0.118455 3.739304 1.499407
v -0.118455 3.777897 1.482149
v -0.118455 3.797194 1.494397
v -0.118455 3.801080 1.516919
v -0.118455 3.770311 1.545910
v -0.140585 3.725276 1.594477
v -0.140585 3.682136 1.571114
v -0.140585 3.677156 1.522306
v -0.140585 3.724461 1.477145
v -0.140585 3.784338 1.450840
v -0.140585 3.827480 1.474203
v -0.140585 3.832459 1.523010
v -0.140585 3.785155 1.568171
v -0.118455 3.725276 1.594477
v -0.118455 3.682136 1.571114
v -0.118455 3.677156 1.522306
v -0.118455 3.724461 1.477145
v -0.118455 3.784338 1.450840
v -0.118455 3.827480 1.474203
v -0.118455 3.832459 1.523010
v -0.118455 3.785155 1.568171
v -0.184224 3.686596 1.581440
v -0.172892 3.740187 1.545707
v -0.129521 3.759268 1.532985
v -0.086150 3.740187 1.545707
v -0.074818 3.686596 1.581440
v -0.086150 3.633005 1.617172
v -0.129521 3.613925 1.629895
v -0.172892 3.633005 1.617172
v -0.184224 3.674320 1.563027
v -0.172892 3.727910 1.527295
v -0.129521 3.746991 1.514572
v -0.086150 3.727910 1.527295
v -0.074818 3.674320 1.563027
v -0.086150 3.620728 1.598760
v -0.129521 3.601648 1.611483
v -0.172892 3.620728 1.598760
v -0.157468 3.686596 1.581440
v -0.150416 3.721277 1.558315
v -0.129521 3.728983 1.553178
v -0.108626 3.721277 1.558315
v -0.101574 3.686596 1.581440
v -0.108626 3.651915 1.604564
v -0.129521 3.644210 1.609702
v -0.150416 3.651915 1.604564
v -0.157468 3.674320 1.563027
v -0.150416 3.709000 1.539903
v -0.129521 3.716706 1.534766
v -0.108626 3.709000 1.539903
v -0.101574 3.674320 1.563027
v -0.108626 3.639639 1.586152
v -0.129521 3.631933 1.591289
v -0.150416 3.639639 1.586152
v -0.121004 3.672167 1.615333
v -0.121004 3.650051 1.561941
v -0.121004 3.596658 1.539824
v -0.121004 3.543265 1.561941
v -0.121004 3.521149 1.615333
v -0.121004 3.543265 1.668726
v -0.121004 3.596658 1.690842
v -0.121004 3.650051 1.668726
v -0.138034 3.650051 1.668726
v -0.138034 3.596658 1.690842
v -0.138034 3.543265 1.668726
v -0.138034 3.521149 1.615333
v -0.138034 3.543265 1.561941
v -0.138034 3.596658 1.539824
v -0.138034 3.650051 1.561941
v -0.138034 3.672167 1.615333
v -0.138034 3.652722 1.615333
v -0.138034 3.636301 1.575690
v -0.138034 3.596658 1.559269
v -0.138034 3.557015 1.575690
v -0.138034 3.540593 1.615333
v -0.138034 3.557015 1.654976
v -0.138034 3.596658 1.671398
v -0.138034 3.636301 1.654976
v -0.121004 3.636301 1.654976
v -0.121004 3.596658 1.671398
v -0.121004 3.557015 1.654976
v -0.121004 3.540593 1.615333
v -0.121004 3.557015 1.575690
v -0.121004 3.596658 1.559269
v -0.121004 3.636301 1.575690
v -0.121004 3.652722 1.615333
v -0.121004 4.241912 1.199378
v -0.121004 4.225491 1.159735
v -0.121004 4.185848 1.143314
v -0.121004 4.146205 1.159735
v -0.121004 4.129784 1.199378
v -0.121004 4.146205 1.239022
v -0.121004 4.185848 1.255443
v -0.121004 4.225491 1.239022
v -0.138034 4.225491 1.239022
v -0.138034 4.185848 1.255443
v -0.138034 4.146205 1.239022
v -0.138034 4.129784 1.199378
v -0.138034 4.146205 1.159735
v -0.138034 4.185848 1.143314
v -0.138034 4.225491 1.159735
v -0.138034 4.241912 1.199378
v -0.138034 4.261357 1.199378
v -0.138034 4.239241 1.145986
v -0.138034 4.185848 1.123869
v -0.138034 4.132455 1.145986
v -0.138034 4.110339 1.199378
v -0.138034 4.132455 1.252771
v -0.138034 4.185848 1.274887
v -0.138034 4.239241 1.252771
v -0.121004 4.239241 1.252771
v -0.121004 4.185848 1.274887
v -0.121004 4.132455 1.252771
v -0.121004 4.110339 1.199378
v -0.121004 4.132455 1.145986
v -0.121004 4.185848 1.123869
v -0.121004 4.239241 1.145986
v -0.121004 4.261357 1.199378
v -0.249245 4.634529 0.517190
v -0.222684 4.657804 0.517190
v -0.225970 4.607967 0.517190
v -0.199409 4.631242 0.517190
v -0.249245 4.634529 0.552505
v -0.222684 4.657804 0.552505
v -0.225970 4.607967 0.552505
v -0.199409 4.631242 0.552505
v -0.761883 4.440488 0.552505
v -0.761883 4.440488 0.517190
v -0.762150 4.475804 0.517190
v -0.762150 4.475804 0.552505
v -0.146800 4.475804 -0.098160
v -0.111485 4.475804 -0.098160
v -0.111485 4.440488 -0.097893
v -0.146800 4.440488 -0.097893
v -0.146800 4.631242 0.464581
v -0.146800 4.607967 0.438020
v -0.146800 4.657804 0.441306
v -0.146800 4.634529 0.414745
v -0.111485 4.631242 0.464581
v -0.111485 4.607967 0.438020
v -0.111485 4.657804 0.441306
v -0.111485 4.634529 0.414745
v -0.009040 4.634529 0.552505
v -0.035601 4.657804 0.552505
v -0.032314 4.607967 0.552505
v -0.058875 4.631242 0.552505
v -0.009040 4.634529 0.517190
v -0.035601 4.657804 0.517190
v -0.032314 4.607967 0.517190
v -0.058875 4.631242 0.517190
v 0.503598 4.440488 0.517190
v 0.503598 4.440488 0.552505
v 0.503865 4.475804 0.552505
v 0.503865 4.475804 0.517190
v -0.111484 4.475804 1.167855
v -0.146800 4.475804 1.167855
v -0.146800 4.440488 1.167588
v -0.111484 4.440488 1.167588
v -0.111484 4.631242 0.605114
v -0.111484 4.607967 0.631675
v -0.111484 4.657804 0.628389
v -0.111484 4.634529 0.654950
v -0.146800 4.631242 0.605114
v -0.146800 4.607967 0.631675
v -0.146800 4.657804 0.628389
v -0.146800 4.634529 0.654950
v -0.008739 4.673715 0.414445
v -0.008739 4.635418 0.414445
v -0.008739 4.673715 0.655250
v -0.008739 4.635418 0.655250
v -0.249544 4.673715 0.414445
v -0.249544 4.635418 0.414445
v -0.249544 4.673715 0.655250
v -0.249544 4.635418 0.655250
v -0.108663 6.067957 0.523781
v -0.129558 6.058696 0.523781
v -0.150453 6.067957 0.523781
v -0.157505 6.109641 0.523781
v -0.150453 6.151324 0.523781
v -0.129558 6.160585 0.523781
v -0.108663 6.151324 0.523781
v -0.101612 6.109641 0.523781
v -0.108663 6.067957 0.545911
v -0.129558 6.058696 0.545911
v -0.150453 6.067957 0.545911
v -0.157505 6.109641 0.545911
v -0.150453 6.151324 0.545911
v -0.129558 6.160585 0.545911
v -0.108663 6.151324 0.545911
v -0.101612 6.109641 0.545911
v -0.086187 6.045229 0.523781
v -0.129558 6.022296 0.523781
v -0.172930 6.045229 0.523781
v -0.184261 6.109641 0.523781
v -0.172930 6.174052 0.523781
v -0.129558 6.196985 0.523781
v -0.086187 6.174052 0.523781
v -0.074856 6.109641 0.523781
v -0.086187 6.045229 0.545911
v -0.129558 6.022296 0.545911
v -0.172930 6.045229 0.545911
v -0.184261 6.109641 0.545911
v -0.172930 6.174052 0.545911
v -0.129558 6.196985 0.545911
v -0.086187 6.174052 0.545911
v -0.074856 6.109641 0.545911
v -0.118493 6.019403 0.480143
v -0.118493 6.083814 0.491474
v -0.118493 6.106747 0.534845
v -0.118493 6.083814 0.578217
v -0.118493 6.019403 0.589548
v -0.118493 5.954990 0.578217
v -0.118493 5.932057 0.534845
v -0.118493 5.954990 0.491474
v -0.140623 6.019403 0.480143
v -0.140623 6.083814 0.491474
v -0.140623 6.106747 0.534845
v -0.140623 6.083814 0.578217
v -0.140623 6.019403 0.589548
v -0.140623 5.954990 0.578217
v -0.140623 5.932057 0.534845
v -0.140623 5.954990 0.491474
v -0.118493 6.019403 0.506899
v -0.118493 6.061086 0.513950
v -0.118493 6.070347 0.534845
v -0.118493 6.061086 0.555740
v -0.118493 6.019403 0.562792
v -0.118493 5.977718 0.555740
v -0.118493 5.968458 0.534845
v -0.118493 5.977718 0.513950
v -0.140623 6.019403 0.506899
v -0.140623 6.061086 0.513950
v -0.140623 6.070347 0.534845
v -0.140623 6.061086 0.555740
v -0.140623 6.019403 0.562792
v -0.140623 5.977718 0.555740
v -0.140623 5.968458 0.534845
v -0.140623 5.977718 0.513950
v -0.108663 5.886581 0.523781
v -0.129558 5.877320 0.523781
v -0.150453 5.886581 0.523781
v -0.157505 5.928266 0.523781
v -0.150453 5.969949 0.523781
v -0.129558 5.979210 0.523781
v -0.108663 5.969949 0.523781
v -0.101612 5.928266 0.523781
v -0.108663 5.886581 0.545911
v -0.129558 5.877320 0.545911
v -0.150453 5.886581 0.545911
v -0.157505 5.928266 0.545911
v -0.150453 5.969949 0.545911
v -0.129558 5.979210 0.545911
v -0.108663 5.969949 0.545911
v -0.101612 5.928266 0.545911
v -0.086187 5.863853 0.523781
v -0.129558 5.840920 0.523781
v -0.172930 5.863853 0.523781
v -0.184261 5.928266 0.523781
v -0.172930 5.992677 0.523781
v -0.129558 6.015610 0.523781
v -0.086187 5.992677 0.523781
v -0.074856 5.928266 0.523781
v -0.086187 5.863853 0.545911
v -0.129558 5.840920 0.545911
v -0.172930 5.863853 0.545911
v -0.184261 5.928266 0.545911
v -0.172930 5.992677 0.545911
v -0.129558 6.015610 0.545911
v -0.086187 5.992677 0.545911
v -0.074856 5.928266 0.545911
v -0.118493 5.838903 0.480143
v -0.118493 5.903315 0.491474
v -0.118493 5.926249 0.534845
v -0.118493 5.903315 0.578217
v -0.118493 5.838903 0.589548
v -0.118493 5.774492 0.578217
v -0.118493 5.751558 0.534845
v -0.118493 5.774492 0.491474
v -0.140623 5.838903 0.480143
v -0.140623 5.903315 0.491474
v -0.140623 5.926249 0.534845
v -0.140623 5.903315 0.578217
v -0.140623 5.838903 0.589548
v -0.140623 5.774492 0.578217
v -0.140623 5.751558 0.534845
v -0.140623 5.774492 0.491474
v -0.118493 5.838903 0.506899
v -0.118493 5.880587 0.513950
v -0.118493 5.889848 0.534845
v -0.118493 5.880587 0.555740
v -0.118493 5.838903 0.562792
v -0.118493 5.797220 0.555740
v -0.118493 5.787958 0.534845
v -0.118493 5.797220 0.513950
v -0.140623 5.838903 0.506899
v -0.140623 5.880587 0.513950
v -0.140623 5.889848 0.534845
v -0.140623 5.880587 0.555740
v -0.140623 5.838903 0.562792
v -0.140623 5.797220 0.555740
v -0.140623 5.787958 0.534845
v -0.140623 5.797220 0.513950
v -0.108663 5.706082 0.523781
v -0.129558 5.696821 0.523781
v -0.150453 5.706082 0.523781
v -0.157505 5.747766 0.523781
v -0.150453 5.789450 0.523781
v -0.129558 5.798711 0.523781
v -0.108663 5.789450 0.523781
v -0.101612 5.747766 0.523781
v -0.108663 5.706082 0.545911
v -0.129558 5.696821 0.545911
v -0.150453 5.706082 0.545911
v -0.157505 5.747766 0.545911
v -0.150453 5.789450 0.545911
v -0.129558 5.798711 0.545911
v -0.108663 5.789450 0.545911
v -0.101612 5.747766 0.545911
v -0.086187 5.683354 0.523781
v -0.129558 5.660421 0.523781
v -0.172930 5.683354 0.523781
v -0.184261 5.747766 0.523781
v -0.172930 5.812178 0.523781
v -0.129558 5.835111 0.523781
v -0.086187 5.812178 0.523781
v -0.074856 5.747766 0.523781
v -0.086187 5.683354 0.545911
v -0.129558 5.660421 0.545911
v -0.172930 5.683354 0.545911
v -0.184261 5.747766 0.545911
v -0.172930 5.812178 0.545911
v -0.129558 5.835111 0.545911
v -0.086187 5.812178 0.545911
v -0.074856 5.747766 0.545911
v -0.118493 5.659635 0.480143
v -0.118493 5.724046 0.491474
v -0.118493 5.746979 0.534845
v -0.118493 5.724045 0.578217
v -0.118493 5.659634 0.589548
v -0.118493 5.595222 0.578217
v -0.118493 5.572289 0.534845
v -0.118493 5.595223 0.491474
v -0.140623 5.659635 0.480143
v -0.140623 5.724046 0.491474
v -0.140623 5.746979 0.534845
v -0.140623 5.724045 0.578217
v -0.140623 5.659634 0.589548
v -0.140623 5.595222 0.578217
v -0.140623 5.572289 0.534845
v -0.140623 5.595223 0.491474
v -0.118493 5.659635 0.506899
v -0.118493 5.701317 0.513950
v -0.118493 5.710579 0.534845
v -0.118493 5.701317 0.555740
v -0.118493 5.659634 0.562792
v -0.118493 5.617950 0.555740
v -0.118493 5.608689 0.534845
v -0.118493 5.617951 0.513950
v -0.140623 5.659635 0.506899
v -0.140623 5.701317 0.513950
v -0.140623 5.710579 0.534845
v -0.140623 5.701317 0.555740
v -0.140623 5.659634 0.562792
v -0.140623 5.617950 0.555740
v -0.140623 5.608690 0.534845
v -0.140623 5.617951 0.513950
v -0.108663 5.526814 0.523781
v -0.129558 5.517551 0.523781
v -0.150453 5.526814 0.523781
v -0.157505 5.568497 0.523781
v -0.150453 5.610181 0.523781
v -0.129558 5.619442 0.523781
v -0.108663 5.610181 0.523781
v -0.101612 5.568497 0.523781
v -0.108663 5.526814 0.545911
v -0.129558 5.517551 0.545911
v -0.150453 5.526814 0.545911
v -0.157505 5.568497 0.545911
v -0.150453 5.610180 0.545911
v -0.129558 5.619441 0.545911
v -0.108663 5.610180 0.545911
v -0.101612 5.568497 0.545911
v -0.086187 5.504086 0.523781
v -0.129558 5.481152 0.523781
v -0.172930 5.504086 0.523781
v -0.184261 5.568498 0.523781
v -0.172930 5.632909 0.523781
v -0.129558 5.655842 0.523781
v -0.086187 5.632908 0.523781
v -0.074856 5.568497 0.523781
v -0.086187 5.504086 0.545911
v -0.129558 5.481152 0.545911
v -0.172930 5.504086 0.545911
v -0.184261 5.568498 0.545911
v -0.172930 5.632908 0.545911
v -0.129558 5.655842 0.545911
v -0.086187 5.632908 0.545911
v -0.074856 5.568497 0.545911
v -0.118493 5.479674 0.480143
v -0.118493 5.544086 0.491474
v -0.118493 5.567019 0.534845
v -0.118493 5.544086 0.578217
v -0.118493 5.479674 0.589548
v -0.118493 5.415263 0.578217
v -0.118493 5.392329 0.534845
v -0.118493 5.415263 0.491474
v -0.140623 5.479674 0.480143
v -0.140623 5.544086 0.491474
v -0.140623 5.567019 0.534845
v -0.140623 5.544086 0.578217
v -0.140623 5.479674 0.589548
v -0.140623 5.415263 0.578217
v -0.140623 5.392329 0.534845
v -0.140623 5.415263 0.491474
v -0.118493 5.479674 0.506899
v -0.118493 5.521358 0.513950
v -0.118493 5.530619 0.534845
v -0.118493 5.521358 0.555740
v -0.118493 5.479674 0.562792
v -0.118493 5.437991 0.555740
v -0.118493 5.428730 0.534845
v -0.118493 5.437991 0.513951
v -0.140623 5.479674 0.506899
v -0.140623 5.521358 0.513950
v -0.140623 5.530619 0.534845
v -0.140623 5.521358 0.555740
v -0.140623 5.479674 0.562792
v -0.140623 5.437991 0.555740
v -0.140623 5.428730 0.534845
v -0.140623 5.437991 0.513951
v -0.108663 5.346853 0.523781
v -0.129558 5.337592 0.523781
v -0.150453 5.346853 0.523781
v -0.157505 5.388537 0.523781
v -0.150453 5.430221 0.523781
v -0.129558 5.439482 0.523781
v -0.108663 5.430221 0.523781
v -0.101612 5.388537 0.523781
v -0.108663 5.346853 0.545911
v -0.129558 5.337592 0.545911
v -0.150453 5.346853 0.545911
v -0.157505 5.388537 0.545911
v -0.150453 5.430221 0.545911
v -0.129558 5.439482 0.545911
v -0.108663 5.430221 0.545911
v -0.101612 5.388537 0.545911
v -0.086187 5.324125 0.523781
v -0.129558 5.301192 0.523781
v -0.172930 5.324125 0.523781
v -0.184261 5.388537 0.523781
v -0.172930 5.452949 0.523781
v -0.129558 5.475882 0.523781
v -0.086187 5.452949 0.523781
v -0.074856 5.388537 0.523781
v -0.086187 5.324125 0.545911
v -0.129558 5.301192 0.545911
v -0.172930 5.324125 0.545911
v -0.184261 5.388537 0.545911
v -0.172930 5.452949 0.545911
v -0.129558 5.475882 0.545911
v -0.086187 5.452949 0.545911
v -0.074856 5.388537 0.545911
v -0.118493 5.298248 0.480143
v -0.118493 5.362659 0.491474
v -0.118493 5.385593 0.534845
v -0.118493 5.362659 0.578217
v -0.118493 5.298248 0.589548
v -0.118493 5.233837 0.578217
v -0.118493 5.210903 0.534845
v -0.118493 5.233837 0.491474
v -0.140623 5.298248 0.480143
v -0.140623 5.362659 0.491474
v -0.140623 5.385593 0.534845
v -0.140623 5.362659 0.578217
v -0.140623 5.298248 0.589548
v -0.140623 5.233837 0.578217
v -0.140623 5.210903 0.534845
v -0.140623 5.233837 0.491474
v -0.118493 5.298248 0.506899
v -0.118493 5.339931 0.513950
v -0.118493 5.349193 0.534845
v -0.118493 5.339931 0.555740
v -0.118493 5.298248 0.562792
v -0.118493 5.256565 0.555740
v -0.118493 5.247304 0.534845
v -0.118493 5.256565 0.513950
v -0.140623 5.298248 0.506899
v -0.140623 5.339931 0.513950
v -0.140623 5.349193 0.534845
v -0.140623 5.339931 0.555740
v -0.140623 5.298248 0.562792
v -0.140623 5.256565 0.555740
v -0.140623 5.247304 0.534845
v -0.140623 5.256565 0.513950
v -0.108663 5.165427 0.523781
v -0.129558 5.156166 0.523781
v -0.150453 5.165427 0.523781
v -0.157505 5.207111 0.523781
v -0.150453 5.248795 0.523781
v -0.129558 5.258056 0.523781
v -0.108663 5.248795 0.523781
v -0.101612 5.207111 0.523781
v -0.108663 5.165427 0.545911
v -0.129558 5.156166 0.545911
v -0.150453 5.165427 0.545911
v -0.157505 5.207111 0.545911
v -0.150453 5.248795 0.545911
v -0.129558 5.258056 0.545911
v -0.108663 5.248795 0.545911
v -0.101612 5.207111 0.545911
v -0.086187 5.142699 0.523781
v -0.129558 5.119766 0.523781
v -0.172930 5.142699 0.523781
v -0.184261 5.207111 0.523781
v -0.172930 5.271523 0.523781
v -0.129558 5.294456 0.523781
v -0.086187 5.271523 0.523781
v -0.074856 5.207111 0.523781
v -0.086187 5.142699 0.545911
v -0.129558 5.119766 0.545911
v -0.172930 5.142699 0.545911
v -0.184261 5.207111 0.545911
v -0.172930 5.271523 0.545911
v -0.129558 5.294456 0.545911
v -0.086187 5.271523 0.545911
v -0.074856 5.207111 0.545911
v -0.118493 5.117369 0.480143
v -0.118493 5.181780 0.491474
v -0.118493 5.204714 0.534845
v -0.118493 5.181780 0.578217
v -0.118493 5.117369 0.589548
v -0.118493 5.052958 0.578217
v -0.118493 5.030024 0.534845
v -0.118493 5.052958 0.491474
v -0.140623 5.117369 0.480143
v -0.140623 5.181780 0.491474
v -0.140623 5.204714 0.534845
v -0.140623 5.181780 0.578217
v -0.140623 5.117369 0.589548
v -0.140623 5.052958 0.578217
v -0.140623 5.030024 0.534845
v -0.140623 5.052958 0.491474
v -0.118493 5.117369 0.506899
v -0.118493 5.159052 0.513950
v -0.118493 5.168312 0.534845
v -0.118493 5.159052 0.555740
v -0.118493 5.117369 0.562792
v -0.118493 5.075686 0.555740
v -0.118493 5.066423 0.534845
v -0.118493 5.075686 0.513951
v -0.140623 5.117369 0.506899
v -0.140623 5.159052 0.513950
v -0.140623 5.168312 0.534845
v -0.140623 5.159052 0.555740
v -0.140623 5.117369 0.562792
v -0.140623 5.075686 0.555740
v -0.140623 5.066423 0.534845
v -0.140623 5.075686 0.513951
v -0.108663 4.984547 0.523781
v -0.129558 4.975286 0.523781
v -0.150453 4.984547 0.523781
v -0.157505 5.026232 0.523781
v -0.150453 5.067915 0.523781
v -0.129558 5.077175 0.523781
v -0.108663 5.067915 0.523781
v -0.101612 5.026232 0.523781
v -0.108663 4.984547 0.545911
v -0.129558 4.975286 0.545911
v -0.150453 4.984547 0.545911
v -0.157505 5.026232 0.545911
v -0.150453 5.067915 0.545911
v -0.129558 5.077175 0.545911
v -0.108663 5.067915 0.545911
v -0.101612 5.026232 0.545911
v -0.086187 4.961819 0.523781
v -0.129558 4.938887 0.523781
v -0.172930 4.961819 0.523781
v -0.184261 5.026232 0.523781
v -0.172930 5.090643 0.523781
v -0.129558 5.113575 0.523781
v -0.086187 5.090643 0.523781
v -0.074856 5.026232 0.523781
v -0.086187 4.961819 0.545911
v -0.129558 4.938887 0.545911
v -0.172930 4.961819 0.545911
v -0.184261 5.026232 0.545911
v -0.172930 5.090643 0.545911
v -0.129558 5.113575 0.545911
v -0.086187 5.090643 0.545911
v -0.074856 5.026232 0.545911
v -0.118493 4.935942 0.480143
v -0.118493 5.000353 0.491474
v -0.118493 5.023287 0.534845
v -0.118493 5.000353 0.578217
v -0.118493 4.935942 0.589548
v -0.118493 4.871531 0.578217
v -0.118493 4.848597 0.534845
v -0.118493 4.871531 0.491474
v -0.140623 4.935942 0.480143
v -0.140623 5.000353 0.491474
v -0.140623 5.023287 0.534845
v -0.140623 5.000353 0.578217
v -0.140623 4.935942 0.589548
v -0.140623 4.871531 0.578217
v -0.140623 4.848597 0.534845
v -0.140623 4.871531 0.491474
v -0.118493 4.935942 0.506899
v -0.118493 4.977625 0.513951
v -0.118493 4.986887 0.534845
v -0.118493 4.977625 0.555740
v -0.118493 4.935942 0.562792
v -0.118493 4.894258 0.555740
v -0.118493 4.884998 0.534845
v -0.118493 4.894258 0.513950
v -0.140623 4.935942 0.506899
v -0.140623 4.977625 0.513951
v -0.140623 4.986887 0.534845
v -0.140623 4.977625 0.555740
v -0.140623 4.935942 0.562792
v -0.140623 4.894258 0.555740
v -0.140623 4.884998 0.534845
v -0.140623 4.894258 0.513950
v -0.108663 4.803122 0.523781
v -0.129558 4.793859 0.523781
v -0.150453 4.803122 0.523781
v -0.157505 4.844805 0.523781
v -0.150453 4.886488 0.523781
v -0.129558 4.895750 0.523781
v -0.108663 4.886488 0.523781
v -0.101612 4.844805 0.523781
v -0.108663 4.803122 0.545911
v -0.129558 4.793859 0.545911
v -0.150453 4.803122 0.545911
v -0.157505 4.844805 0.545911
v -0.150453 4.886488 0.545911
v -0.129558 4.895750 0.545911
v -0.108663 4.886488 0.545911
v -0.101612 4.844805 0.545911
v -0.086187 4.780394 0.523781
v -0.129558 4.757460 0.523781
v -0.172930 4.780394 0.523781
v -0.184261 4.844805 0.523781
v -0.172930 4.909216 0.523781
v -0.129558 4.932150 0.523781
v -0.086187 4.909216 0.523781
v -0.074856 4.844805 0.523781
v -0.086187 4.780394 0.545911
v -0.129558 4.757460 0.545911
v -0.172930 4.780394 0.545911
v -0.184261 4.844805 0.545911
v -0.172930 4.909216 0.545911
v -0.129558 4.932150 0.545911
v -0.086187 4.909216 0.545911
v -0.074856 4.844805 0.545911
v -0.120627 4.803326 0.534847
v -0.120627 4.786905 0.574491
v -0.120627 4.747263 0.590912
v -0.120627 4.707619 0.574491
v -0.120627 4.691198 0.534847
v -0.120627 4.707619 0.495204
v -0.120627 4.747263 0.478783
v -0.120627 4.786905 0.495204
v -0.137657 4.786905 0.495204
v -0.137657 4.747263 0.478783
v -0.137657 4.707619 0.495204
v -0.137657 4.691198 0.534847
v -0.137657 4.707619 0.574491
v -0.137657 4.747263 0.590912
v -0.137657 4.786905 0.574491
v -0.137657 4.803326 0.534847
v -0.137657 4.822771 0.534847
v -0.137657 4.800655 0.588240
v -0.137657 4.747263 0.610357
v -0.137657 4.693869 0.588240
v -0.137657 4.671753 0.534847
v -0.137657 4.693869 0.481455
v -0.137657 4.747263 0.459338
v -0.137657 4.800655 0.481455
v -0.120627 4.800655 0.481455
v -0.120627 4.747263 0.459338
v -0.120627 4.693869 0.481455
v -0.120627 4.671753 0.534847
v -0.120627 4.693869 0.588240
v -0.120627 4.747263 0.610357
v -0.120627 4.800655 0.588240
v -0.120627 4.822771 0.534847
v -0.036191 3.731016 2.034134
v -0.130146 3.731016 1.995217
v -0.130146 3.131077 2.079710
v -0.130146 3.702073 2.036853
v -0.095937 3.131077 2.093879
v -0.065633 3.702073 2.063575
v -0.081767 3.131077 2.128088
v -0.038911 3.702073 2.128088
v -0.095937 3.131077 2.162296
v -0.065633 3.702073 2.192601
v -0.130146 3.131077 2.176466
v -0.130146 3.702073 2.219323
v -0.164354 3.131077 2.162296
v -0.194658 3.702073 2.192601
v -0.178524 3.131077 2.128088
v -0.221380 3.702073 2.128088
v -0.164354 3.131077 2.093879
v -0.194658 3.702073 2.063575
v 0.002725 3.731016 2.128088
v -0.036191 3.731016 2.222042
v -0.130146 3.731016 2.260959
v -0.224100 3.731016 2.222042
v -0.263017 3.731016 2.128088
v -0.224100 3.731016 2.034134
v -0.130146 3.731016 1.921765
v -0.276038 3.731016 1.982195
v -0.336468 3.731016 2.128088
v -0.276038 3.731016 2.273980
v -0.130146 3.731016 2.334411
v 0.015747 3.731016 2.273980
v 0.076177 3.731016 2.128088
v 0.015747 3.731016 1.982195
v -0.117909 4.007132 2.115851
v -0.130146 4.007132 2.110783
v -0.112841 4.007132 2.128088
v -0.117909 4.007132 2.140325
v -0.130146 4.007132 2.145393
v -0.142382 4.007132 2.140325
v -0.147451 4.007132 2.128088
v -0.142382 4.007132 2.115851
v -0.130146 3.416575 2.058282
v -0.080785 3.416575 2.078727
v -0.060339 3.416575 2.128088
v -0.080785 3.416575 2.177449
v -0.130146 3.416575 2.197894
v -0.179506 3.416575 2.177449
v -0.199952 3.416575 2.128088
v -0.179506 3.416575 2.078727
v -0.130146 3.495879 2.052329
v -0.076576 3.495879 2.074518
v -0.054387 3.495879 2.128088
v -0.076576 3.495879 2.181657
v -0.130146 3.495879 2.203846
v -0.183715 3.495879 2.181657
v -0.205904 3.495879 2.128088
v -0.183715 3.495879 2.074518
v -0.130146 3.426897 2.029427
v -0.060382 3.426897 2.058324
v -0.031484 3.426897 2.128088
v -0.060382 3.426897 2.197852
v -0.130146 3.426897 2.226749
v -0.199910 3.426897 2.197852
v -0.228807 3.426897 2.128088
v -0.199910 3.426897 2.058324
v -0.130146 3.485558 2.021014
v -0.054433 3.485558 2.052375
v -0.023071 3.485558 2.128088
v -0.054433 3.485558 2.203801
v -0.130146 3.485558 2.235162
v -0.205859 3.485558 2.203801
v -0.237220 3.485558 2.128088
v -0.205859 3.485558 2.052375
v -0.148197 3.432482 2.055775
v -0.148197 3.468586 2.055775
v -0.148197 3.432482 1.800778
v -0.148197 3.468586 1.800778
v -0.112093 3.432482 2.055775
v -0.112093 3.468586 2.055775
v -0.112093 3.432482 1.800778
v -0.112093 3.468586 1.800778
v -0.130146 4.007132 1.995217
v -0.224100 4.007132 2.034134
v -0.263017 4.007132 2.128088
v -0.224100 4.007132 2.222042
v -0.130146 4.007132 2.260959
v -0.036192 4.007132 2.222042
v 0.002725 4.007132 2.128088
v -0.036192 4.007132 2.034134
v -0.117909 4.158566 2.115851
v -0.130146 4.158566 2.110783
v -0.112841 4.158566 2.128088
v -0.117909 4.158566 2.140325
v -0.130146 4.158566 2.145393
v -0.142382 4.158566 2.140325
v -0.147451 4.158566 2.128088
v -0.142382 4.158566 2.115851
v 1.369142 3.731016 0.440892
v 1.330225 3.731016 0.534846
v 1.414718 3.131077 0.534846
v 1.371862 3.702073 0.534846
v 1.428888 3.131077 0.500638
v 1.398584 3.702073 0.470333
v 1.463096 3.131077 0.486468
v 1.463096 3.702073 0.443612
v 1.497305 3.131077 0.500638
v 1.527609 3.702073 0.470333
v 1.511474 3.131077 0.534846
v 1.554331 3.702073 0.534846
v 1.497305 3.131077 0.569055
v 1.527609 3.702073 0.599359
v 1.463096 3.131077 0.583225
v 1.463096 3.702073 0.626081
v 1.428888 3.131077 0.569055
v 1.398584 3.702073 0.599359
v 1.463096 3.731016 0.401975
v 1.557050 3.731016 0.440892
v 1.595967 3.731016 0.534846
v 1.557050 3.731016 0.628800
v 1.463096 3.731016 0.667717
v 1.369142 3.731016 0.628800
v 1.256774 3.731016 0.534846
v 1.317204 3.731016 0.680739
v 1.463096 3.731016 0.741169
v 1.608989 3.731016 0.680739
v 1.669419 3.731016 0.534846
v 1.608989 3.731016 0.388954
v 1.463096 3.731016 0.328524
v 1.317204 3.731016 0.388954
v 1.450860 4.007131 0.522610
v 1.445791 4.007131 0.534846
v 1.463096 4.007131 0.517541
v 1.475333 4.007131 0.522610
v 1.480401 4.007131 0.534846
v 1.475333 4.007131 0.547083
v 1.463096 4.007131 0.552152
v 1.450860 4.007131 0.547083
v 1.393290 3.416574 0.534846
v 1.413736 3.416574 0.485486
v 1.463096 3.416574 0.465040
v 1.512457 3.416574 0.485486
v 1.532902 3.416574 0.534846
v 1.512457 3.416574 0.584207
v 1.463096 3.416574 0.604653
v 1.413736 3.416574 0.584207
v 1.387337 3.495879 0.534846
v 1.409527 3.495879 0.481277
v 1.463096 3.495879 0.459087
v 1.516666 3.495879 0.481277
v 1.538855 3.495879 0.534846
v 1.516666 3.495879 0.588416
v 1.463096 3.495879 0.610605
v 1.409527 3.495879 0.588416
v 1.364435 3.426897 0.534846
v 1.393332 3.426897 0.465082
v 1.463096 3.426897 0.436185
v 1.532861 3.426897 0.465082
v 1.561758 3.426897 0.534846
v 1.532861 3.426897 0.604611
v 1.463096 3.426897 0.633508
v 1.393332 3.426897 0.604611
v 1.356022 3.485558 0.534846
v 1.387383 3.485558 0.459133
v 1.463096 3.485558 0.427772
v 1.538809 3.485558 0.459133
v 1.570171 3.485558 0.534846
v 1.538809 3.485558 0.610559
v 1.463096 3.485558 0.641921
v 1.387383 3.485558 0.610559
v 1.390783 3.432481 0.552898
v 1.390783 3.468585 0.552898
v 1.135787 3.432481 0.552898
v 1.135787 3.468585 0.552898
v 1.390783 3.432481 0.516794
v 1.390783 3.468585 0.516794
v 1.135787 3.432481 0.516794
v 1.135787 3.468585 0.516794
v 1.330225 4.007131 0.534846
v 1.369142 4.007131 0.628801
v 1.463096 4.007131 0.667717
v 1.557050 4.007131 0.628801
v 1.595967 4.007131 0.534846
v 1.557050 4.007131 0.440892
v 1.463096 4.007131 0.401975
v 1.369142 4.007131 0.440892
v 1.450860 4.158566 0.522610
v 1.445791 4.158566 0.534846
v 1.463096 4.158566 0.517541
v 1.475333 4.158566 0.522610
v 1.480401 4.158566 0.534846
v 1.475333 4.158566 0.547083
v 1.463096 4.158566 0.552152
v 1.450860 4.158566 0.547083
v -0.224099 3.731015 -0.964442
v -0.130145 3.731015 -0.925525
v -0.130145 3.131077 -1.010017
v -0.130145 3.702072 -0.967161
v -0.164354 3.131077 -1.024187
v -0.194658 3.702072 -0.993883
v -0.178524 3.131077 -1.058396
v -0.221380 3.702072 -1.058396
v -0.164354 3.131077 -1.092604
v -0.194658 3.702072 -1.122909
v -0.130145 3.131077 -1.106774
v -0.130145 3.702072 -1.149631
v -0.095937 3.131077 -1.092604
v -0.065633 3.702072 -1.122909
v -0.081767 3.131077 -1.058396
v -0.038911 3.702072 -1.058396
v -0.095937 3.131077 -1.024187
v -0.065633 3.702072 -0.993883
v -0.263016 3.731015 -1.058396
v -0.224099 3.731015 -1.152350
v -0.130145 3.731015 -1.191267
v -0.036191 3.731015 -1.152350
v 0.002726 3.731015 -1.058396
v -0.036191 3.731015 -0.964442
v -0.130145 3.731015 -0.852073
v 0.015747 3.731015 -0.912503
v 0.076178 3.731015 -1.058396
v 0.015747 3.731015 -1.204288
v -0.130145 3.731015 -1.264719
v -0.276038 3.731015 -1.204288
v -0.336468 3.731015 -1.058396
v -0.276038 3.731015 -0.912503
v -0.142382 4.007131 -1.046159
v -0.130145 4.007131 -1.041090
v -0.147450 4.007131 -1.058396
v -0.142382 4.007131 -1.070632
v -0.130145 4.007131 -1.075701
v -0.117908 4.007131 -1.070632
v -0.112840 4.007131 -1.058396
v -0.117908 4.007131 -1.046159
v -0.130145 3.416574 -0.988589
v -0.179506 3.416574 -1.009035
v -0.199952 3.416574 -1.058396
v -0.179506 3.416574 -1.107756
v -0.130145 3.416574 -1.128202
v -0.080785 3.416574 -1.107756
v -0.060339 3.416574 -1.058396
v -0.080785 3.416574 -1.009035
v -0.130145 3.495879 -0.982637
v -0.183715 3.495879 -1.004826
v -0.205904 3.495879 -1.058396
v -0.183715 3.495879 -1.111965
v -0.130145 3.495879 -1.134154
v -0.076576 3.495879 -1.111965
v -0.054386 3.495879 -1.058396
v -0.076576 3.495879 -1.004826
v -0.130145 3.426896 -0.959734
v -0.199909 3.426896 -0.988631
v -0.228807 3.426896 -1.058396
v -0.199909 3.426896 -1.128160
v -0.130145 3.426896 -1.157057
v -0.060381 3.426896 -1.128160
v -0.031484 3.426896 -1.058396
v -0.060381 3.426896 -0.988631
v -0.130145 3.485558 -0.951322
v -0.205858 3.485558 -0.982683
v -0.237220 3.485558 -1.058396
v -0.205858 3.485558 -1.134109
v -0.130145 3.485558 -1.165470
v -0.054432 3.485558 -1.134109
v -0.023071 3.485558 -1.058396
v -0.054432 3.485558 -0.982683
v -0.112093 3.432481 -0.986082
v -0.112093 3.468585 -0.986083
v -0.112093 3.432481 -0.731086
v -0.112093 3.468585 -0.731086
v -0.148198 3.432481 -0.986082
v -0.148198 3.468585 -0.986083
v -0.148198 3.432481 -0.731086
v -0.148198 3.468585 -0.731086
v -0.130145 4.007131 -0.925525
v -0.036191 4.007131 -0.964442
v 0.002726 4.007131 -1.058396
v -0.036191 4.007131 -1.152350
v -0.130145 4.007131 -1.191267
v -0.224099 4.007131 -1.152350
v -0.263016 4.007131 -1.058396
v -0.224099 4.007131 -0.964442
v -0.142382 4.158566 -1.046159
v -0.130145 4.158566 -1.041090
v -0.147450 4.158566 -1.058396
v -0.142382 4.158566 -1.070632
v -0.130145 4.158566 -1.075701
v -0.117908 4.158566 -1.070632
v -0.112840 4.158566 -1.058396
v -0.117908 4.158566 -1.046159
v -1.629433 3.731016 0.628800
v -1.590516 3.731016 0.534846
v -1.675009 3.131077 0.534846
v -1.632153 3.702073 0.534846
v -1.689179 3.131077 0.569054
v -1.658875 3.702073 0.599359
v -1.723387 3.131077 0.583224
v -1.723387 3.702073 0.626081
v -1.757596 3.131077 0.569054
v -1.787900 3.702073 0.599359
v -1.771765 3.131077 0.534846
v -1.814622 3.702073 0.534846
v -1.757596 3.131077 0.500637
v -1.787900 3.702073 0.470333
v -1.723387 3.131077 0.486468
v -1.723387 3.702073 0.443611
v -1.689179 3.131077 0.500637
v -1.658875 3.702073 0.470333
v -1.723387 3.731016 0.667717
v -1.817341 3.731016 0.628800
v -1.856258 3.731016 0.534846
v -1.817341 3.731016 0.440892
v -1.723387 3.731016 0.401975
v -1.629433 3.731016 0.440892
v -1.517065 3.731016 0.534846
v -1.577495 3.731016 0.388954
v -1.723387 3.731016 0.328523
v -1.869280 3.731016 0.388954
v -1.929710 3.731016 0.534846
v -1.869280 3.731016 0.680738
v -1.723387 3.731016 0.741169
v -1.577495 3.731016 0.680738
v -1.711151 4.007131 0.547082
v -1.706082 4.007131 0.534846
v -1.723387 4.007131 0.552151
v -1.735624 4.007131 0.547082
v -1.740692 4.007131 0.534846
v -1.735624 4.007131 0.522609
v -1.723387 4.007131 0.517541
v -1.711151 4.007131 0.522609
v -1.653581 3.416574 0.534846
v -1.674027 3.416574 0.584207
v -1.723387 3.416574 0.604653
v -1.772748 3.416574 0.584207
v -1.793193 3.416574 0.534846
v -1.772748 3.416574 0.485485
v -1.723387 3.416574 0.465040
v -1.674027 3.416574 0.485485
v -1.647628 3.495879 0.534846
v -1.669818 3.495879 0.588416
v -1.723387 3.495879 0.610605
v -1.776957 3.495879 0.588416
v -1.799146 3.495879 0.534846
v -1.776957 3.495879 0.481277
v -1.723387 3.495879 0.459087
v -1.669818 3.495879 0.481277
v -1.624726 3.426897 0.534846
v -1.653623 3.426897 0.604610
v -1.723387 3.426897 0.633508
v -1.793151 3.426897 0.604610
v -1.822049 3.426897 0.534846
v -1.793151 3.426897 0.465082
v -1.723387 3.426897 0.436184
v -1.653623 3.426897 0.465082
v -1.616313 3.485558 0.534846
v -1.647674 3.485558 0.610559
v -1.723387 3.485558 0.641921
v -1.799100 3.485558 0.610559
v -1.830462 3.485558 0.534846
v -1.799100 3.485558 0.459133
v -1.723387 3.485558 0.427772
v -1.647674 3.485558 0.459133
v -1.651074 3.432481 0.516794
v -1.651074 3.468585 0.516794
v -1.396078 3.432481 0.516794
v -1.396078 3.468585 0.516794
v -1.651074 3.432481 0.552898
v -1.651074 3.468585 0.552898
v -1.396078 3.432481 0.552898
v -1.396078 3.468585 0.552898
v -1.590516 4.007131 0.534846
v -1.629433 4.007131 0.440892
v -1.723387 4.007131 0.401975
v -1.817341 4.007131 0.440892
v -1.856258 4.007131 0.534846
v -1.817341 4.007131 0.628800
v -1.723387 4.007131 0.667717
v -1.629433 4.007131 0.628800
v -1.711151 4.158566 0.547082
v -1.706082 4.158566 0.534846
v -1.723387 4.158566 0.552151
v -1.735624 4.158566 0.547082
v -1.740692 4.158566 0.534846
v -1.735624 4.158566 0.522609
v -1.723387 4.158566 0.517541
v -1.711151 4.158566 0.522609
v 0.996446 3.731016 1.528567
v 0.902492 3.731016 1.567484
v 0.962238 3.131077 1.627230
v 0.931934 3.702073 1.596926
v 0.996446 3.131077 1.613060
v 0.996446 3.702073 1.570204
v 1.030655 3.131077 1.627230
v 1.060959 3.702073 1.596926
v 1.044824 3.131077 1.661438
v 1.087681 3.702073 1.661438
v 1.030655 3.131077 1.695647
v 1.060959 3.702073 1.725951
v 0.996446 3.131077 1.709817
v 0.996446 3.702073 1.752673
v 0.962238 3.131077 1.695647
v 0.931934 3.702073 1.725951
v 0.948068 3.131077 1.661438
v 0.905212 3.702073 1.661438
v 1.090400 3.731016 1.567484
v 1.129318 3.731016 1.661438
v 1.090400 3.731016 1.755392
v 0.996446 3.731016 1.794309
v 0.902492 3.731016 1.755392
v 0.863575 3.731016 1.661438
v 0.850554 3.731016 1.515546
v 0.790123 3.731016 1.661438
v 0.850554 3.731016 1.807331
v 0.996446 3.731016 1.867761
v 1.142339 3.731016 1.807330
v 1.202770 3.731016 1.661438
v 1.142339 3.731016 1.515546
v 0.996446 3.731016 1.455115
v 0.996446 4.007131 1.644133
v 0.984210 4.007131 1.649202
v 1.008683 4.007131 1.649202
v 1.013751 4.007131 1.661438
v 1.008683 4.007131 1.673675
v 0.996446 4.007131 1.678744
v 0.984210 4.007131 1.673675
v 0.979141 4.007131 1.661438
v 0.947086 3.416575 1.612078
v 0.996446 3.416575 1.591632
v 1.045807 3.416575 1.612078
v 1.066252 3.416575 1.661438
v 1.045807 3.416575 1.710799
v 0.996446 3.416575 1.731245
v 0.947086 3.416575 1.710799
v 0.926640 3.416575 1.661438
v 0.942877 3.495879 1.607869
v 0.996446 3.495879 1.585680
v 1.050016 3.495879 1.607869
v 1.072205 3.495879 1.661438
v 1.050016 3.495879 1.715008
v 0.996446 3.495879 1.737197
v 0.942877 3.495879 1.715008
v 0.920687 3.495879 1.661438
v 0.926682 3.426897 1.591674
v 0.996446 3.426897 1.562777
v 1.066211 3.426897 1.591674
v 1.095108 3.426897 1.661439
v 1.066211 3.426897 1.731202
v 0.996446 3.426897 1.760100
v 0.926682 3.426897 1.731203
v 0.897784 3.426897 1.661439
v 0.920734 3.485558 1.585726
v 0.996446 3.485558 1.554364
v 1.072160 3.485558 1.585725
v 1.103520 3.485558 1.661438
v 1.072160 3.485558 1.737151
v 0.996446 3.485558 1.768513
v 0.920733 3.485558 1.737151
v 0.889372 3.485558 1.661438
v 0.932548 3.432482 1.623070
v 0.932548 3.468586 1.623070
v 0.752239 3.432482 1.442760
v 0.752239 3.468586 1.442760
v 0.958078 3.432482 1.597540
v 0.958078 3.468586 1.597540
v 0.777769 3.432482 1.417231
v 0.777769 3.468586 1.417231
v 0.902492 4.007131 1.567485
v 0.863575 4.007131 1.661438
v 0.902492 4.007131 1.755392
v 0.996446 4.007131 1.794310
v 1.090400 4.007131 1.755392
v 1.129317 4.007131 1.661438
v 1.090400 4.007131 1.567484
v 0.996446 4.007131 1.528567
v 0.996446 4.158566 1.644133
v 0.984210 4.158566 1.649202
v 1.008683 4.158566 1.649202
v 1.013751 4.158566 1.661438
v 1.008683 4.158566 1.673675
v 0.996446 4.158566 1.678744
v 0.984210 4.158566 1.673675
v 0.979141 4.158566 1.661438
v 0.863576 3.731015 -0.591746
v 0.902493 3.731015 -0.497792
v 0.962238 3.131077 -0.557537
v 0.931934 3.702072 -0.527233
v 0.948068 3.131077 -0.591746
v 0.905212 3.702072 -0.591746
v 0.962238 3.131077 -0.625955
v 0.931934 3.702072 -0.656259
v 0.996446 3.131077 -0.640124
v 0.996446 3.702072 -0.682981
v 1.030655 3.131077 -0.625954
v 1.060960 3.702072 -0.656259
v 1.044825 3.131077 -0.591745
v 1.087682 3.702072 -0.591746
v 1.030655 3.131077 -0.557537
v 1.060960 3.702072 -0.527233
v 0.996447 3.131077 -0.543367
v 0.996447 3.702072 -0.500511
v 0.902493 3.731015 -0.685700
v 0.996447 3.731015 -0.724617
v 1.090400 3.731015 -0.685700
v 1.129318 3.731015 -0.591746
v 1.090401 3.731015 -0.497792
v 0.996447 3.731015 -0.458875
v 0.850555 3.731015 -0.445854
v 0.996446 3.731015 -0.385423
v 1.142339 3.731015 -0.445854
v 1.202770 3.731015 -0.591746
v 1.142339 3.731015 -0.737638
v 0.996446 3.731015 -0.798069
v 0.850555 3.731015 -0.737638
v 0.790124 3.731015 -0.591746
v 0.979142 4.007131 -0.591746
v 0.984210 4.007131 -0.579509
v 0.984210 4.007131 -0.603982
v 0.996447 4.007131 -0.609051
v 1.008683 4.007131 -0.603982
v 1.013752 4.007131 -0.591746
v 1.008683 4.007131 -0.579509
v 0.996447 4.007131 -0.574441
v 0.947086 3.416574 -0.542385
v 0.926640 3.416574 -0.591746
v 0.947086 3.416574 -0.641107
v 0.996446 3.416574 -0.661552
v 1.045807 3.416574 -0.641106
v 1.066253 3.416574 -0.591745
v 1.045808 3.416574 -0.542385
v 0.996447 3.416574 -0.521939
v 0.942877 3.495879 -0.538176
v 0.920687 3.495879 -0.591746
v 0.942877 3.495879 -0.645316
v 0.996446 3.495879 -0.667505
v 1.050016 3.495879 -0.645315
v 1.072205 3.495879 -0.591746
v 1.050016 3.495879 -0.538176
v 0.996446 3.495879 -0.515987
v 0.926683 3.426896 -0.521982
v 0.897785 3.426896 -0.591745
v 0.926682 3.426896 -0.661510
v 0.996447 3.426896 -0.690407
v 1.066211 3.426896 -0.661510
v 1.095108 3.426896 -0.591746
v 1.066211 3.426896 -0.521982
v 0.996446 3.426896 -0.493084
v 0.920734 3.485558 -0.516033
v 0.889373 3.485558 -0.591746
v 0.920734 3.485558 -0.667459
v 0.996446 3.485558 -0.698820
v 1.072160 3.485558 -0.667459
v 1.103521 3.485558 -0.591746
v 1.072160 3.485558 -0.516033
v 0.996447 3.485558 -0.484671
v 0.958078 3.432481 -0.527848
v 0.958078 3.468585 -0.527848
v 0.777769 3.432481 -0.347538
v 0.777769 3.468585 -0.347538
v 0.932548 3.432481 -0.553378
v 0.932548 3.468585 -0.553378
v 0.752239 3.432481 -0.373068
v 0.752239 3.468585 -0.373068
v 0.902493 4.007131 -0.497792
v 0.996447 4.007131 -0.458875
v 1.090401 4.007131 -0.497792
v 1.129318 4.007131 -0.591746
v 1.090400 4.007131 -0.685700
v 0.996447 4.007131 -0.724617
v 0.902493 4.007131 -0.685700
v 0.863576 4.007131 -0.591746
v 0.979142 4.158566 -0.591746
v 0.984210 4.158566 -0.579509
v 0.984210 4.158566 -0.603982
v 0.996447 4.158566 -0.609051
v 1.008683 4.158566 -0.603982
v 1.013752 4.158566 -0.591746
v 1.008683 4.158566 -0.579509
v 0.996447 4.158566 -0.574441
v -1.256738 3.731015 -0.458875
v -1.162784 3.731015 -0.497792
v -1.222529 3.131077 -0.557537
v -1.192225 3.702072 -0.527233
v -1.256737 3.131077 -0.543368
v -1.256738 3.702072 -0.500511
v -1.290946 3.131077 -0.557537
v -1.321250 3.702072 -0.527233
v -1.305115 3.131077 -0.591746
v -1.347972 3.702072 -0.591746
v -1.290946 3.131077 -0.625954
v -1.321250 3.702072 -0.656259
v -1.256737 3.131077 -0.640124
v -1.256738 3.702072 -0.682981
v -1.222529 3.131077 -0.625955
v -1.192225 3.702072 -0.656259
v -1.208359 3.131077 -0.591746
v -1.165503 3.702072 -0.591746
v -1.350692 3.731015 -0.497792
v -1.389609 3.731015 -0.591746
v -1.350691 3.731015 -0.685700
v -1.256738 3.731015 -0.724617
v -1.162784 3.731015 -0.685700
v -1.123866 3.731015 -0.591746
v -1.110845 3.731015 -0.445854
v -1.050414 3.731015 -0.591746
v -1.110845 3.731015 -0.737638
v -1.256737 3.731015 -0.798069
v -1.402630 3.731015 -0.737638
v -1.463060 3.731015 -0.591746
v -1.402630 3.731015 -0.445854
v -1.256737 3.731015 -0.385423
v -1.256737 4.007131 -0.574441
v -1.244501 4.007131 -0.579509
v -1.268974 4.007131 -0.579510
v -1.274043 4.007131 -0.591746
v -1.268974 4.007131 -0.603983
v -1.256737 4.007131 -0.609051
v -1.244501 4.007131 -0.603983
v -1.239432 4.007131 -0.591746
v -1.207377 3.416574 -0.542385
v -1.256737 3.416574 -0.521940
v -1.306098 3.416574 -0.542385
v -1.326544 3.416574 -0.591746
v -1.306098 3.416574 -0.641106
v -1.256737 3.416574 -0.661552
v -1.207377 3.416574 -0.641107
v -1.186931 3.416574 -0.591746
v -1.203168 3.495879 -0.538176
v -1.256737 3.495879 -0.515987
v -1.310307 3.495879 -0.538176
v -1.332496 3.495879 -0.591746
v -1.310307 3.495879 -0.645315
v -1.256737 3.495879 -0.667505
v -1.203168 3.495879 -0.645316
v -1.180979 3.495879 -0.591746
v -1.186973 3.426896 -0.521982
v -1.256737 3.426896 -0.493084
v -1.326502 3.426896 -0.521982
v -1.355399 3.426896 -0.591746
v -1.326502 3.426896 -0.661510
v -1.256737 3.426896 -0.690408
v -1.186973 3.426896 -0.661510
v -1.158075 3.426896 -0.591746
v -1.181025 3.485558 -0.516033
v -1.256737 3.485558 -0.484672
v -1.332451 3.485558 -0.516033
v -1.363812 3.485558 -0.591746
v -1.332451 3.485558 -0.667459
v -1.256737 3.485558 -0.698820
v -1.181024 3.485558 -0.667459
v -1.149663 3.485558 -0.591746
v -1.192840 3.432481 -0.553377
v -1.192840 3.468585 -0.553377
v -1.012530 3.432481 -0.373068
v -1.012530 3.468585 -0.373068
v -1.218369 3.432481 -0.527848
v -1.218369 3.468585 -0.527848
v -1.038059 3.432481 -0.347538
v -1.038059 3.468585 -0.347538
v -1.162783 4.007131 -0.497792
v -1.123866 4.007131 -0.591746
v -1.162784 4.007131 -0.685700
v -1.256737 4.007131 -0.724617
v -1.350691 4.007131 -0.685700
v -1.389609 4.007131 -0.591746
v -1.350691 4.007131 -0.497792
v -1.256737 4.007131 -0.458875
v -1.256737 4.158566 -0.574441
v -1.244501 4.158566 -0.579509
v -1.268974 4.158566 -0.579510
v -1.274043 4.158566 -0.591746
v -1.268974 4.158566 -0.603983
v -1.256737 4.158566 -0.609051
v -1.244501 4.158566 -0.603983
v -1.239432 4.158566 -0.591746
v -1.123866 3.731016 1.661438
v -1.162784 3.731016 1.567484
v -1.222529 3.131077 1.627230
v -1.192225 3.702073 1.596926
v -1.208359 3.131077 1.661438
v -1.165503 3.702073 1.661438
v -1.222529 3.131077 1.695647
v -1.192225 3.702073 1.725951
v -1.256738 3.131077 1.709816
v -1.256738 3.702073 1.752673
v -1.290946 3.131077 1.695647
v -1.321250 3.702073 1.725951
v -1.305116 3.131077 1.661438
v -1.347972 3.702073 1.661438
v -1.290946 3.131077 1.627230
v -1.321250 3.702073 1.596926
v -1.256738 3.131077 1.613060
v -1.256738 3.702073 1.570204
v -1.162784 3.731016 1.755392
v -1.256738 3.731016 1.794309
v -1.350691 3.731016 1.755392
v -1.389609 3.731016 1.661438
v -1.350692 3.731016 1.567484
v -1.256738 3.731016 1.528567
v -1.110846 3.731016 1.515546
v -1.256737 3.731016 1.455115
v -1.402630 3.731016 1.515546
v -1.463060 3.731016 1.661438
v -1.402630 3.731016 1.807330
v -1.256737 3.731016 1.867761
v -1.110845 3.731016 1.807330
v -1.050414 3.731016 1.661438
v -1.239433 4.007131 1.661438
v -1.244501 4.007131 1.649201
v -1.244501 4.007131 1.673675
v -1.256738 4.007131 1.678743
v -1.268974 4.007131 1.673674
v -1.274043 4.007131 1.661438
v -1.268974 4.007131 1.649202
v -1.256738 4.007131 1.644133
v -1.207377 3.416575 1.612078
v -1.186931 3.416575 1.661438
v -1.207377 3.416575 1.710799
v -1.256737 3.416575 1.731244
v -1.306098 3.416575 1.710799
v -1.326544 3.416575 1.661438
v -1.306098 3.416575 1.612078
v -1.256738 3.416575 1.591632
v -1.203168 3.495879 1.607869
v -1.180979 3.495879 1.661438
v -1.203168 3.495879 1.715008
v -1.256737 3.495879 1.737197
v -1.310307 3.495879 1.715008
v -1.332496 3.495879 1.661438
v -1.310307 3.495879 1.607869
v -1.256737 3.495879 1.585679
v -1.186973 3.426897 1.591674
v -1.158076 3.426897 1.661438
v -1.186973 3.426897 1.731203
v -1.256738 3.426897 1.760100
v -1.326502 3.426897 1.731202
v -1.355399 3.426897 1.661438
v -1.326502 3.426897 1.591674
v -1.256738 3.426897 1.562776
v -1.181025 3.485558 1.585725
v -1.149663 3.485558 1.661438
v -1.181024 3.485558 1.737151
v -1.256737 3.485558 1.768512
v -1.332451 3.485558 1.737151
v -1.363812 3.485558 1.661438
v -1.332451 3.485558 1.585725
v -1.256738 3.485558 1.554364
v -1.218369 3.432482 1.597540
v -1.218369 3.468586 1.597540
v -1.038059 3.432482 1.417231
v -1.038059 3.468586 1.417231
v -1.192839 3.432482 1.623070
v -1.192839 3.468586 1.623070
v -1.012530 3.432482 1.442760
v -1.012530 3.468586 1.442760
v -1.162784 4.007131 1.567484
v -1.256738 4.007131 1.528567
v -1.350692 4.007131 1.567484
v -1.389609 4.007131 1.661438
v -1.350691 4.007131 1.755392
v -1.256738 4.007131 1.794309
v -1.162784 4.007131 1.755392
v -1.123867 4.007131 1.661438
v -1.239433 4.158566 1.661438
v -1.244501 4.158566 1.649201
v -1.244501 4.158566 1.673675
v -1.256738 4.158566 1.678743
v -1.268974 4.158566 1.673674
v -1.274043 4.158566 1.661438
v -1.268974 4.158566 1.649202
v -1.256738 4.158566 1.644133
vn -0.6571 0.7538 -0.0000
vn -0.6571 -0.7538 -0.0000
vn -0.6071 -0.7538 -0.2515
vn -0.6071 0.7538 -0.2515
vn 0.6071 0.7538 -0.2515
vn 0.6071 -0.7538 -0.2515
vn 0.6571 -0.7538 -0.0000
vn 0.6571 0.7538 -0.0000
vn -0.6071 0.7538 0.2515
vn -0.6071 -0.7538 0.2515
vn 0.4647 0.7538 -0.4647
vn 0.4647 -0.7538 -0.4647
vn -0.4647 0.7538 0.4647
vn -0.4647 -0.7538 0.4647
vn 0.2515 0.7538 -0.6071
vn 0.2515 -0.7538 -0.6071
vn -0.2515 0.7538 0.6071
vn -0.2515 -0.7538 0.6071
vn -0.0000 0.7538 -0.6571
vn -0.0000 -0.7538 -0.6571
vn 0.2515 0.7538 0.6071
vn 0.2515 -0.7538 0.6071
vn -0.0000 -0.7538 0.6571
vn -0.0000 0.7538 0.6571
vn -0.2515 0.7538 -0.6071
vn -0.2515 -0.7538 -0.6071
vn 0.4647 0.7538 0.4647
vn 0.4647 -0.7538 0.4647
vn -0.4647 0.7538 -0.4647
vn -0.4647 -0.7538 -0.4647
vn 0.6071 0.7538 0.2515
vn 0.6071 -0.7538 0.2515
vn 0.7462 0.6657 -0.0000
vn 0.6894 0.6657 0.2856
vn 0.6894 -0.6657 0.2856
vn 0.7462 -0.6657 -0.0000
vn -0.6894 0.6657 0.2856
vn -0.7462 0.6657 -0.0000
vn -0.7462 -0.6657 -0.0000
vn -0.6894 -0.6657 0.2856
vn 0.6894 0.6657 -0.2856
vn 0.6894 -0.6657 -0.2856
vn -0.5276 0.6657 0.5276
vn -0.5276 -0.6657 0.5276
vn 0.5276 0.6657 -0.5276
vn 0.5276 -0.6657 -0.5276
vn -0.2856 0.6657 0.6894
vn -0.2856 -0.6657 0.6894
vn 0.2856 0.6657 -0.6894
vn 0.2856 -0.6657 -0.6894
vn -0.0000 0.6657 0.7462
vn -0.0000 -0.6657 0.7462
vn -0.2856 0.6657 -0.6894
vn -0.0000 0.6657 -0.7462
vn -0.0000 -0.6657 -0.7462
vn -0.2856 -0.6657 -0.6894
vn 0.2856 0.6657 0.6894
vn 0.2856 -0.6657 0.6894
vn -0.5276 0.6657 -0.5276
vn -0.5276 -0.6657 -0.5276
vn 0.5276 0.6657 0.5276
vn 0.5276 -0.6657 0.5276
vn -0.6894 0.6657 -0.2856
vn -0.6894 -0.6657 -0.2856
vn 0.7722 -0.0400 -0.6342
vn 0.9493 -0.3143 -0.0000
vn -0.0748 -0.9972 -0.0000
vn -0.2600 -0.7282 -0.6342
vn 0.7722 -0.0400 0.6342
vn 0.5575 0.3717 0.7423
vn -0.5575 -0.3717 0.7423
vn -0.2600 -0.7282 0.6342
vn 0.2600 0.7282 0.6341
vn 0.0748 0.9972 -0.0000
vn -0.9493 0.3143 -0.0000
vn -0.7722 0.0400 0.6342
vn 0.2600 0.7282 -0.6341
vn 0.5575 0.3717 -0.7423
vn -0.5575 -0.3717 -0.7423
vn -0.7722 0.0400 -0.6342
vn 0.5015 0.7451 0.4397
vn -0.8806 -0.1765 0.4397
vn -0.9993 0.0375 -0.0000
vn 0.3496 0.9369 -0.0000
vn 0.5015 0.7451 -0.4397
vn -0.8806 -0.1765 -0.4397
vn -0.6212 -0.4142 -0.6652
vn 0.6212 0.4142 -0.6652
vn 0.8806 0.1765 -0.4397
vn -0.5015 -0.7451 -0.4397
vn -0.3496 -0.9369 -0.0000
vn 0.9993 -0.0375 -0.0000
vn 0.8806 0.1765 0.4397
vn -0.5015 -0.7451 0.4397
vn -0.6212 -0.4142 0.6652
vn 0.6212 0.4142 0.6652
vn 0.7837 -0.0323 0.6203
vn -0.5554 0.0403 0.8306
vn -0.3249 0.4872 0.8106
vn 0.4372 -0.6558 0.6155
vn 0.7837 -0.0323 -0.6203
vn -0.5554 0.0403 -0.8306
vn -0.5535 -0.3690 -0.7466
vn 0.6176 0.4118 -0.6701
vn -0.7837 0.0323 0.6203
vn 0.5554 -0.0403 0.8306
vn 0.3249 -0.4872 0.8106
vn -0.4372 0.6558 0.6155
vn 0.1763 0.5282 0.8306
vn -0.2715 -0.7359 0.6203
vn 0.5535 0.3690 0.7466
vn -0.6176 -0.4118 0.6701
vn 0.6176 0.4118 0.6701
vn -0.5535 -0.3690 0.7466
vn -0.1763 -0.5282 0.8306
vn 0.2715 0.7359 0.6203
vn 0.4372 -0.6558 -0.6155
vn -0.4372 0.6558 -0.6155
vn -0.7837 0.0323 -0.6203
vn 0.2715 0.7359 -0.6203
vn -0.6176 -0.4118 -0.6701
vn -0.2715 -0.7359 -0.6203
vn -0.3249 0.4872 -0.8106
vn 0.5535 0.3690 -0.7466
vn 0.1763 0.5282 -0.8306
vn 0.5554 -0.0403 -0.8306
vn 0.3249 -0.4872 -0.8106
vn -0.1763 -0.5282 -0.8306
vn 0.7722 -0.0400 -0.6341
vn -0.2599 -0.7282 -0.6342
vn 0.7722 -0.0400 0.6341
vn 0.5575 0.3718 0.7423
vn -0.5575 -0.3718 0.7423
vn -0.2599 -0.7282 0.6342
vn 0.2599 0.7282 0.6342
vn 0.2599 0.7282 -0.6342
vn 0.5575 0.3718 -0.7423
vn -0.5575 -0.3718 -0.7423
vn -0.8806 -0.1765 0.4398
vn -0.8806 -0.1765 -0.4398
vn -0.3248 0.4872 0.8106
vn 0.3248 -0.4872 0.8106
vn -0.3248 0.4872 -0.8106
vn 0.3248 -0.4872 -0.8106
vn -0.7722 0.0400 0.6341
vn -0.7722 0.0400 -0.6341
vn 0.5554 -0.0404 0.8306
vn 0.5554 -0.0404 -0.8306
vn 0.2600 0.7282 0.6342
vn -0.5490 0.5490 0.6302
vn -0.0000 0.7764 0.6302
vn -0.0000 0.7764 -0.6302
vn -0.5490 0.5490 -0.6302
vn -0.4203 -0.4203 -0.8042
vn -0.0000 -0.5944 -0.8042
vn 0.5490 0.5490 -0.6302
vn -0.5490 -0.5490 0.6302
vn -0.7764 -0.0000 0.6302
vn -0.7764 -0.0000 -0.6302
vn -0.5490 -0.5490 -0.6302
vn 0.7764 -0.0000 0.6302
vn 0.5490 -0.5490 0.6302
vn 0.5490 -0.5490 -0.6302
vn 0.7764 -0.0000 -0.6302
vn -0.0000 -0.7764 0.6302
vn -0.0000 -0.7764 -0.6302
vn 0.5490 0.5490 0.6302
vn -0.4203 0.4203 0.8042
vn -0.4203 0.4203 -0.8042
vn -0.0000 0.5944 -0.8042
vn -0.0000 0.5944 0.8042
vn 0.5944 -0.0000 0.8042
vn 0.5944 -0.0000 -0.8042
vn 0.4203 -0.4203 -0.8042
vn 0.4203 -0.4203 0.8042
vn 0.4203 0.4203 0.8042
vn 0.4203 0.4203 -0.8042
vn -0.4203 -0.4203 0.8042
vn -0.5944 -0.0000 -0.8042
vn -0.5944 -0.0000 0.8042
vn -0.0000 -0.5944 0.8042
vn -0.7722 -0.0400 -0.6342
vn -0.9493 -0.3143 -0.0000
vn -0.3496 0.9369 -0.0000
vn -0.5015 0.7451 0.4397
vn 0.2600 -0.7282 -0.6342
vn 0.5575 -0.3717 -0.7423
vn 0.6212 -0.4142 0.6652
vn 0.8806 -0.1765 0.4397
vn -0.2600 0.7282 0.6341
vn -0.0748 0.9972 -0.0000
vn -0.9993 -0.0375 -0.0000
vn -0.8806 0.1765 -0.4397
vn -0.7722 -0.0400 0.6342
vn -0.5015 0.7451 -0.4397
vn -0.5575 0.3717 0.7423
vn -0.6212 0.4142 -0.6652
vn -0.5575 0.3717 -0.7423
vn -0.6212 0.4142 0.6652
vn -0.2600 0.7282 -0.6341
vn -0.8806 0.1765 0.4397
vn 0.0748 -0.9972 -0.0000
vn 0.7722 0.0400 0.6342
vn 0.9493 0.3143 -0.0000
vn 0.7722 0.0400 -0.6342
vn 0.5575 -0.3717 0.7423
vn 0.2600 -0.7282 0.6342
vn 0.9993 0.0375 -0.0000
vn 0.8806 -0.1765 -0.4397
vn 0.6212 -0.4142 -0.6652
vn 0.5015 -0.7451 -0.4397
vn 0.5015 -0.7451 0.4397
vn 0.3496 -0.9369 -0.0000
vn -0.7837 -0.0323 0.6203
vn -0.4372 -0.6558 0.6155
vn 0.3248 0.4872 0.8106
vn 0.5554 0.0403 0.8306
vn -0.7837 -0.0323 -0.6203
vn -0.6176 0.4118 -0.6701
vn 0.5535 -0.3690 -0.7466
vn 0.5554 0.0403 -0.8306
vn 0.7837 0.0323 0.6203
vn 0.4372 0.6558 0.6155
vn -0.3249 -0.4872 0.8106
vn -0.5554 -0.0403 0.8306
vn 0.2715 -0.7359 0.6203
vn -0.1763 0.5282 0.8306
vn 0.6176 -0.4118 0.6701
vn -0.5535 0.3690 0.7466
vn -0.6176 0.4118 0.6701
vn 0.5535 -0.3690 0.7466
vn -0.2715 0.7359 0.6203
vn 0.1763 -0.5282 0.8306
vn -0.4372 -0.6558 -0.6155
vn 0.7837 0.0323 -0.6203
vn 0.4372 0.6558 -0.6155
vn -0.2715 0.7359 -0.6203
vn 0.6176 -0.4118 -0.6701
vn 0.2715 -0.7359 -0.6203
vn 0.3248 0.4872 -0.8106
vn -0.1763 0.5282 -0.8306
vn -0.5535 0.3690 -0.7466
vn -0.5554 -0.0403 -0.8306
vn 0.1763 -0.5282 -0.8306
vn -0.3249 -0.4872 -0.8106
vn -0.7722 -0.0400 -0.6341
vn 0.2599 -0.7282 -0.6342
vn -0.7722 -0.0400 0.6341
vn 0.2599 -0.7282 0.6342
vn 0.5575 -0.3718 0.7423
vn -0.5575 0.3718 0.7423
vn -0.2599 0.7282 0.6342
vn -0.2599 0.7282 -0.6342
vn 0.5575 -0.3718 -0.7423
vn -0.5575 0.3718 -0.7423
vn 0.8806 -0.1765 0.4398
vn 0.8806 -0.1765 -0.4398
vn -0.3248 -0.4872 0.8106
vn -0.3248 -0.4872 -0.8106
vn 0.7722 0.0400 0.6341
vn 0.7722 0.0400 -0.6341
vn -0.5554 -0.0404 0.8306
vn -0.5554 -0.0404 -0.8306
vn -0.2600 0.7282 0.6342
vn -0.2600 0.7282 -0.6342
vn -0.6342 -0.0400 -0.7722
vn -0.0000 -0.3143 -0.9493
vn -0.0000 -0.9972 0.0748
vn -0.6342 -0.7282 0.2600
vn 0.6342 -0.0400 -0.7722
vn 0.7423 0.3717 -0.5575
vn 0.7423 -0.3717 0.5575
vn 0.6342 -0.7282 0.2600
vn 0.6341 0.7282 -0.2600
vn -0.0000 0.9972 -0.0748
vn -0.0000 0.3143 0.9493
vn 0.6342 0.0400 0.7722
vn -0.6341 0.7282 -0.2600
vn -0.7423 0.3717 -0.5575
vn -0.7423 -0.3717 0.5575
vn -0.6342 0.0400 0.7722
vn 0.4397 0.7451 -0.5015
vn 0.4397 -0.1765 0.8806
vn -0.0000 0.0375 0.9993
vn -0.0000 0.9369 -0.3496
vn -0.4397 0.7451 -0.5015
vn -0.4397 -0.1765 0.8806
vn -0.6652 -0.4142 0.6212
vn -0.6652 0.4142 -0.6212
vn -0.4397 0.1765 -0.8806
vn -0.4397 -0.7451 0.5015
vn -0.0000 -0.9369 0.3496
vn -0.0000 -0.0375 -0.9993
vn 0.4397 0.1765 -0.8806
vn 0.4397 -0.7451 0.5015
vn 0.6652 -0.4142 0.6212
vn 0.6652 0.4142 -0.6212
vn 0.6203 -0.0323 -0.7837
vn 0.8306 0.0403 0.5554
vn 0.8106 0.4872 0.3249
vn 0.6155 -0.6558 -0.4372
vn -0.6203 -0.0323 -0.7837
vn -0.8306 0.0403 0.5554
vn -0.7466 -0.3690 0.5535
vn -0.6701 0.4118 -0.6176
vn 0.6203 0.0323 0.7837
vn 0.8306 -0.0403 -0.5554
vn 0.8106 -0.4872 -0.3249
vn 0.6155 0.6558 0.4372
vn 0.8306 0.5282 -0.1763
vn 0.6203 -0.7359 0.2715
vn 0.7466 0.3690 -0.5535
vn 0.6701 -0.4118 0.6176
vn 0.6701 0.4118 -0.6176
vn 0.7466 -0.3690 0.5535
vn 0.8306 -0.5282 0.1763
vn 0.6203 0.7359 -0.2715
vn -0.6155 -0.6558 -0.4372
vn -0.6155 0.6558 0.4372
vn -0.6203 0.0323 0.7837
vn -0.6203 0.7359 -0.2715
vn -0.6701 -0.4118 0.6176
vn -0.6203 -0.7359 0.2715
vn -0.8106 0.4872 0.3249
vn -0.7466 0.3690 -0.5535
vn -0.8306 0.5282 -0.1763
vn -0.8306 -0.0403 -0.5554
vn -0.8106 -0.4872 -0.3249
vn -0.8306 -0.5282 0.1763
vn -0.6341 -0.0400 -0.7722
vn -0.6342 -0.7282 0.2599
vn 0.6341 -0.0400 -0.7722
vn 0.7423 0.3718 -0.5575
vn 0.7423 -0.3718 0.5575
vn 0.6342 -0.7282 0.2599
vn 0.6342 0.7282 -0.2599
vn -0.6342 0.7282 -0.2599
vn -0.7423 0.3718 -0.5575
vn -0.7423 -0.3718 0.5575
vn 0.4398 -0.1765 0.8806
vn -0.4398 -0.1765 0.8806
vn 0.8106 0.4872 0.3248
vn 0.8106 -0.4872 -0.3248
vn -0.8106 0.4872 0.3248
vn -0.8106 -0.4872 -0.3248
vn 0.6341 0.0400 0.7722
vn -0.6341 0.0400 0.7722
vn 0.8306 -0.0404 -0.5554
vn -0.8306 -0.0404 -0.5554
vn 0.6342 0.7282 -0.2600
vn -0.6342 0.7282 -0.2600
vn 0.6302 0.5490 0.5490
vn 0.6302 0.7764 -0.0000
vn -0.6302 0.7764 -0.0000
vn -0.6302 0.5490 0.5490
vn -0.8042 -0.4203 0.4203
vn -0.8042 -0.5944 -0.0000
vn -0.6302 0.5490 -0.5490
vn 0.6302 -0.5490 0.5490
vn 0.6302 -0.0000 0.7764
vn -0.6302 -0.0000 0.7764
vn -0.6302 -0.5490 0.5490
vn 0.6302 -0.0000 -0.7764
vn 0.6302 -0.5490 -0.5490
vn -0.6302 -0.5490 -0.5490
vn -0.6302 -0.0000 -0.7764
vn 0.6302 -0.7764 -0.0000
vn -0.6302 -0.7764 -0.0000
vn 0.6302 0.5490 -0.5490
vn 0.8042 0.4203 0.4203
vn -0.8042 0.4203 0.4203
vn -0.8042 0.5944 -0.0000
vn 0.8042 0.5944 -0.0000
vn 0.8042 -0.0000 -0.5944
vn -0.8042 -0.0000 -0.5944
vn -0.8042 -0.4203 -0.4203
vn 0.8042 -0.4203 -0.4203
vn 0.8042 0.4203 -0.4203
vn -0.8042 0.4203 -0.4203
vn 0.8042 -0.4203 0.4203
vn -0.8042 -0.0000 0.5944
vn 0.8042 -0.0000 0.5944
vn 0.8042 -0.5944 -0.0000
vn -0.6342 -0.0400 0.7722
vn -0.0000 -0.3143 0.9493
vn -0.0000 0.9369 0.3496
vn 0.4397 0.7451 0.5015
vn -0.6342 -0.7282 -0.2600
vn -0.7423 -0.3717 -0.5575
vn 0.6652 -0.4142 -0.6212
vn 0.4397 -0.1765 -0.8806
vn 0.6341 0.7282 0.2600
vn -0.0000 0.9972 0.0748
vn -0.0000 -0.0375 0.9993
vn -0.4397 0.1765 0.8806
vn 0.6342 -0.0400 0.7722
vn -0.4397 0.7451 0.5015
vn 0.7423 0.3717 0.5575
vn -0.6652 0.4142 0.6212
vn -0.7423 0.3717 0.5575
vn 0.6652 0.4142 0.6212
vn -0.6341 0.7282 0.2600
vn 0.4397 0.1765 0.8806
vn -0.0000 -0.9972 -0.0748
vn 0.6342 0.0400 -0.7722
vn -0.0000 0.3143 -0.9493
vn -0.6342 0.0400 -0.7722
vn 0.7423 -0.3717 -0.5575
vn 0.6342 -0.7282 -0.2600
vn -0.0000 0.0375 -0.9993
vn -0.4397 -0.1765 -0.8806
vn -0.6652 -0.4142 -0.6212
vn -0.4397 -0.7451 -0.5015
vn 0.4397 -0.7451 -0.5015
vn -0.0000 -0.9369 -0.3496
vn 0.6203 -0.0323 0.7837
vn 0.6155 -0.6558 0.4372
vn 0.8106 0.4872 -0.3248
vn 0.8306 0.0403 -0.5554
vn -0.6203 -0.0323 0.7837
vn -0.6701 0.4118 0.6176
vn -0.7466 -0.3690 -0.5535
vn -0.8306 0.0403 -0.5554
vn 0.6203 0.0323 -0.7837
vn 0.6155 0.6558 -0.4372
vn 0.8106 -0.4872 0.3249
vn 0.8306 -0.0403 0.5554
vn 0.6203 -0.7359 -0.2715
vn 0.8306 0.5282 0.1763
vn 0.6701 -0.4118 -0.6176
vn 0.7466 0.3690 0.5535
vn 0.6701 0.4118 0.6176
vn 0.7466 -0.3690 -0.5535
vn 0.6203 0.7359 0.2715
vn 0.8306 -0.5282 -0.1763
vn -0.6155 -0.6558 0.4372
vn -0.6203 0.0323 -0.7837
vn -0.6155 0.6558 -0.4372
vn -0.6203 0.7359 0.2715
vn -0.6701 -0.4118 -0.6176
vn -0.6203 -0.7359 -0.2715
vn -0.8106 0.4872 -0.3248
vn -0.8306 0.5282 0.1763
vn -0.7466 0.3690 0.5535
vn -0.8306 -0.0403 0.5554
vn -0.8306 -0.5282 -0.1763
vn -0.8106 -0.4872 0.3249
vn -0.6341 -0.0400 0.7722
vn -0.6342 -0.7282 -0.2599
vn 0.6341 -0.0400 0.7722
vn 0.6342 -0.7282 -0.2599
vn 0.7423 -0.3718 -0.5575
vn 0.7423 0.3718 0.5575
vn 0.6342 0.7282 0.2600
vn -0.6342 0.7282 0.2600
vn -0.7423 -0.3718 -0.5575
vn -0.7423 0.3718 0.5575
vn 0.4398 -0.1765 -0.8806
vn -0.4398 -0.1765 -0.8806
vn 0.8106 -0.4872 0.3248
vn -0.8106 -0.4872 0.3248
vn 0.6342 0.7282 0.2599
vn 0.6341 0.0400 -0.7722
vn -0.6342 0.7282 0.2599
vn -0.6341 0.0400 -0.7722
vn 0.8306 -0.0404 0.5554
vn -0.8306 -0.0404 0.5554
vn 0.3661 -0.6526 -0.6634
vn 0.4660 -0.5318 -0.7071
vn 0.4660 -0.5318 0.7071
vn 0.3661 -0.6526 0.6634
vn -0.3188 0.5702 0.7571
vn -0.1905 0.6157 0.7646
vn 0.2316 -0.7410 0.6303
vn -0.3188 0.5702 -0.7571
vn -0.4660 0.5318 -0.7071
vn -0.1905 0.6157 -0.7646
vn -0.4660 0.5318 0.7071
vn 0.7571 0.5702 -0.3188
vn 0.6634 -0.6526 0.3661
vn 0.6303 -0.7410 0.2316
vn 0.7646 0.6157 -0.1905
vn 0.2316 -0.7410 -0.6303
vn -0.6634 -0.6526 0.3661
vn -0.6303 -0.7410 0.2316
vn -0.7571 0.5702 -0.3188
vn -0.7071 0.5318 -0.4660
vn 0.7071 0.5318 -0.4660
vn -0.3661 -0.6526 0.6634
vn -0.4660 -0.5318 0.7071
vn -0.4660 -0.5318 -0.7071
vn -0.3661 -0.6526 -0.6634
vn 0.3188 0.5702 -0.7571
vn 0.1905 0.6157 -0.7646
vn -0.2316 -0.7410 -0.6303
vn 0.3188 0.5702 0.7571
vn 0.1905 0.6157 0.7646
vn -0.7646 0.6157 -0.1905
vn 0.4660 0.5318 -0.7071
vn 0.7071 -0.5318 0.4660
vn -0.7071 -0.5318 0.4660
vn -0.5774 -0.5774 0.5774
vn -0.5774 0.5774 0.5774
vn -0.5774 0.5774 -0.5774
vn -0.5774 -0.5774 -0.5774
vn 0.5774 -0.5774 -0.5774
vn 0.5774 0.5774 -0.5774
vn 0.5774 0.5774 0.5774
vn 0.5774 -0.5774 0.5774
vn -0.6634 -0.6526 -0.3661
vn -0.7071 -0.5318 -0.4660
vn 0.7071 -0.5318 -0.4660
vn 0.6634 -0.6526 -0.3661
vn -0.7571 0.5702 0.3188
vn -0.7071 0.5318 0.4660
vn 0.4660 0.5318 0.7071
vn 0.7071 0.5318 0.4660
vn 0.7571 0.5702 0.3188
vn 0.6303 -0.7410 -0.2316
vn -0.6303 -0.7410 -0.2316
vn 0.7646 0.6157 0.1905
vn -0.7646 0.6157 0.1905
vn -0.2316 -0.7410 0.6303
vn 0.6342 -0.4617 0.6203
vn -0.4397 0.3417 0.8306
vn -0.0000 0.5856 0.8106
vn -0.0000 -0.7882 0.6155
vn 0.6342 -0.4617 -0.6203
vn -0.4397 0.3417 -0.8306
vn -0.6652 -0.0000 -0.7466
vn 0.7423 -0.0000 -0.6701
vn -0.6342 0.4617 0.6203
vn 0.4397 -0.3417 0.8306
vn -0.0000 -0.5856 0.8106
vn -0.0000 0.7882 0.6155
vn 0.4397 0.3417 0.8306
vn -0.6342 -0.4617 0.6203
vn 0.6652 -0.0000 0.7466
vn -0.7423 -0.0000 0.6701
vn 0.7423 -0.0000 0.6701
vn -0.6652 -0.0000 0.7466
vn -0.4397 -0.3417 0.8306
vn 0.6342 0.4617 0.6203
vn -0.0000 -0.7882 -0.6155
vn -0.0000 0.7882 -0.6155
vn -0.6342 0.4617 -0.6203
vn 0.6342 0.4617 -0.6203
vn -0.7423 -0.0000 -0.6701
vn -0.6342 -0.4617 -0.6203
vn -0.0000 0.5856 -0.8106
vn 0.6652 -0.0000 -0.7466
vn 0.4397 0.3417 -0.8306
vn 0.4397 -0.3417 -0.8306
vn -0.0000 -0.5856 -0.8106
vn -0.4397 -0.3417 -0.8306
vn 0.6203 -0.4617 -0.6342
vn 0.6155 -0.7882 -0.0000
vn -0.6155 -0.7882 -0.0000
vn -0.6203 -0.4617 -0.6342
vn 0.6203 -0.4617 0.6342
vn 0.6701 -0.0000 0.7423
vn -0.6701 -0.0000 0.7423
vn -0.6203 -0.4617 0.6342
vn 0.6203 0.4617 0.6342
vn 0.6155 0.7882 -0.0000
vn -0.6155 0.7882 -0.0000
vn -0.6203 0.4617 0.6342
vn 0.6203 0.4617 -0.6342
vn 0.6701 -0.0000 -0.7423
vn -0.6701 -0.0000 -0.7423
vn -0.6203 0.4617 -0.6342
vn 0.8306 0.3417 0.4397
vn -0.8306 0.3417 0.4397
vn -0.8106 0.5856 -0.0000
vn 0.8106 0.5856 -0.0000
vn 0.8306 0.3417 -0.4397
vn -0.8306 0.3417 -0.4397
vn -0.7466 -0.0000 -0.6652
vn 0.7466 -0.0000 -0.6652
vn 0.8306 -0.3417 -0.4397
vn -0.8306 -0.3417 -0.4397
vn -0.8106 -0.5856 -0.0000
vn 0.8106 -0.5856 -0.0000
vn 0.8306 -0.3417 0.4397
vn -0.8306 -0.3417 0.4397
vn -0.7466 -0.0000 0.6652
vn 0.7466 -0.0000 0.6652
vn -0.8106 0.5855 -0.0000
vn 0.8106 0.5855 -0.0000
vn -0.8106 -0.5855 -0.0000
vn 0.8106 -0.5855 -0.0000
vn -0.0000 0.5855 0.8106
vn -0.0000 0.5855 -0.8106
vn -0.0000 -0.5855 -0.8106
vn 0.6341 -0.4617 0.6203
vn 0.6341 -0.4617 -0.6203
vn -0.6341 0.4617 0.6203
vn -0.6341 -0.4617 0.6203
vn 0.6341 0.4617 0.6203
vn -0.6341 0.4617 -0.6203
vn 0.6341 0.4617 -0.6203
vn -0.6341 -0.4617 -0.6203
vn -0.0000 -0.5855 0.8106
vn 0.6897 -0.7241 -0.0000
vn 0.4877 -0.7241 -0.4877
vn 0.7035 0.1010 -0.7035
vn 0.9949 0.1010 -0.0000
vn -0.0000 0.6376 -0.7704
vn -0.0000 -0.7241 -0.6897
vn 0.5447 0.6376 -0.5447
vn -0.4877 -0.7241 0.4877
vn -0.0000 -0.7241 0.6897
vn -0.0000 0.1010 0.9949
vn -0.7035 0.1010 0.7035
vn 0.7704 0.6376 -0.0000
vn -0.4877 -0.7241 -0.4877
vn -0.7035 0.1010 -0.7035
vn -0.0000 0.1010 -0.9949
vn 0.4877 -0.7241 0.4877
vn 0.5447 0.6376 0.5447
vn 0.7035 0.1010 0.7035
vn -0.0000 0.6376 0.7704
vn -0.6897 -0.7241 -0.0000
vn -0.9949 0.1010 -0.0000
vn -0.5447 0.6376 0.5447
vn -0.7704 0.6376 -0.0000
vn 0.5944 0.8042 -0.0000
vn 0.4203 0.8042 -0.4203
vn 0.5490 0.6302 -0.5490
vn 0.7764 0.6302 -0.0000
vn -0.5447 0.6376 -0.5447
vn -0.0000 -0.6582 -0.7529
vn 0.5324 -0.6582 -0.5324
vn 0.7529 -0.6582 -0.0000
vn 0.5324 -0.6582 0.5324
vn -0.0000 -0.6582 0.7529
vn -0.5324 -0.6582 0.5324
vn -0.7529 -0.6582 -0.0000
vn -0.5324 -0.6582 -0.5324
vn -0.4203 0.8042 -0.4203
vn -0.0000 0.8042 -0.5944
vn -0.5944 0.8042 -0.0000
vn -0.4203 0.8042 0.4203
vn -0.0000 0.8042 0.5944
vn 0.4203 0.8042 0.4203
vn -0.0000 0.6303 -0.7764
vn 0.5490 0.6303 -0.5490
vn 0.5490 0.6302 0.5490
vn -0.0000 0.6302 0.7764
vn -0.5490 0.6302 0.5490
vn -0.7764 0.6302 -0.0000
vn -0.5490 0.6302 -0.5490
vn -0.0000 0.6302 -0.7764
vn -0.5188 -0.6794 -0.5188
vn -0.0000 -0.6794 -0.7337
vn -0.7337 -0.6794 -0.0000
vn -0.5188 -0.6794 0.5188
vn -0.0000 -0.6794 0.7337
vn 0.5188 -0.6794 0.5188
vn 0.7337 -0.6794 -0.0000
vn 0.5188 -0.6794 -0.5188
vn -0.0000 0.4669 0.8843
vn 0.6253 0.4669 0.6253
vn 0.8168 -0.5769 -0.0000
vn 0.5776 -0.5769 0.5776
vn -0.6253 0.4669 0.6253
vn -0.0000 -0.5769 0.8168
vn -0.8843 0.4669 -0.0000
vn -0.5776 -0.5769 0.5776
vn -0.6253 0.4669 -0.6253
vn -0.8168 -0.5769 -0.0000
vn -0.5776 -0.5769 -0.5776
vn -0.0000 0.4669 -0.8843
vn -0.0000 -0.5769 -0.8168
vn 0.8843 0.4669 -0.0000
vn 0.5776 -0.5769 -0.5776
vn 0.6253 0.4669 -0.6253
vn -0.7071 -0.7071 -0.0000
vn -0.7071 0.7071 -0.0000
vn 0.7071 -0.7071 -0.0000
vn 0.7071 0.7071 -0.0000
vn -0.5490 0.6303 -0.5490
vn -0.7764 0.6303 -0.0000
vn -0.5490 0.6303 0.5490
vn -0.0000 0.6303 0.7764
vn 0.5490 0.6303 0.5490
vn 0.7764 0.6303 -0.0000
vn -0.0000 -0.7071 0.7071
vn -0.0000 0.7071 0.7071
vn -0.0000 -0.7071 -0.7071
vn -0.0000 0.7071 -0.7071
vn -0.5000 -0.7071 0.5000
vn -0.5000 0.7071 0.5000
vn 0.5000 -0.7071 -0.5000
vn 0.5000 0.7071 -0.5000
vn 0.5000 -0.7071 0.5000
vn 0.5000 0.7071 0.5000
vn -0.5000 -0.7071 -0.5000
vn -0.5000 0.7071 -0.5000
s 1
f 13//1 29//2 28//3 12//4
f 6//5 22//6 21//7 5//8
f 14//9 30//10 29//2 13//1
f 7//11 23//12 22//6 6//5
f 15//13 31//14 30//10 14//9
f 8//15 24//16 23//12 7//11
f 16//17 32//18 31//14 15//13
f 9//19 25//20 24//16 8//15
f 2//21 18//22 17//23 1//24
f 1//24 17//23 32//18 16//17
f 10//25 26//26 25//20 9//19
f 3//27 19//28 18//22 2//21
f 11//29 27//30 26//26 10//25
f 4//31 20//32 19//28 3//27
f 12//4 28//3 27//30 11//29
f 5//8 21//7 20//32 4//31
f 45//33 44//34 60//35 61//36
f 38//37 37//38 53//39 54//40
f 46//41 45//33 61//36 62//42
f 39//43 38//37 54//40 55//44
f 47//45 46//41 62//42 63//46
f 40//47 39//43 55//44 56//48
f 48//49 47//45 63//46 64//50
f 41//51 40//47 56//48 57//52
f 34//53 33//54 49//55 50//56
f 33//54 48//49 64//50 49//55
f 42//57 41//51 57//52 58//58
f 35//59 34//53 50//56 51//60
f 43//61 42//57 58//58 59//62
f 36//63 35//59 51//60 52//64
f 44//34 43//61 59//62 60//35
f 37//38 36//63 52//64 53//39
f 26//26 27//30 59//62 58//58
f 14//9 13//1 45//33 46//41
f 27//30 28//3 60//35 59//62
f 15//13 14//9 46//41 47//45
f 2//21 1//24 33//54 34//53
f 28//3 29//2 61//36 60//35
f 16//17 15//13 47//45 48//49
f 3//27 2//21 34//53 35//59
f 29//2 30//10 62//42 61//36
f 1//24 16//17 48//49 33//54
f 4//31 3//27 35//59 36//63
f 30//10 31//14 63//46 62//42
f 17//23 18//22 50//56 49//55
f 5//8 4//31 36//63 37//38
f 31//14 32//18 64//50 63//46
f 18//22 19//28 51//60 50//56
f 6//5 5//8 37//38 38//37
f 32//18 17//23 49//55 64//50
f 19//28 20//32 52//64 51//60
f 7//11 6//5 38//37 39//43
f 20//32 21//7 53//39 52//64
f 8//15 7//11 39//43 40//47
f 21//7 22//6 54//40 53//39
f 9//19 8//15 40//47 41//51
f 22//6 23//12 55//44 54//40
f 10//25 9//19 41//51 42//57
f 23//12 24//16 56//48 55//44
f 11//29 10//25 42//57 43//61
f 24//16 25//20 57//52 56//48
f 12//4 11//29 43//61 44//34
f 25//20 26//26 58//58 57//52
f 13//1 12//4 44//34 45//33
f 77//1 93//2 92//3 76//4
f 70//5 86//6 85//7 69//8
f 78//9 94//10 93//2 77//1
f 71//11 87//12 86//6 70//5
f 79//13 95//14 94//10 78//9
f 72//15 88//16 87//12 71//11
f 80//17 96//18 95//14 79//13
f 73//19 89//20 88//16 72//15
f 66//21 82//22 81//23 65//24
f 65//24 81//23 96//18 80//17
f 74//25 90//26 89//20 73//19
f 67//27 83//28 82//22 66//21
f 75//29 91//30 90//26 74//25
f 68//31 84//32 83//28 67//27
f 76//4 92//3 91//30 75//29
f 69//8 85//7 84//32 68//31
f 109//33 108//34 124//35 125//36
f 102//37 101//38 117//39 118//40
f 110//41 109//33 125//36 126//42
f 103//43 102//37 118//40 119//44
f 111//45 110//41 126//42 127//46
f 104//47 103//43 119//44 120//48
f 112//49 111//45 127//46 128//50
f 105//51 104//47 120//48 121//52
f 98//53 97//54 113//55 114//56
f 97//54 112//49 128//50 113//55
f 106//57 105//51 121//52 122//58
f 99//59 98//53 114//56 115//60
f 107//61 106//57 122//58 123//62
f 100//63 99//59 115//60 116//64
f 108//34 107//61 123//62 124//35
f 101//38 100//63 116//64 117//39
f 90//26 91//30 123//62 122//58
f 78//9 77//1 109//33 110//41
f 91//30 92//3 124//35 123//62
f 79//13 78//9 110//41 111//45
f 66//21 65//24 97//54 98//53
f 92//3 93//2 125//36 124//35
f 80//17 79//13 111//45 112//49
f 67//27 66//21 98//53 99//59
f 93//2 94//10 126//42 125//36
f 65//24 80//17 112//49 97//54
f 68//31 67//27 99//59 100//63
f 94//10 95//14 127//46 126//42
f 81//23 82//22 114//56 113//55
f 69//8 68//31 100//63 101//38
f 95//14 96//18 128//50 127//46
f 82//22 83//28 115//60 114//56
f 70//5 69//8 101//38 102//37
f 96//18 81//23 113//55 128//50
f 83//28 84//32 116//64 115//60
f 71//11 70//5 102//37 103//43
f 84//32 85//7 117//39 116//64
f 72//15 71//11 103//43 104//47
f 85//7 86//6 118//40 117//39
f 73//19 72//15 104//47 105//51
f 86//6 87//12 119//44 118//40
f 74//25 73//19 105//51 106//57
f 87//12 88//16 120//48 119//44
f 75//29 74//25 106//57 107//61
f 88//16 89//20 121//52 120//48
f 76//4 75//29 107//61 108//34
f 89//20 90//26 122//58 121//52
f 77//1 76//4 108//34 109//33
f 136//65 135//66 143//67 144//68
f 134//69 133//70 141//71 142//72
f 132//73 131//74 139//75 140//76
f 130//77 129//78 137//79 138//80
f 129//78 136//65 144//68 137//79
f 135//66 134//69 142//72 143//67
f 133//70 132//73 140//76 141//71
f 131//74 130//77 138//80 139//75
f 152//81 160//82 159//83 151//84
f 150//85 158//86 157//87 149//88
f 148//89 156//90 155//91 147//92
f 146//93 154//94 153//95 145//96
f 145//96 153//95 160//82 152//81
f 151//84 159//83 158//86 150//85
f 149//88 157//87 156//90 148//89
f 147//92 155//91 154//94 146//93
f 136//65 152//81 151//84 135//66
f 143//67 159//83 160//82 144//68
f 129//78 145//96 152//81 136//65
f 130//77 146//93 145//96 129//78
f 144//68 160//82 153//95 137//79
f 137//79 153//95 154//94 138//80
f 131//74 147//92 146//93 130//77
f 138//80 154//94 155//91 139//75
f 132//73 148//89 147//92 131//74
f 139//75 155//91 156//90 140//76
f 133//70 149//88 148//89 132//73
f 140//76 156//90 157//87 141//71
f 134//69 150//85 149//88 133//70
f 141//71 157//87 158//86 142//72
f 135//66 151//84 150//85 134//69
f 142//72 158//86 159//83 143//67
f 185//97 169//98 170//99 186//100
f 177//101 161//102 168//103 184//104
f 189//105 173//106 174//107 190//108
f 186//100 170//99 171//109 187//110
f 187//110 171//109 172//111 188//112
f 192//113 176//114 169//98 185//97
f 190//108 174//107 175//115 191//116
f 188//112 172//111 173//106 189//105
f 185//97 186//100 178//117 177//101
f 189//105 190//108 182//118 181//119
f 192//113 185//97 177//101 184//104
f 190//108 191//116 183//120 182//118
f 188//112 189//105 181//119 180//121
f 187//110 188//112 180//121 179//122
f 191//116 192//113 184//104 183//120
f 186//100 187//110 179//122 178//117
f 178//117 162//123 161//102 177//101
f 169//98 161//102 162//123 170//99
f 180//121 164//124 163//125 179//122
f 179//122 163//125 162//123 178//117
f 172//111 164//124 165//126 173//106
f 174//107 166//127 167//128 175//115
f 181//119 165//126 164//124 180//121
f 170//99 162//123 163//125 171//109
f 182//118 166//127 165//126 181//119
f 176//114 168//103 161//102 169//98
f 183//120 167//128 166//127 182//118
f 175//115 167//128 168//103 176//114
f 184//104 168//103 167//128 183//120
f 173//106 165//126 166//127 174//107
f 191//116 175//115 176//114 192//113
f 171//109 163//125 164//124 172//111
f 200//129 199//66 207//67 208//130
f 198//131 197//132 205//133 206//134
f 196//135 195//74 203//75 204//76
f 194//136 193//137 201//138 202//80
f 193//137 200//129 208//130 201//138
f 199//66 198//131 206//134 207//67
f 197//132 196//135 204//76 205//133
f 195//74 194//136 202//80 203//75
f 216//81 224//139 223//83 215//84
f 214//85 222//140 221//87 213//88
f 212//89 220//90 219//91 211//92
f 210//93 218//94 217//95 209//96
f 209//96 217//95 224//139 216//81
f 215//84 223//83 222//140 214//85
f 213//88 221//87 220//90 212//89
f 211//92 219//91 218//94 210//93
f 200//129 216//81 215//84 199//66
f 207//67 223//83 224//139 208//130
f 193//137 209//96 216//81 200//129
f 194//136 210//93 209//96 193//137
f 208//130 224//139 217//95 201//138
f 201//138 217//95 218//94 202//80
f 195//74 211//92 210//93 194//136
f 202//80 218//94 219//91 203//75
f 196//135 212//89 211//92 195//74
f 203//75 219//91 220//90 204//76
f 197//132 213//88 212//89 196//135
f 204//76 220//90 221//87 205//133
f 198//131 214//85 213//88 197//132
f 205//133 221//87 222//140 206//134
f 199//66 215//84 214//85 198//131
f 206//134 222//140 223//83 207//67
f 249//97 233//98 234//141 250//100
f 241//101 225//102 232//103 248//104
f 253//105 237//106 238//142 254//108
f 250//100 234//141 235//109 251//110
f 251//110 235//109 236//111 252//112
f 256//113 240//114 233//98 249//97
f 254//108 238//142 239//115 255//116
f 252//112 236//111 237//106 253//105
f 249//97 250//100 242//117 241//101
f 253//105 254//108 246//118 245//119
f 256//113 249//97 241//101 248//104
f 254//108 255//116 247//120 246//118
f 252//112 253//105 245//119 244//121
f 251//110 252//112 244//121 243//122
f 255//116 256//113 248//104 247//120
f 250//100 251//110 243//122 242//117
f 242//117 226//143 225//102 241//101
f 233//98 225//102 226//143 234//141
f 244//121 228//124 227//125 243//122
f 243//122 227//125 226//143 242//117
f 236//111 228//124 229//126 237//106
f 238//142 230//144 231//128 239//115
f 245//119 229//126 228//124 244//121
f 234//141 226//143 227//125 235//109
f 246//118 230//144 229//126 245//119
f 240//114 232//103 225//102 233//98
f 247//120 231//128 230//144 246//118
f 239//115 231//128 232//103 240//114
f 248//104 232//103 231//128 247//120
f 237//106 229//126 230//144 238//142
f 255//116 239//115 240//114 256//113
f 235//109 227//125 228//124 236//111
f 264//65 263//66 271//67 272//130
f 262//69 261//70 269//133 270//134
f 260//135 259//74 267//75 268//145
f 258//136 257//78 265//138 266//146
f 257//78 264//65 272//130 265//138
f 263//66 262//69 270//134 271//67
f 261//70 260//135 268//145 269//133
f 259//74 258//136 266//146 267//75
f 280//81 288//82 287//83 279//84
f 278//85 286//86 285//87 277//88
f 276//89 284//90 283//91 275//92
f 274//93 282//94 281//95 273//96
f 273//96 281//95 288//82 280//81
f 279//84 287//83 286//86 278//85
f 277//88 285//87 284//90 276//89
f 275//92 283//91 282//94 274//93
f 264//65 280//81 279//84 263//66
f 271//67 287//83 288//82 272//130
f 257//78 273//96 280//81 264//65
f 258//136 274//93 273//96 257//78
f 272//130 288//82 281//95 265//138
f 265//138 281//95 282//94 266//146
f 259//74 275//92 274//93 258//136
f 266//146 282//94 283//91 267//75
f 260//135 276//89 275//92 259//74
f 267//75 283//91 284//90 268//145
f 261//70 277//88 276//89 260//135
f 268//145 284//90 285//87 269//133
f 262//69 278//85 277//88 261//70
f 269//133 285//87 286//86 270//134
f 263//66 279//84 278//85 262//69
f 270//134 286//86 287//83 271//67
f 313//97 297//98 298//141 314//100
f 305//101 289//102 296//103 312//104
f 317//105 301//147 302//142 318//108
f 314//100 298//141 299//109 315//110
f 315//110 299//109 300//111 316//112
f 320//113 304//114 297//98 313//97
f 318//108 302//142 303//115 319//116
f 316//112 300//111 301//147 317//105
f 313//97 314//100 306//117 305//101
f 317//105 318//108 310//118 309//119
f 320//113 313//97 305//101 312//104
f 318//108 319//116 311//120 310//118
f 316//112 317//105 309//119 308//121
f 315//110 316//112 308//121 307//122
f 319//116 320//113 312//104 311//120
f 314//100 315//110 307//122 306//117
f 306//117 290//143 289//102 305//101
f 297//98 289//102 290//143 298//141
f 308//121 292//124 291//125 307//122
f 307//122 291//125 290//143 306//117
f 300//111 292//124 293//148 301//147
f 302//142 294//144 295//128 303//115
f 309//119 293//148 292//124 308//121
f 298//141 290//143 291//125 299//109
f 310//118 294//144 293//148 309//119
f 304//114 296//103 289//102 297//98
f 311//120 295//128 294//144 310//118
f 303//115 295//128 296//103 304//114
f 312//104 296//103 295//128 311//120
f 301//147 293//148 294//144 302//142
f 319//116 303//115 304//114 320//113
f 299//109 291//125 292//124 300//111
f 328//65 327//66 335//67 336//130
f 326//69 325//70 333//133 334//134
f 324//149 323//74 331//75 332//76
f 322//136 321//78 329//138 330//80
f 321//78 328//65 336//130 329//138
f 327//66 326//69 334//134 335//67
f 325//70 324//149 332//76 333//133
f 323//74 322//136 330//80 331//75
f 344//81 352//82 351//83 343//84
f 342//85 350//86 349//87 341//88
f 340//89 348//90 347//91 339//92
f 338//93 346//94 345//95 337//96
f 337//96 345//95 352//82 344//81
f 343//84 351//83 350//86 342//85
f 341//88 349//87 348//90 340//89
f 339//92 347//91 346//94 338//93
f 328//65 344//81 343//84 327//66
f 335//67 351//83 352//82 336//130
f 321//78 337//96 344//81 328//65
f 322//136 338//93 337//96 321//78
f 336//130 352//82 345//95 329//138
f 329//138 345//95 346//94 330//80
f 323//74 339//92 338//93 322//136
f 330//80 346//94 347//91 331//75
f 324//149 340//89 339//92 323//74
f 331//75 347//91 348//90 332//76
f 325//70 341//88 340//89 324//149
f 332//76 348//90 349//87 333//133
f 326//69 342//85 341//88 325//70
f 333//133 349//87 350//86 334//134
f 327//66 343//84 342//85 326//69
f 334//134 350//86 351//83 335//67
f 354//150 353//151 368//152 367//153
f 376//154 369//155 368//152 361//156
f 356//157 355//158 366//159 365//160
f 359//161 358//162 363//163 362//164
f 357//165 356//157 365//160 364//166
f 353//151 360//167 361//156 368//152
f 355//158 354//150 367//153 366//159
f 360//167 359//161 362//164 361//156
f 379//168 374//169 373//170 380//171
f 382//172 371//173 370//174 383//175
f 381//176 372//177 371//173 382//172
f 377//178 376//154 375//179 378//180
f 380//171 373//170 372//177 381//176
f 378//180 375//179 374//169 379//168
f 384//181 369//155 376//154 377//178
f 383//175 370//174 369//155 384//181
f 370//174 371//173 366//159 367//153
f 369//155 370//174 367//153 368//152
f 375//179 376//154 361//156 362//164
f 381//176 382//172 355//158 356//157
f 374//169 375//179 362//164 363//163
f 371//173 372//177 365//160 366//159
f 379//168 380//171 357//165 358//162
f 382//172 383//175 354//150 355//158
f 378//180 379//168 358//162 359//161
f 383//175 384//181 353//151 354//150
f 384//181 377//178 360//167 353//151
f 377//178 378//180 359//161 360//167
f 373//170 374//169 363//163 364//166
f 372//177 373//170 364//166 365//160
f 358//162 357//165 364//166 363//163
f 380//171 381//176 356//157 357//165
f 409//182 410//183 394//184 393//185
f 401//186 408//187 392//188 385//189
f 413//190 414//191 398//192 397//193
f 410//183 411//194 395//195 394//184
f 411//194 412//196 396//197 395//195
f 416//198 409//182 393//185 400//199
f 414//191 415//200 399//201 398//192
f 412//196 413//190 397//193 396//197
f 409//182 401//186 402//202 410//183
f 413//190 405//203 406//204 414//191
f 416//198 408//187 401//186 409//182
f 414//191 406//204 407//205 415//200
f 412//196 404//206 405//203 413//190
f 411//194 403//207 404//206 412//196
f 415//200 407//205 408//187 416//198
f 410//183 402//202 403//207 411//194
f 402//202 401//186 385//189 386//208
f 393//185 394//184 386//208 385//189
f 404//206 403//207 387//209 388//210
f 403//207 402//202 386//208 387//209
f 396//197 397//193 389//211 388//210
f 398//192 399//201 391//212 390//213
f 405//203 404//206 388//210 389//211
f 394//184 395//195 387//209 386//208
f 406//204 405//203 389//211 390//213
f 400//199 393//185 385//189 392//188
f 407//205 406//204 390//213 391//212
f 399//201 400//199 392//188 391//212
f 408//187 407//205 391//212 392//188
f 397//193 398//192 390//213 389//211
f 415//200 416//198 400//199 399//201
f 395//195 396//197 388//210 387//209
f 418//175 431//174 432//155 417//181
f 443//162 444//165 437//166 438//163
f 420//176 429//177 430//173 419//172
f 423//180 426//179 427//169 422//168
f 421//171 428//170 429//177 420//176
f 417//181 432//155 425//154 424//178
f 419//172 430//173 431//174 418//175
f 424//178 425//154 426//179 423//180
f 441//167 442//161 439//164 440//156
f 445//157 446//158 435//159 436//160
f 446//158 447//150 434//153 435//159
f 425//154 432//155 433//152 440//156
f 442//161 443//162 438//163 439//164
f 444//165 445//157 436//160 437//166
f 447//150 448//151 433//152 434//153
f 448//151 441//167 440//156 433//152
f 421//171 420//176 445//157 444//165
f 428//170 427//169 438//163 437//166
f 418//175 417//181 448//151 447//150
f 417//181 424//178 441//167 448//151
f 422//168 421//171 444//165 443//162
f 420//176 419//172 446//158 445//157
f 419//172 418//175 447//150 446//158
f 424//178 423//180 442//161 441//167
f 430//173 429//177 436//160 435//159
f 429//177 428//170 437//166 436//160
f 426//179 425//154 440//156 439//164
f 432//155 431//174 434//153 433//152
f 431//174 430//173 435//159 434//153
f 427//169 426//179 439//164 438//163
f 422//168 427//169 428//170 421//171
f 423//180 422//168 443//162 442//161
f 473//214 474//215 458//216 457//217
f 465//218 472//219 456//220 449//221
f 477//222 478//223 462//224 461//225
f 474//215 475//226 459//227 458//216
f 475//226 476//228 460//229 459//227
f 480//230 473//214 457//217 464//231
f 478//223 479//232 463//233 462//224
f 476//228 477//222 461//225 460//229
f 473//214 465//218 466//234 474//215
f 477//222 469//235 470//236 478//223
f 480//230 472//219 465//218 473//214
f 478//223 470//236 471//237 479//232
f 476//228 468//238 469//235 477//222
f 475//226 467//239 468//238 476//228
f 479//232 471//237 472//219 480//230
f 474//215 466//234 467//239 475//226
f 466//234 465//218 449//221 450//240
f 457//217 458//216 450//240 449//221
f 468//238 467//239 451//241 452//242
f 467//239 466//234 450//240 451//241
f 460//229 461//225 453//243 452//242
f 462//224 463//233 455//244 454//245
f 469//235 468//238 452//242 453//243
f 458//216 459//227 451//241 450//240
f 470//236 469//235 453//243 454//245
f 464//231 457//217 449//221 456//220
f 471//237 470//236 454//245 455//244
f 463//233 464//231 456//220 455//244
f 472//219 471//237 455//244 456//220
f 461//225 462//224 454//245 453//243
f 479//232 480//230 464//231 463//233
f 459//227 460//229 452//242 451//241
f 488//246 496//247 495//202 487//183
f 486//248 494//249 493//250 485//251
f 484//252 492//203 491//204 483//191
f 482//253 490//205 489//254 481//255
f 481//255 489//254 496//247 488//246
f 487//183 495//202 494//249 486//248
f 485//251 493//250 492//203 484//252
f 483//191 491//204 490//205 482//253
f 504//185 503//184 511//208 512//256
f 502//195 501//197 509//210 510//257
f 500//193 499//192 507//213 508//211
f 498//201 497//199 505//188 506//212
f 497//199 504//185 512//256 505//188
f 503//184 502//195 510//257 511//208
f 501//197 500//193 508//211 509//210
f 499//192 498//201 506//212 507//213
f 488//246 487//183 503//184 504//185
f 495//202 496//247 512//256 511//208
f 481//255 488//246 504//185 497//199
f 482//253 481//255 497//199 498//201
f 496//247 489//254 505//188 512//256
f 489//254 490//205 506//212 505//188
f 483//191 482//253 498//201 499//192
f 490//205 491//204 507//213 506//212
f 484//252 483//191 499//192 500//193
f 491//204 492//203 508//211 507//213
f 485//251 484//252 500//193 501//197
f 492//203 493//250 509//210 508//211
f 486//248 485//251 501//197 502//195
f 493//250 494//249 510//257 509//210
f 487//183 486//248 502//195 503//184
f 494//249 495//202 511//208 510//257
f 537//214 538//215 522//216 521//217
f 529//218 536//219 520//220 513//221
f 541//222 542//223 526//258 525//225
f 538//215 539//226 523//227 522//216
f 539//226 540//228 524//229 523//227
f 544//230 537//214 521//217 528//231
f 542//223 543//232 527//233 526//258
f 540//228 541//222 525//225 524//229
f 537//214 529//218 530//234 538//215
f 541//222 533//235 534//236 542//223
f 544//230 536//219 529//218 537//214
f 542//223 534//236 535//237 543//232
f 540//228 532//238 533//235 541//222
f 539//226 531//239 532//238 540//228
f 543//232 535//237 536//219 544//230
f 538//215 530//234 531//239 539//226
f 530//234 529//218 513//221 514//240
f 521//217 522//216 514//240 513//221
f 532//238 531//239 515//241 516//242
f 531//239 530//234 514//240 515//241
f 524//229 525//225 517//243 516//242
f 526//258 527//233 519//244 518//259
f 533//235 532//238 516//242 517//243
f 522//216 523//227 515//241 514//240
f 534//236 533//235 517//243 518//259
f 528//231 521//217 513//221 520//220
f 535//237 534//236 518//259 519//244
f 527//233 528//231 520//220 519//244
f 536//219 535//237 519//244 520//220
f 525//225 526//258 518//259 517//243
f 543//232 544//230 528//231 527//233
f 523//227 524//229 516//242 515//241
f 552//182 560//247 559//202 551//183
f 550//194 558//249 557//250 549//196
f 548//252 556//260 555//204 547//191
f 546//253 554//261 553//254 545//198
f 545//198 553//254 560//247 552//182
f 551//183 559//202 558//249 550//194
f 549//196 557//250 556//260 548//252
f 547//191 555//204 554//261 546//253
f 568//185 567//184 575//208 576//189
f 566//195 565//197 573//210 574//209
f 564//193 563//192 571//213 572//211
f 562//201 561//199 569//188 570//212
f 561//199 568//185 576//189 569//188
f 567//184 566//195 574//209 575//208
f 565//197 564//193 572//211 573//210
f 563//192 562//201 570//212 571//213
f 552//182 551//183 567//184 568//185
f 559//202 560//247 576//189 575//208
f 545//198 552//182 568//185 561//199
f 546//253 545//198 561//199 562//201
f 560//247 553//254 569//188 576//189
f 553//254 554//261 570//212 569//188
f 547//191 546//253 562//201 563//192
f 554//261 555//204 571//213 570//212
f 548//252 547//191 563//192 564//193
f 555//204 556//260 572//211 571//213
f 549//196 548//252 564//193 565//197
f 556//260 557//250 573//210 572//211
f 550//194 549//196 565//197 566//195
f 557//250 558//249 574//209 573//210
f 551//183 550//194 566//195 567//184
f 558//249 559//202 575//208 574//209
f 601//214 602//215 586//216 585//217
f 593//218 600//219 584//220 577//221
f 605//222 606//223 590//258 589//262
f 602//215 603//226 587//227 586//216
f 603//226 604//228 588//229 587//227
f 608//230 601//214 585//217 592//231
f 606//223 607//232 591//233 590//258
f 604//228 605//222 589//262 588//229
f 601//214 593//218 594//234 602//215
f 605//222 597//235 598//236 606//223
f 608//230 600//219 593//218 601//214
f 606//223 598//236 599//237 607//232
f 604//228 596//238 597//235 605//222
f 603//226 595//239 596//238 604//228
f 607//232 599//237 600//219 608//230
f 602//215 594//234 595//239 603//226
f 594//234 593//218 577//221 578//240
f 585//217 586//216 578//240 577//221
f 596//238 595//239 579//241 580//242
f 595//239 594//234 578//240 579//241
f 588//229 589//262 581//263 580//242
f 590//258 591//233 583//244 582//259
f 597//235 596//238 580//242 581//263
f 586//216 587//227 579//241 578//240
f 598//236 597//235 581//263 582//259
f 592//231 585//217 577//221 584//220
f 599//237 598//236 582//259 583//244
f 591//233 592//231 584//220 583//244
f 600//219 599//237 583//244 584//220
f 589//262 590//258 582//259 581//263
f 607//232 608//230 592//231 591//233
f 587//227 588//229 580//242 579//241
f 616//182 624//247 623//202 615//183
f 614//194 622//249 621//250 613//196
f 612//264 620//203 619//204 611//191
f 610//265 618//205 617//254 609//198
f 609//198 617//254 624//247 616//182
f 615//183 623//202 622//249 614//194
f 613//196 621//250 620//203 612//264
f 611//191 619//204 618//205 610//265
f 632//185 631//184 639//208 640//189
f 630//195 629//197 637//210 638//209
f 628//193 627//192 635//213 636//211
f 626//201 625//199 633//188 634//212
f 625//199 632//185 640//189 633//188
f 631//184 630//195 638//209 639//208
f 629//197 628//193 636//211 637//210
f 627//192 626//201 634//212 635//213
f 616//182 615//183 631//184 632//185
f 623//202 624//247 640//189 639//208
f 609//198 616//182 632//185 625//199
f 610//265 609//198 625//199 626//201
f 624//247 617//254 633//188 640//189
f 617//254 618//205 634//212 633//188
f 611//191 610//265 626//201 627//192
f 618//205 619//204 635//213 634//212
f 612//264 611//191 627//192 628//193
f 619//204 620//203 636//211 635//213
f 613//196 612//264 628//193 629//197
f 620//203 621//250 637//210 636//211
f 614//194 613//196 629//197 630//195
f 621//250 622//249 638//209 637//210
f 615//183 614//194 630//195 631//184
f 622//249 623//202 639//208 638//209
f 642//167 655//156 656//152 641//151
f 664//174 649//153 656//152 657//155
f 644//162 653//163 654//164 643//161
f 647//158 650//159 651//160 646//157
f 645//165 652//166 653//163 644//162
f 641//151 656//152 649//153 648//150
f 643//161 654//164 655//156 642//167
f 648//150 649//153 650//159 647//158
f 667//176 668//171 661//170 662//177
f 670//180 671//178 658//154 659//179
f 669//168 670//180 659//179 660//169
f 665//175 666//172 663//173 664//174
f 668//171 669//168 660//169 661//170
f 666//172 667//176 662//177 663//173
f 672//181 665//175 664//174 657//155
f 671//178 672//181 657//155 658//154
f 658//154 655//156 654//164 659//179
f 657//155 656//152 655//156 658//154
f 663//173 650//159 649//153 664//174
f 669//168 644//162 643//161 670//180
f 662//177 651//160 650//159 663//173
f 659//179 654//164 653//163 660//169
f 667//176 646//157 645//165 668//171
f 670//180 643//161 642//167 671//178
f 666//172 647//158 646//157 667//176
f 671//178 642//167 641//151 672//181
f 672//181 641//151 648//150 665//175
f 665//175 648//150 647//158 666//172
f 661//170 652//166 651//160 662//177
f 660//169 653//163 652//166 661//170
f 646//157 651//160 652//166 645//165
f 668//171 645//165 644//162 669//168
f 674//178 673//181 688//155 687//154
f 699//157 694//160 693//166 700//165
f 676//168 675//180 686//179 685//169
f 679//172 678//176 683//177 682//173
f 677//171 676//168 685//169 684//170
f 673//181 680//175 681//174 688//155
f 675//180 674//178 687//154 686//179
f 680//175 679//172 682//173 681//174
f 697//150 696//153 695//159 698//158
f 701//162 692//163 691//164 702//161
f 702//161 691//164 690//156 703//167
f 681//174 696//153 689//152 688//155
f 698//158 695//159 694//160 699//157
f 700//165 693//166 692//163 701//162
f 703//167 690//156 689//152 704//151
f 704//151 689//152 696//153 697//150
f 677//171 700//165 701//162 676//168
f 684//170 693//166 694//160 683//177
f 674//178 703//167 704//151 673//181
f 673//181 704//151 697//150 680//175
f 678//176 699//157 700//165 677//171
f 676//168 701//162 702//161 675//180
f 675//180 702//161 703//167 674//178
f 680//175 697//150 698//158 679//172
f 686//179 691//164 692//163 685//169
f 685//169 692//163 693//166 684//170
f 682//173 695//159 696//153 681//174
f 688//155 689//152 690//156 687//154
f 687//154 690//156 691//164 686//179
f 683//177 694//160 695//159 682//173
f 678//176 677//171 684//170 683//177
f 679//172 698//158 699//157 678//176
f 712//266 711//267 719//268 720//269
f 710//270 709//271 717//272 718//273
f 708//274 707//275 715//276 716//277
f 706//278 705//279 713//280 714//281
f 705//279 712//266 720//269 713//280
f 711//267 710//270 718//273 719//268
f 709//271 708//274 716//277 717//272
f 707//275 706//278 714//281 715//276
f 728//282 736//283 735//284 727//285
f 726//286 734//287 733//288 725//289
f 724//290 732//291 731//292 723//293
f 722//294 730//295 729//296 721//297
f 721//297 729//296 736//283 728//282
f 727//285 735//284 734//287 726//286
f 725//289 733//288 732//291 724//290
f 723//293 731//292 730//295 722//294
f 712//266 728//282 727//285 711//267
f 719//268 735//284 736//283 720//269
f 705//279 721//297 728//282 712//266
f 706//278 722//294 721//297 705//279
f 720//269 736//283 729//296 713//280
f 713//280 729//296 730//295 714//281
f 707//275 723//293 722//294 706//278
f 714//281 730//295 731//292 715//276
f 708//274 724//290 723//293 707//275
f 715//276 731//292 732//291 716//277
f 709//271 725//289 724//290 708//274
f 716//277 732//291 733//288 717//272
f 710//270 726//286 725//289 709//271
f 717//272 733//288 734//287 718//273
f 711//267 727//285 726//286 710//270
f 718//273 734//287 735//284 719//268
f 761//298 745//299 746//300 762//301
f 753//302 737//303 744//304 760//305
f 765//306 749//307 750//308 766//309
f 762//301 746//300 747//310 763//311
f 763//311 747//310 748//312 764//313
f 768//314 752//315 745//299 761//298
f 766//309 750//308 751//316 767//317
f 764//313 748//312 749//307 765//306
f 761//298 762//301 754//318 753//302
f 765//306 766//309 758//319 757//320
f 768//314 761//298 753//302 760//305
f 766//309 767//317 759//321 758//319
f 764//313 765//306 757//320 756//322
f 763//311 764//313 756//322 755//323
f 767//317 768//314 760//305 759//321
f 762//301 763//311 755//323 754//318
f 754//318 738//324 737//303 753//302
f 745//299 737//303 738//324 746//300
f 756//322 740//325 739//326 755//323
f 755//323 739//326 738//324 754//318
f 748//312 740//325 741//327 749//307
f 750//308 742//328 743//329 751//316
f 757//320 741//327 740//325 756//322
f 746//300 738//324 739//326 747//310
f 758//319 742//328 741//327 757//320
f 752//315 744//304 737//303 745//299
f 759//321 743//329 742//328 758//319
f 751//316 743//329 744//304 752//315
f 760//305 744//304 743//329 759//321
f 749//307 741//327 742//328 750//308
f 767//317 751//316 752//315 768//314
f 747//310 739//326 740//325 748//312
f 776//330 775//267 783//268 784//331
f 774//332 773//333 781//334 782//335
f 772//336 771//275 779//276 780//277
f 770//337 769//338 777//339 778//281
f 769//338 776//330 784//331 777//339
f 775//267 774//332 782//335 783//268
f 773//333 772//336 780//277 781//334
f 771//275 770//337 778//281 779//276
f 792//282 800//340 799//284 791//285
f 790//286 798//341 797//288 789//289
f 788//290 796//291 795//292 787//293
f 786//294 794//295 793//296 785//297
f 785//297 793//296 800//340 792//282
f 791//285 799//284 798//341 790//286
f 789//289 797//288 796//291 788//290
f 787//293 795//292 794//295 786//294
f 776//330 792//282 791//285 775//267
f 783//268 799//284 800//340 784//331
f 769//338 785//297 792//282 776//330
f 770//337 786//294 785//297 769//338
f 784//331 800//340 793//296 777//339
f 777//339 793//296 794//295 778//281
f 771//275 787//293 786//294 770//337
f 778//281 794//295 795//292 779//276
f 772//336 788//290 787//293 771//275
f 779//276 795//292 796//291 780//277
f 773//333 789//289 788//290 772//336
f 780//277 796//291 797//288 781//334
f 774//332 790//286 789//289 773//333
f 781//334 797//288 798//341 782//335
f 775//267 791//285 790//286 774//332
f 782//335 798//341 799//284 783//268
f 825//298 809//299 810//342 826//301
f 817//302 801//303 808//304 824//305
f 829//306 813//307 814//343 830//309
f 826//301 810//342 811//310 827//311
f 827//311 811//310 812//312 828//313
f 832//314 816//315 809//299 825//298
f 830//309 814//343 815//316 831//317
f 828//313 812//312 813//307 829//306
f 825//298 826//301 818//318 817//302
f 829//306 830//309 822//319 821//320
f 832//314 825//298 817//302 824//305
f 830//309 831//317 823//321 822//319
f 828//313 829//306 821//320 820//322
f 827//311 828//313 820//322 819//323
f 831//317 832//314 824//305 823//321
f 826//301 827//311 819//323 818//318
f 818//318 802//344 801//303 817//302
f 809//299 801//303 802//344 810//342
f 820//322 804//325 803//326 819//323
f 819//323 803//326 802//344 818//318
f 812//312 804//325 805//327 813//307
f 814//343 806//345 807//329 815//316
f 821//320 805//327 804//325 820//322
f 810//342 802//344 803//326 811//310
f 822//319 806//345 805//327 821//320
f 816//315 808//304 801//303 809//299
f 823//321 807//329 806//345 822//319
f 815//316 807//329 808//304 816//315
f 824//305 808//304 807//329 823//321
f 813//307 805//327 806//345 814//343
f 831//317 815//316 816//315 832//314
f 811//310 803//326 804//325 812//312
f 840//266 839//267 847//268 848//331
f 838//270 837//271 845//334 846//335
f 836//336 835//275 843//276 844//346
f 834//337 833//279 841//339 842//347
f 833//279 840//266 848//331 841//339
f 839//267 838//270 846//335 847//268
f 837//271 836//336 844//346 845//334
f 835//275 834//337 842//347 843//276
f 856//282 864//283 863//284 855//285
f 854//286 862//287 861//288 853//289
f 852//290 860//291 859//292 851//293
f 850//294 858//295 857//296 849//297
f 849//297 857//296 864//283 856//282
f 855//285 863//284 862//287 854//286
f 853//289 861//288 860//291 852//290
f 851//293 859//292 858//295 850//294
f 840//266 856//282 855//285 839//267
f 847//268 863//284 864//283 848//331
f 833//279 849//297 856//282 840//266
f 834//337 850//294 849//297 833//279
f 848//331 864//283 857//296 841//339
f 841//339 857//296 858//295 842//347
f 835//275 851//293 850//294 834//337
f 842//347 858//295 859//292 843//276
f 836//336 852//290 851//293 835//275
f 843//276 859//292 860//291 844//346
f 837//271 853//289 852//290 836//336
f 844//346 860//291 861//288 845//334
f 838//270 854//286 853//289 837//271
f 845//334 861//288 862//287 846//335
f 839//267 855//285 854//286 838//270
f 846//335 862//287 863//284 847//268
f 889//298 873//299 874//342 890//301
f 881//302 865//303 872//304 888//305
f 893//306 877//348 878//343 894//309
f 890//301 874//342 875//310 891//311
f 891//311 875//310 876//312 892//313
f 896//314 880//315 873//299 889//298
f 894//309 878//343 879//316 895//317
f 892//313 876//312 877//348 893//306
f 889//298 890//301 882//318 881//302
f 893//306 894//309 886//319 885//320
f 896//314 889//298 881//302 888//305
f 894//309 895//317 887//321 886//319
f 892//313 893//306 885//320 884//322
f 891//311 892//313 884//322 883//323
f 895//317 896//314 888//305 887//321
f 890//301 891//311 883//323 882//318
f 882//318 866//344 865//303 881//302
f 873//299 865//303 866//344 874//342
f 884//322 868//325 867//326 883//323
f 883//323 867//326 866//344 882//318
f 876//312 868//325 869//349 877//348
f 878//343 870//345 871//329 879//316
f 885//320 869//349 868//325 884//322
f 874//342 866//344 867//326 875//310
f 886//319 870//345 869//349 885//320
f 880//315 872//304 865//303 873//299
f 887//321 871//329 870//345 886//319
f 879//316 871//329 872//304 880//315
f 888//305 872//304 871//329 887//321
f 877//348 869//349 870//345 878//343
f 895//317 879//316 880//315 896//314
f 875//310 867//326 868//325 876//312
f 904//266 903//267 911//268 912//331
f 902//270 901//271 909//334 910//335
f 900//350 899//275 907//276 908//277
f 898//351 897//279 905//339 906//281
f 897//279 904//266 912//331 905//339
f 903//267 902//270 910//335 911//268
f 901//271 900//350 908//277 909//334
f 899//275 898//351 906//281 907//276
f 920//282 928//283 927//284 919//285
f 918//286 926//287 925//288 917//289
f 916//290 924//291 923//292 915//293
f 914//294 922//295 921//296 913//297
f 913//297 921//296 928//283 920//282
f 919//285 927//284 926//287 918//286
f 917//289 925//288 924//291 916//290
f 915//293 923//292 922//295 914//294
f 904//266 920//282 919//285 903//267
f 911//268 927//284 928//283 912//331
f 897//279 913//297 920//282 904//266
f 898//351 914//294 913//297 897//279
f 912//331 928//283 921//296 905//339
f 905//339 921//296 922//295 906//281
f 899//275 915//293 914//294 898//351
f 906//281 922//295 923//292 907//276
f 900//350 916//290 915//293 899//275
f 907//276 923//292 924//291 908//277
f 901//271 917//289 916//290 900//350
f 908//277 924//291 925//288 909//334
f 902//270 918//286 917//289 901//271
f 909//334 925//288 926//287 910//335
f 903//267 919//285 918//286 902//270
f 910//335 926//287 927//284 911//268
f 930//352 929//353 944//354 943//355
f 952//356 945//357 944//354 937//358
f 932//359 931//360 942//361 941//362
f 935//363 934//364 939//365 938//366
f 933//367 932//359 941//362 940//368
f 929//353 936//369 937//358 944//354
f 931//360 930//352 943//355 942//361
f 936//369 935//363 938//366 937//358
f 955//370 950//371 949//372 956//373
f 958//374 947//375 946//376 959//377
f 957//378 948//379 947//375 958//374
f 953//380 952//356 951//381 954//382
f 956//373 949//372 948//379 957//378
f 954//382 951//381 950//371 955//370
f 960//383 945//357 952//356 953//380
f 959//377 946//376 945//357 960//383
f 946//376 947//375 942//361 943//355
f 945//357 946//376 943//355 944//354
f 951//381 952//356 937//358 938//366
f 957//378 958//374 931//360 932//359
f 950//371 951//381 938//366 939//365
f 947//375 948//379 941//362 942//361
f 955//370 956//373 933//367 934//364
f 958//374 959//377 930//352 931//360
f 954//382 955//370 934//364 935//363
f 959//377 960//383 929//353 930//352
f 960//383 953//380 936//369 929//353
f 953//380 954//382 935//363 936//369
f 949//372 950//371 939//365 940//368
f 948//379 949//372 940//368 941//362
f 934//364 933//367 940//368 939//365
f 956//373 957//378 932//359 933//367
f 985//384 986//385 970//386 969//387
f 977//388 984//389 968//390 961//391
f 989//392 990//393 974//394 973//395
f 986//385 987//396 971//397 970//386
f 987//396 988//398 972//399 971//397
f 992//400 985//384 969//387 976//401
f 990//393 991//402 975//403 974//394
f 988//398 989//392 973//395 972//399
f 985//384 977//388 978//404 986//385
f 989//392 981//405 982//406 990//393
f 992//400 984//389 977//388 985//384
f 990//393 982//406 983//407 991//402
f 988//398 980//408 981//405 989//392
f 987//396 979//409 980//408 988//398
f 991//402 983//407 984//389 992//400
f 986//385 978//404 979//409 987//396
f 978//404 977//388 961//391 962//410
f 969//387 970//386 962//410 961//391
f 980//408 979//409 963//411 964//412
f 979//409 978//404 962//410 963//411
f 972//399 973//395 965//413 964//412
f 974//394 975//403 967//414 966//415
f 981//405 980//408 964//412 965//413
f 970//386 971//397 963//411 962//410
f 982//406 981//405 965//413 966//415
f 976//401 969//387 961//391 968//390
f 983//407 982//406 966//415 967//414
f 975//403 976//401 968//390 967//414
f 984//389 983//407 967//414 968//390
f 973//395 974//394 966//415 965//413
f 991//402 992//400 976//401 975//403
f 971//397 972//399 964//412 963//411
f 994//377 1007//376 1008//357 993//383
f 1019//364 1020//367 1013//368 1014//365
f 996//378 1005//379 1006//375 995//374
f 999//382 1002//381 1003//371 998//370
f 997//373 1004//372 1005//379 996//378
f 993//383 1008//357 1001//356 1000//380
f 995//374 1006//375 1007//376 994//377
f 1000//380 1001//356 1002//381 999//382
f 1017//369 1018//363 1015//366 1016//358
f 1021//359 1022//360 1011//361 1012//362
f 1022//360 1023//352 1010//355 1011//361
f 1001//356 1008//357 1009//354 1016//358
f 1018//363 1019//364 1014//365 1015//366
f 1020//367 1021//359 1012//362 1013//368
f 1023//352 1024//353 1009//354 1010//355
f 1024//353 1017//369 1016//358 1009//354
f 997//373 996//378 1021//359 1020//367
f 1004//372 1003//371 1014//365 1013//368
f 994//377 993//383 1024//353 1023//352
f 993//383 1000//380 1017//369 1024//353
f 998//370 997//373 1020//367 1019//364
f 996//378 995//374 1022//360 1021//359
f 995//374 994//377 1023//352 1022//360
f 1000//380 999//382 1018//363 1017//369
f 1006//375 1005//379 1012//362 1011//361
f 1005//379 1004//372 1013//368 1012//362
f 1002//381 1001//356 1016//358 1015//366
f 1008//357 1007//376 1010//355 1009//354
f 1007//376 1006//375 1011//361 1010//355
f 1003//371 1002//381 1015//366 1014//365
f 998//370 1003//371 1004//372 997//373
f 999//382 998//370 1019//364 1018//363
f 1049//416 1050//417 1034//418 1033//419
f 1041//420 1048//421 1032//422 1025//423
f 1053//424 1054//425 1038//426 1037//427
f 1050//417 1051//428 1035//429 1034//418
f 1051//428 1052//430 1036//431 1035//429
f 1056//432 1049//416 1033//419 1040//433
f 1054//425 1055//434 1039//435 1038//426
f 1052//430 1053//424 1037//427 1036//431
f 1049//416 1041//420 1042//436 1050//417
f 1053//424 1045//437 1046//438 1054//425
f 1056//432 1048//421 1041//420 1049//416
f 1054//425 1046//438 1047//439 1055//434
f 1052//430 1044//440 1045//437 1053//424
f 1051//428 1043//441 1044//440 1052//430
f 1055//434 1047//439 1048//421 1056//432
f 1050//417 1042//436 1043//441 1051//428
f 1042//436 1041//420 1025//423 1026//442
f 1033//419 1034//418 1026//442 1025//423
f 1044//440 1043//441 1027//443 1028//444
f 1043//441 1042//436 1026//442 1027//443
f 1036//431 1037//427 1029//445 1028//444
f 1038//426 1039//435 1031//446 1030//447
f 1045//437 1044//440 1028//444 1029//445
f 1034//418 1035//429 1027//443 1026//442
f 1046//438 1045//437 1029//445 1030//447
f 1040//433 1033//419 1025//423 1032//422
f 1047//439 1046//438 1030//447 1031//446
f 1039//435 1040//433 1032//422 1031//446
f 1048//421 1047//439 1031//446 1032//422
f 1037//427 1038//426 1030//447 1029//445
f 1055//434 1056//432 1040//433 1039//435
f 1035//429 1036//431 1028//444 1027//443
f 1064//448 1072//449 1071//404 1063//385
f 1062//450 1070//451 1069//452 1061//453
f 1060//454 1068//405 1067//406 1059//393
f 1058//455 1066//407 1065//456 1057//457
f 1057//457 1065//456 1072//449 1064//448
f 1063//385 1071//404 1070//451 1062//450
f 1061//453 1069//452 1068//405 1060//454
f 1059//393 1067//406 1066//407 1058//455
f 1080//387 1079//386 1087//410 1088//458
f 1078//397 1077//399 1085//412 1086//459
f 1076//395 1075//394 1083//415 1084//413
f 1074//403 1073//401 1081//390 1082//414
f 1073//401 1080//387 1088//458 1081//390
f 1079//386 1078//397 1086//459 1087//410
f 1077//399 1076//395 1084//413 1085//412
f 1075//394 1074//403 1082//414 1083//415
f 1064//448 1063//385 1079//386 1080//387
f 1071//404 1072//449 1088//458 1087//410
f 1057//457 1064//448 1080//387 1073//401
f 1058//455 1057//457 1073//401 1074//403
f 1072//449 1065//456 1081//390 1088//458
f 1065//456 1066//407 1082//414 1081//390
f 1059//393 1058//455 1074//403 1075//394
f 1066//407 1067//406 1083//415 1082//414
f 1060//454 1059//393 1075//394 1076//395
f 1067//406 1068//405 1084//413 1083//415
f 1061//453 1060//454 1076//395 1077//399
f 1068//405 1069//452 1085//412 1084//413
f 1062//450 1061//453 1077//399 1078//397
f 1069//452 1070//451 1086//459 1085//412
f 1063//385 1062//450 1078//397 1079//386
f 1070//451 1071//404 1087//410 1086//459
f 1113//416 1114//417 1098//418 1097//419
f 1105//420 1112//421 1096//422 1089//423
f 1117//424 1118//425 1102//460 1101//427
f 1114//417 1115//428 1099//429 1098//418
f 1115//428 1116//430 1100//431 1099//429
f 1120//432 1113//416 1097//419 1104//433
f 1118//425 1119//434 1103//435 1102//460
f 1116//430 1117//424 1101//427 1100//431
f 1113//416 1105//420 1106//436 1114//417
f 1117//424 1109//437 1110//438 1118//425
f 1120//432 1112//421 1105//420 1113//416
f 1118//425 1110//438 1111//439 1119//434
f 1116//430 1108//440 1109//437 1117//424
f 1115//428 1107//441 1108//440 1116//430
f 1119//434 1111//439 1112//421 1120//432
f 1114//417 1106//436 1107//441 1115//428
f 1106//436 1105//420 1089//423 1090//442
f 1097//419 1098//418 1090//442 1089//423
f 1108//440 1107//441 1091//443 1092//444
f 1107//441 1106//436 1090//442 1091//443
f 1100//431 1101//427 1093//445 1092//444
f 1102//460 1103//435 1095//446 1094//461
f 1109//437 1108//440 1092//444 1093//445
f 1098//418 1099//429 1091//443 1090//442
f 1110//438 1109//437 1093//445 1094//461
f 1104//433 1097//419 1089//423 1096//422
f 1111//439 1110//438 1094//461 1095//446
f 1103//435 1104//433 1096//422 1095//446
f 1112//421 1111//439 1095//446 1096//422
f 1101//427 1102//460 1094//461 1093//445
f 1119//434 1120//432 1104//433 1103//435
f 1099//429 1100//431 1092//444 1091//443
f 1128//384 1136//449 1135//404 1127//385
f 1126//396 1134//451 1133//452 1125//398
f 1124//462 1132//463 1131//406 1123//393
f 1122//464 1130//465 1129//456 1121//400
f 1121//400 1129//456 1136//449 1128//384
f 1127//385 1135//404 1134//451 1126//396
f 1125//398 1133//452 1132//463 1124//462
f 1123//393 1131//406 1130//465 1122//464
f 1144//387 1143//386 1151//410 1152//391
f 1142//397 1141//399 1149//412 1150//411
f 1140//395 1139//394 1147//415 1148//413
f 1138//403 1137//401 1145//390 1146//414
f 1137//401 1144//387 1152//391 1145//390
f 1143//386 1142//397 1150//411 1151//410
f 1141//399 1140//395 1148//413 1149//412
f 1139//394 1138//403 1146//414 1147//415
f 1128//384 1127//385 1143//386 1144//387
f 1135//404 1136//449 1152//391 1151//410
f 1121//400 1128//384 1144//387 1137//401
f 1122//464 1121//400 1137//401 1138//403
f 1136//449 1129//456 1145//390 1152//391
f 1129//456 1130//465 1146//414 1145//390
f 1123//393 1122//464 1138//403 1139//394
f 1130//465 1131//406 1147//415 1146//414
f 1124//462 1123//393 1139//394 1140//395
f 1131//406 1132//463 1148//413 1147//415
f 1125//398 1124//462 1140//395 1141//399
f 1132//463 1133//452 1149//412 1148//413
f 1126//396 1125//398 1141//399 1142//397
f 1133//452 1134//451 1150//411 1149//412
f 1127//385 1126//396 1142//397 1143//386
f 1134//451 1135//404 1151//410 1150//411
f 1177//416 1178//417 1162//418 1161//419
f 1169//420 1176//421 1160//422 1153//423
f 1181//424 1182//425 1166//460 1165//466
f 1178//417 1179//428 1163//429 1162//418
f 1179//428 1180//430 1164//431 1163//429
f 1184//432 1177//416 1161//419 1168//433
f 1182//425 1183//434 1167//435 1166//460
f 1180//430 1181//424 1165//466 1164//431
f 1177//416 1169//420 1170//436 1178//417
f 1181//424 1173//437 1174//438 1182//425
f 1184//432 1176//421 1169//420 1177//416
f 1182//425 1174//438 1175//439 1183//434
f 1180//430 1172//440 1173//437 1181//424
f 1179//428 1171//441 1172//440 1180//430
f 1183//434 1175//439 1176//421 1184//432
f 1178//417 1170//436 1171//441 1179//428
f 1170//436 1169//420 1153//423 1154//442
f 1161//419 1162//418 1154//442 1153//423
f 1172//440 1171//441 1155//443 1156//444
f 1171//441 1170//436 1154//442 1155//443
f 1164//431 1165//466 1157//467 1156//444
f 1166//460 1167//435 1159//446 1158//461
f 1173//437 1172//440 1156//444 1157//467
f 1162//418 1163//429 1155//443 1154//442
f 1174//438 1173//437 1157//467 1158//461
f 1168//433 1161//419 1153//423 1160//422
f 1175//439 1174//438 1158//461 1159//446
f 1167//435 1168//433 1160//422 1159//446
f 1176//421 1175//439 1159//446 1160//422
f 1165//466 1166//460 1158//461 1157//467
f 1183//434 1184//432 1168//433 1167//435
f 1163//429 1164//431 1156//444 1155//443
f 1192//384 1200//449 1199//404 1191//385
f 1190//396 1198//451 1197//452 1189//398
f 1188//454 1196//405 1195//406 1187//393
f 1186//455 1194//407 1193//456 1185//400
f 1185//400 1193//456 1200//449 1192//384
f 1191//385 1199//404 1198//451 1190//396
f 1189//398 1197//452 1196//405 1188//454
f 1187//393 1195//406 1194//407 1186//455
f 1208//387 1207//386 1215//410 1216//391
f 1206//397 1205//399 1213//412 1214//411
f 1204//395 1203//394 1211//415 1212//413
f 1202//403 1201//401 1209//390 1210//414
f 1201//401 1208//387 1216//391 1209//390
f 1207//386 1206//397 1214//411 1215//410
f 1205//399 1204//395 1212//413 1213//412
f 1203//394 1202//403 1210//414 1211//415
f 1192//384 1191//385 1207//386 1208//387
f 1199//404 1200//449 1216//391 1215//410
f 1185//400 1192//384 1208//387 1201//401
f 1186//455 1185//400 1201//401 1202//403
f 1200//449 1193//456 1209//390 1216//391
f 1193//456 1194//407 1210//414 1209//390
f 1187//393 1186//455 1202//403 1203//394
f 1194//407 1195//406 1211//415 1210//414
f 1188//454 1187//393 1203//394 1204//395
f 1195//406 1196//405 1212//413 1211//415
f 1189//398 1188//454 1204//395 1205//399
f 1196//405 1197//452 1213//412 1212//413
f 1190//396 1189//398 1205//399 1206//397
f 1197//452 1198//451 1214//411 1213//412
f 1191//385 1190//396 1206//397 1207//386
f 1198//451 1199//404 1215//410 1214//411
f 1218//369 1231//358 1232//354 1217//353
f 1240//376 1225//355 1232//354 1233//357
f 1220//364 1229//365 1230//366 1219//363
f 1223//360 1226//361 1227//362 1222//359
f 1221//367 1228//368 1229//365 1220//364
f 1217//353 1232//354 1225//355 1224//352
f 1219//363 1230//366 1231//358 1218//369
f 1224//352 1225//355 1226//361 1223//360
f 1243//378 1244//373 1237//372 1238//379
f 1246//382 1247//380 1234//356 1235//381
f 1245//370 1246//382 1235//381 1236//371
f 1241//377 1242//374 1239//375 1240//376
f 1244//373 1245//370 1236//371 1237//372
f 1242//374 1243//378 1238//379 1239//375
f 1248//383 1241//377 1240//376 1233//357
f 1247//380 1248//383 1233//357 1234//356
f 1234//356 1231//358 1230//366 1235//381
f 1233//357 1232//354 1231//358 1234//356
f 1239//375 1226//361 1225//355 1240//376
f 1245//370 1220//364 1219//363 1246//382
f 1238//379 1227//362 1226//361 1239//375
f 1235//381 1230//366 1229//365 1236//371
f 1243//378 1222//359 1221//367 1244//373
f 1246//382 1219//363 1218//369 1247//380
f 1242//374 1223//360 1222//359 1243//378
f 1247//380 1218//369 1217//353 1248//383
f 1248//383 1217//353 1224//352 1241//377
f 1241//377 1224//352 1223//360 1242//374
f 1237//372 1228//368 1227//362 1238//379
f 1236//371 1229//365 1228//368 1237//372
f 1222//359 1227//362 1228//368 1221//367
f 1244//373 1221//367 1220//364 1245//370
f 1250//380 1249//383 1264//357 1263//356
f 1275//359 1270//362 1269//368 1276//367
f 1252//370 1251//382 1262//381 1261//371
f 1255//374 1254//378 1259//379 1258//375
f 1253//373 1252//370 1261//371 1260//372
f 1249//383 1256//377 1257//376 1264//357
f 1251//382 1250//380 1263//356 1262//381
f 1256//377 1255//374 1258//375 1257//376
f 1273//352 1272//355 1271//361 1274//360
f 1277//364 1268//365 1267//366 1278//363
f 1278//363 1267//366 1266//358 1279//369
f 1257//376 1272//355 1265//354 1264//357
f 1274//360 1271//361 1270//362 1275//359
f 1276//367 1269//368 1268//365 1277//364
f 1279//369 1266//358 1265//354 1280//353
f 1280//353 1265//354 1272//355 1273//352
f 1253//373 1276//367 1277//364 1252//370
f 1260//372 1269//368 1270//362 1259//379
f 1250//380 1279//369 1280//353 1249//383
f 1249//383 1280//353 1273//352 1256//377
f 1254//378 1275//359 1276//367 1253//373
f 1252//370 1277//364 1278//363 1251//382
f 1251//382 1278//363 1279//369 1250//380
f 1256//377 1273//352 1274//360 1255//374
f 1262//381 1267//366 1268//365 1261//371
f 1261//371 1268//365 1269//368 1260//372
f 1258//375 1271//361 1272//355 1257//376
f 1264//357 1265//354 1266//358 1263//356
f 1263//356 1266//358 1267//366 1262//381
f 1259//379 1270//362 1271//361 1258//375
f 1254//378 1253//373 1260//372 1259//379
f 1255//374 1274//360 1275//359 1254//378
f 1283//468 1284//469 1288//470 1287//471
f 1287//471 1285//472 1292//473 1289//474
f 1281//475 1282//476 1284//469 1283//468
f 1285//472 1281//475 1291//477 1292//473
f 1287//471 1288//470 1286//478 1285//472
f 1285//472 1286//478 1282//476 1281//475
f 1304//479 1302//480 1295//481 1294//482
f 1283//468 1287//471 1289//474 1290//483
f 1302//480 1298//484 1296//485 1295//481
f 1281//475 1283//468 1290//483 1291//477
f 1300//486 1299//487 1303//488 1304//479
f 1307//489 1308//490 1312//491 1311//492
f 1311//492 1309//493 1316//494 1313//495
f 1309//493 1305//496 1315//497 1316//494
f 1300//486 1304//479 1294//482 1293//498
f 1311//492 1312//491 1310//499 1309//493
f 1302//480 1301//500 1297//501 1298//484
f 1336//502 1335//503 1333//504 1334//505
f 1330//506 1329//507 1331//508 1332//509
f 1334//505 1330//506 1332//509 1336//502
f 1326//510 1325//511 1321//512 1322//513
f 1328//514 1327//515 1325//511 1326//510
f 1334//505 1333//504 1329//507 1330//506
f 1332//509 1331//508 1335//503 1336//502
f 1329//507 1333//504 1335//503 1331//508
f 1305//496 1306//516 1308//490 1307//489
f 1322//513 1321//512 1323//517 1324//518
f 1298//484 1297//501 1299//487 1300//486
f 1304//479 1303//488 1301//500 1302//480
f 1326//510 1322//513 1320//519 1319//520
f 1322//513 1324//518 1317//521 1320//519
f 1298//484 1300//486 1293//498 1296//485
f 1328//514 1326//510 1319//520 1318//522
f 1309//493 1310//499 1306//516 1305//496
f 1305//496 1307//489 1314//523 1315//497
f 1324//518 1328//514 1318//522 1317//521
f 1307//489 1311//492 1313//495 1314//523
f 1324//518 1323//517 1327//515 1328//514
f 1361//524 1345//525 1346//526 1362//527
f 1353//528 1337//529 1344//530 1360//531
f 1365//532 1349//533 1350//534 1366//535
f 1362//527 1346//526 1347//536 1363//537
f 1363//537 1347//536 1348//538 1364//539
f 1368//540 1352//541 1345//525 1361//524
f 1366//535 1350//534 1351//542 1367//543
f 1364//539 1348//538 1349//533 1365//532
f 1361//524 1362//527 1354//544 1353//528
f 1365//532 1366//535 1358//545 1357//546
f 1368//540 1361//524 1353//528 1360//531
f 1366//535 1367//543 1359//547 1358//545
f 1364//539 1365//532 1357//546 1356//548
f 1363//537 1364//539 1356//548 1355//549
f 1367//543 1368//540 1360//531 1359//547
f 1362//527 1363//537 1355//549 1354//544
f 1354//544 1338//550 1337//529 1353//528
f 1345//525 1337//529 1338//550 1346//526
f 1356//548 1340//551 1339//552 1355//549
f 1355//549 1339//552 1338//550 1354//544
f 1348//538 1340//551 1341//553 1349//533
f 1350//534 1342//554 1343//555 1351//542
f 1357//546 1341//553 1340//551 1356//548
f 1346//526 1338//550 1339//552 1347//536
f 1358//545 1342//554 1341//553 1357//546
f 1352//541 1344//530 1337//529 1345//525
f 1359//547 1343//555 1342//554 1358//545
f 1351//542 1343//555 1344//530 1352//541
f 1360//531 1344//530 1343//555 1359//547
f 1349//533 1341//553 1342//554 1350//534
f 1367//543 1351//542 1352//541 1368//540
f 1347//536 1339//552 1340//551 1348//538
f 1376//556 1375//557 1383//558 1384//559
f 1374//560 1373//561 1381//562 1382//563
f 1372//564 1371//565 1379//566 1380//567
f 1370//568 1369//569 1377//570 1378//571
f 1369//569 1376//556 1384//559 1377//570
f 1375//557 1374//560 1382//563 1383//558
f 1373//561 1372//564 1380//567 1381//562
f 1371//565 1370//568 1378//571 1379//566
f 1392//572 1400//573 1399//574 1391//575
f 1390//576 1398//577 1397//578 1389//579
f 1388//580 1396//581 1395//582 1387//583
f 1386//584 1394//585 1393//586 1385//587
f 1385//587 1393//586 1400//573 1392//572
f 1391//575 1399//574 1398//577 1390//576
f 1389//579 1397//578 1396//581 1388//580
f 1387//583 1395//582 1394//585 1386//584
f 1376//556 1392//572 1391//575 1375//557
f 1383//558 1399//574 1400//573 1384//559
f 1369//569 1385//587 1392//572 1376//556
f 1370//568 1386//584 1385//587 1369//569
f 1384//559 1400//573 1393//586 1377//570
f 1377//570 1393//586 1394//585 1378//571
f 1371//565 1387//583 1386//584 1370//568
f 1378//571 1394//585 1395//582 1379//566
f 1372//564 1388//580 1387//583 1371//565
f 1379//566 1395//582 1396//581 1380//567
f 1373//561 1389//579 1388//580 1372//564
f 1380//567 1396//581 1397//578 1381//562
f 1374//560 1390//576 1389//579 1373//561
f 1381//562 1397//578 1398//577 1382//563
f 1375//557 1391//575 1390//576 1374//560
f 1382//563 1398//577 1399//574 1383//558
f 1425//524 1409//525 1410//526 1426//527
f 1417//528 1401//529 1408//530 1424//531
f 1429//532 1413//533 1414//534 1430//535
f 1426//527 1410//526 1411//536 1427//537
f 1427//537 1411//536 1412//538 1428//539
f 1432//540 1416//541 1409//525 1425//524
f 1430//535 1414//534 1415//542 1431//543
f 1428//539 1412//538 1413//533 1429//532
f 1425//524 1426//527 1418//544 1417//528
f 1429//532 1430//535 1422//545 1421//546
f 1432//540 1425//524 1417//528 1424//531
f 1430//535 1431//543 1423//547 1422//545
f 1428//539 1429//532 1421//546 1420//548
f 1427//537 1428//539 1420//548 1419//549
f 1431//543 1432//540 1424//531 1423//547
f 1426//527 1427//537 1419//549 1418//544
f 1418//544 1402//550 1401//529 1417//528
f 1409//525 1401//529 1402//550 1410//526
f 1420//548 1404//551 1403//552 1419//549
f 1419//549 1403//552 1402//550 1418//544
f 1412//538 1404//551 1405//553 1413//533
f 1414//534 1406//554 1407//555 1415//542
f 1421//546 1405//553 1404//551 1420//548
f 1410//526 1402//550 1403//552 1411//536
f 1422//545 1406//554 1405//553 1421//546
f 1416//541 1408//530 1401//529 1409//525
f 1423//547 1407//555 1406//554 1422//545
f 1415//542 1407//555 1408//530 1416//541
f 1424//531 1408//530 1407//555 1423//547
f 1413//533 1405//553 1406//554 1414//534
f 1431//543 1415//542 1416//541 1432//540
f 1411//536 1403//552 1404//551 1412//538
f 1440//556 1439//557 1447//558 1448//559
f 1438//560 1437//561 1445//562 1446//563
f 1436//564 1435//565 1443//566 1444//567
f 1434//568 1433//569 1441//570 1442//571
f 1433//569 1440//556 1448//559 1441//570
f 1439//557 1438//560 1446//563 1447//558
f 1437//561 1436//564 1444//567 1445//562
f 1435//565 1434//568 1442//571 1443//566
f 1456//572 1464//573 1463//588 1455//589
f 1454//576 1462//577 1461//578 1453//579
f 1452//580 1460//581 1459//582 1451//583
f 1450//584 1458//585 1457//586 1449//587
f 1449//587 1457//586 1464//573 1456//572
f 1455//589 1463//588 1462//577 1454//576
f 1453//579 1461//578 1460//581 1452//580
f 1451//583 1459//582 1458//585 1450//584
f 1440//556 1456//572 1455//589 1439//557
f 1447//558 1463//588 1464//573 1448//559
f 1433//569 1449//587 1456//572 1440//556
f 1434//568 1450//584 1449//587 1433//569
f 1448//559 1464//573 1457//586 1441//570
f 1441//570 1457//586 1458//585 1442//571
f 1435//565 1451//583 1450//584 1434//568
f 1442//571 1458//585 1459//582 1443//566
f 1436//564 1452//580 1451//583 1435//565
f 1443//566 1459//582 1460//581 1444//567
f 1437//561 1453//579 1452//580 1436//564
f 1444//567 1460//581 1461//578 1445//562
f 1438//560 1454//576 1453//579 1437//561
f 1445//562 1461//578 1462//577 1446//563
f 1439//557 1455//589 1454//576 1438//560
f 1446//563 1462//577 1463//588 1447//558
f 1489//524 1473//525 1474//526 1490//527
f 1481//528 1465//529 1472//530 1488//531
f 1493//532 1477//533 1478//534 1494//535
f 1490//527 1474//526 1475//536 1491//537
f 1491//537 1475//536 1476//538 1492//539
f 1496//540 1480//541 1473//525 1489//524
f 1494//535 1478//534 1479//542 1495//543
f 1492//539 1476//538 1477//533 1493//532
f 1489//524 1490//527 1482//544 1481//528
f 1493//532 1494//535 1486//545 1485//546
f 1496//540 1489//524 1481//528 1488//531
f 1494//535 1495//543 1487//547 1486//545
f 1492//539 1493//532 1485//546 1484//548
f 1491//537 1492//539 1484//548 1483//549
f 1495//543 1496//540 1488//531 1487//547
f 1490//527 1491//537 1483//549 1482//544
f 1482//544 1466//550 1465//529 1481//528
f 1473//525 1465//529 1466//550 1474//526
f 1484//548 1468//551 1467//552 1483//549
f 1483//549 1467//552 1466//550 1482//544
f 1476//538 1468//551 1469//553 1477//533
f 1478//534 1470//554 1471//555 1479//542
f 1485//546 1469//553 1468//551 1484//548
f 1474//526 1466//550 1467//552 1475//536
f 1486//545 1470//554 1469//553 1485//546
f 1480//541 1472//530 1465//529 1473//525
f 1487//547 1471//555 1470//554 1486//545
f 1479//542 1471//555 1472//530 1480//541
f 1488//531 1472//530 1471//555 1487//547
f 1477//533 1469//553 1470//554 1478//534
f 1495//543 1479//542 1480//541 1496//540
f 1475//536 1467//552 1468//551 1476//538
f 1504//556 1503//557 1511//558 1512//559
f 1502//560 1501//561 1509//562 1510//563
f 1500//564 1499//565 1507//566 1508//567
f 1498//568 1497//569 1505//570 1506//571
f 1497//569 1504//556 1512//559 1505//570
f 1503//557 1502//560 1510//563 1511//558
f 1501//561 1500//564 1508//567 1509//562
f 1499//565 1498//568 1506//571 1507//566
f 1520//572 1528//573 1527//574 1519//589
f 1518//576 1526//577 1525//578 1517//579
f 1516//580 1524//581 1523//590 1515//591
f 1514//584 1522//585 1521//586 1513//587
f 1513//587 1521//586 1528//573 1520//572
f 1519//589 1527//574 1526//577 1518//576
f 1517//579 1525//578 1524//581 1516//580
f 1515//591 1523//590 1522//585 1514//584
f 1504//556 1520//572 1519//589 1503//557
f 1511//558 1527//574 1528//573 1512//559
f 1497//569 1513//587 1520//572 1504//556
f 1498//568 1514//584 1513//587 1497//569
f 1512//559 1528//573 1521//586 1505//570
f 1505//570 1521//586 1522//585 1506//571
f 1499//565 1515//591 1514//584 1498//568
f 1506//571 1522//585 1523//590 1507//566
f 1500//564 1516//580 1515//591 1499//565
f 1507//566 1523//590 1524//581 1508//567
f 1501//561 1517//579 1516//580 1500//564
f 1508//567 1524//581 1525//578 1509//562
f 1502//560 1518//576 1517//579 1501//561
f 1509//562 1525//578 1526//577 1510//563
f 1503//557 1519//589 1518//576 1502//560
f 1510//563 1526//577 1527//574 1511//558
f 1553//524 1537//525 1538//592 1554//527
f 1545//528 1529//529 1536//530 1552//531
f 1557//532 1541//533 1542//534 1558//535
f 1554//527 1538//592 1539//536 1555//537
f 1555//537 1539//536 1540//538 1556//539
f 1560//540 1544//541 1537//525 1553//524
f 1558//535 1542//534 1543//542 1559//543
f 1556//539 1540//538 1541//533 1557//532
f 1553//524 1554//527 1546//544 1545//528
f 1557//532 1558//535 1550//545 1549//546
f 1560//540 1553//524 1545//528 1552//531
f 1558//535 1559//543 1551//547 1550//545
f 1556//539 1557//532 1549//546 1548//548
f 1555//537 1556//539 1548//548 1547//549
f 1559//543 1560//540 1552//531 1551//547
f 1554//527 1555//537 1547//549 1546//544
f 1546//544 1530//593 1529//529 1545//528
f 1537//525 1529//529 1530//593 1538//592
f 1548//548 1532//551 1531//552 1547//549
f 1547//549 1531//552 1530//593 1546//544
f 1540//538 1532//551 1533//553 1541//533
f 1542//534 1534//594 1535//555 1543//542
f 1549//546 1533//553 1532//551 1548//548
f 1538//592 1530//593 1531//552 1539//536
f 1550//545 1534//594 1533//553 1549//546
f 1544//541 1536//530 1529//529 1537//525
f 1551//547 1535//555 1534//594 1550//545
f 1543//542 1535//555 1536//530 1544//541
f 1552//531 1536//530 1535//555 1551//547
f 1541//533 1533//553 1534//594 1542//534
f 1559//543 1543//542 1544//541 1560//540
f 1539//536 1531//552 1532//551 1540//538
f 1568//556 1567//557 1575//558 1576//559
f 1566//560 1565//561 1573//562 1574//563
f 1564//564 1563//565 1571//566 1572//567
f 1562//568 1561//569 1569//570 1570//571
f 1561//569 1568//556 1576//559 1569//570
f 1567//557 1566//560 1574//563 1575//558
f 1565//561 1564//564 1572//567 1573//562
f 1563//565 1562//568 1570//571 1571//566
f 1584//572 1592//573 1591//574 1583//575
f 1582//576 1590//577 1589//578 1581//579
f 1580//580 1588//581 1587//582 1579//583
f 1578//584 1586//585 1585//586 1577//587
f 1577//587 1585//586 1592//573 1584//572
f 1583//575 1591//574 1590//577 1582//576
f 1581//579 1589//578 1588//581 1580//580
f 1579//583 1587//582 1586//585 1578//584
f 1568//556 1584//572 1583//575 1567//557
f 1575//558 1591//574 1592//573 1576//559
f 1561//569 1577//587 1584//572 1568//556
f 1562//568 1578//584 1577//587 1561//569
f 1576//559 1592//573 1585//586 1569//570
f 1569//570 1585//586 1586//585 1570//571
f 1563//565 1579//583 1578//584 1562//568
f 1570//571 1586//585 1587//582 1571//566
f 1564//564 1580//580 1579//583 1563//565
f 1571//566 1587//582 1588//581 1572//567
f 1565//561 1581//579 1580//580 1564//564
f 1572//567 1588//581 1589//578 1573//562
f 1566//560 1582//576 1581//579 1565//561
f 1573//562 1589//578 1590//577 1574//563
f 1567//557 1583//575 1582//576 1566//560
f 1574//563 1590//577 1591//574 1575//558
f 1617//524 1601//525 1602//526 1618//527
f 1609//528 1593//529 1600//530 1616//531
f 1621//532 1605//533 1606//534 1622//535
f 1618//527 1602//526 1603//536 1619//537
f 1619//537 1603//536 1604//538 1620//539
f 1624//540 1608//541 1601//525 1617//524
f 1622//535 1606//534 1607//542 1623//543
f 1620//539 1604//538 1605//533 1621//532
f 1617//524 1618//527 1610//544 1609//528
f 1621//532 1622//535 1614//545 1613//546
f 1624//540 1617//524 1609//528 1616//531
f 1622//535 1623//543 1615//547 1614//545
f 1620//539 1621//532 1613//546 1612//548
f 1619//537 1620//539 1612//548 1611//549
f 1623//543 1624//540 1616//531 1615//547
f 1618//527 1619//537 1611//549 1610//544
f 1610//544 1594//550 1593//529 1609//528
f 1601//525 1593//529 1594//550 1602//526
f 1612//548 1596//551 1595//552 1611//549
f 1611//549 1595//552 1594//550 1610//544
f 1604//538 1596//551 1597//553 1605//533
f 1606//534 1598//554 1599//555 1607//542
f 1613//546 1597//553 1596//551 1612//548
f 1602//526 1594//550 1595//552 1603//536
f 1614//545 1598//554 1597//553 1613//546
f 1608//541 1600//530 1593//529 1601//525
f 1615//547 1599//555 1598//554 1614//545
f 1607//542 1599//555 1600//530 1608//541
f 1616//531 1600//530 1599//555 1615//547
f 1605//533 1597//553 1598//554 1606//534
f 1623//543 1607//542 1608//541 1624//540
f 1603//536 1595//552 1596//551 1604//538
f 1632//556 1631//557 1639//558 1640//559
f 1630//560 1629//561 1637//562 1638//563
f 1628//564 1627//565 1635//566 1636//567
f 1626//568 1625//569 1633//570 1634//571
f 1625//569 1632//556 1640//559 1633//570
f 1631//557 1630//560 1638//563 1639//558
f 1629//561 1628//564 1636//567 1637//562
f 1627//565 1626//568 1634//571 1635//566
f 1648//572 1656//573 1655//574 1647//575
f 1646//576 1654//577 1653//578 1645//579
f 1644//580 1652//581 1651//582 1643//583
f 1642//584 1650//585 1649//586 1641//587
f 1641//587 1649//586 1656//573 1648//572
f 1647//575 1655//574 1654//577 1646//576
f 1645//579 1653//578 1652//581 1644//580
f 1643//583 1651//582 1650//585 1642//584
f 1632//556 1648//572 1647//575 1631//557
f 1639//558 1655//574 1656//573 1640//559
f 1625//569 1641//587 1648//572 1632//556
f 1626//568 1642//584 1641//587 1625//569
f 1640//559 1656//573 1649//586 1633//570
f 1633//570 1649//586 1650//585 1634//571
f 1627//565 1643//583 1642//584 1626//568
f 1634//571 1650//585 1651//582 1635//566
f 1628//564 1644//580 1643//583 1627//565
f 1635//566 1651//582 1652//581 1636//567
f 1629//561 1645//579 1644//580 1628//564
f 1636//567 1652//581 1653//578 1637//562
f 1630//560 1646//576 1645//579 1629//561
f 1637//562 1653//578 1654//577 1638//563
f 1631//557 1647//575 1646//576 1630//560
f 1638//563 1654//577 1655//574 1639//558
f 1681//524 1665//525 1666//526 1682//527
f 1673//528 1657//529 1664//530 1680//531
f 1685//532 1669//533 1670//534 1686//535
f 1682//527 1666//526 1667//536 1683//537
f 1683//537 1667//536 1668//538 1684//539
f 1688//540 1672//541 1665//525 1681//524
f 1686//535 1670//534 1671//542 1687//543
f 1684//539 1668//538 1669//533 1685//532
f 1681//524 1682//527 1674//544 1673//528
f 1685//532 1686//535 1678//545 1677//546
f 1688//540 1681//524 1673//528 1680//531
f 1686//535 1687//543 1679//547 1678//545
f 1684//539 1685//532 1677//546 1676//548
f 1683//537 1684//539 1676//548 1675//549
f 1687//543 1688//540 1680//531 1679//547
f 1682//527 1683//537 1675//549 1674//544
f 1674//544 1658//550 1657//529 1673//528
f 1665//525 1657//529 1658//550 1666//526
f 1676//548 1660//551 1659//552 1675//549
f 1675//549 1659//552 1658//550 1674//544
f 1668//538 1660//551 1661//553 1669//533
f 1670//534 1662//554 1663//555 1671//542
f 1677//546 1661//553 1660//551 1676//548
f 1666//526 1658//550 1659//552 1667//536
f 1678//545 1662//554 1661//553 1677//546
f 1672//541 1664//530 1657//529 1665//525
f 1679//547 1663//555 1662//554 1678//545
f 1671//542 1663//555 1664//530 1672//541
f 1680//531 1664//530 1663//555 1679//547
f 1669//533 1661//553 1662//554 1670//534
f 1687//543 1671//542 1672//541 1688//540
f 1667//536 1659//552 1660//551 1668//538
f 1696//556 1695//557 1703//558 1704//559
f 1694//560 1693//561 1701//562 1702//563
f 1692//564 1691//565 1699//566 1700//567
f 1690//568 1689//569 1697//570 1698//571
f 1689//569 1696//556 1704//559 1697//570
f 1695//557 1694//560 1702//563 1703//558
f 1693//561 1692//564 1700//567 1701//562
f 1691//565 1690//568 1698//571 1699//566
f 1712//572 1720//573 1719//588 1711//589
f 1710//576 1718//577 1717//578 1709//579
f 1708//580 1716//581 1715//582 1707//583
f 1706//584 1714//585 1713//586 1705//587
f 1705//587 1713//586 1720//573 1712//572
f 1711//589 1719//588 1718//577 1710//576
f 1709//579 1717//578 1716//581 1708//580
f 1707//583 1715//582 1714//585 1706//584
f 1696//556 1712//572 1711//589 1695//557
f 1703//558 1719//588 1720//573 1704//559
f 1689//569 1705//587 1712//572 1696//556
f 1690//568 1706//584 1705//587 1689//569
f 1704//559 1720//573 1713//586 1697//570
f 1697//570 1713//586 1714//585 1698//571
f 1691//565 1707//583 1706//584 1690//568
f 1698//571 1714//585 1715//582 1699//566
f 1692//564 1708//580 1707//583 1691//565
f 1699//566 1715//582 1716//581 1700//567
f 1693//561 1709//579 1708//580 1692//564
f 1700//567 1716//581 1717//578 1701//562
f 1694//560 1710//576 1709//579 1693//561
f 1701//562 1717//578 1718//577 1702//563
f 1695//557 1711//589 1710//576 1694//560
f 1702//563 1718//577 1719//588 1703//558
f 1745//595 1729//525 1730//526 1746//527
f 1737//596 1721//529 1728//530 1744//531
f 1749//597 1733//533 1734//534 1750//535
f 1746//527 1730//526 1731//536 1747//598
f 1747//598 1731//536 1732//538 1748//539
f 1752//540 1736//541 1729//525 1745//595
f 1750//535 1734//534 1735//542 1751//599
f 1748//539 1732//538 1733//533 1749//597
f 1745//595 1746//527 1738//544 1737//596
f 1749//597 1750//535 1742//545 1741//600
f 1752//540 1745//595 1737//596 1744//531
f 1750//535 1751//599 1743//601 1742//545
f 1748//539 1749//597 1741//600 1740//548
f 1747//598 1748//539 1740//548 1739//602
f 1751//599 1752//540 1744//531 1743//601
f 1746//527 1747//598 1739//602 1738//544
f 1738//544 1722//550 1721//529 1737//596
f 1729//525 1721//529 1722//550 1730//526
f 1740//548 1724//551 1723//552 1739//602
f 1739//602 1723//552 1722//550 1738//544
f 1732//538 1724//551 1725//553 1733//533
f 1734//534 1726//554 1727//555 1735//542
f 1741//600 1725//553 1724//551 1740//548
f 1730//526 1722//550 1723//552 1731//536
f 1742//545 1726//554 1725//553 1741//600
f 1736//541 1728//530 1721//529 1729//525
f 1743//601 1727//555 1726//554 1742//545
f 1735//542 1727//555 1728//530 1736//541
f 1744//531 1728//530 1727//555 1743//601
f 1733//533 1725//553 1726//554 1734//534
f 1751//599 1735//542 1736//541 1752//540
f 1731//536 1723//552 1724//551 1732//538
f 1760//556 1759//557 1767//558 1768//559
f 1758//560 1757//561 1765//562 1766//563
f 1756//564 1755//565 1763//566 1764//567
f 1754//568 1753//569 1761//570 1762//571
f 1753//569 1760//556 1768//559 1761//570
f 1759//557 1758//560 1766//563 1767//558
f 1757//561 1756//564 1764//567 1765//562
f 1755//565 1754//568 1762//571 1763//566
f 1776//572 1784//573 1783//574 1775//575
f 1774//576 1782//577 1781//578 1773//579
f 1772//580 1780//581 1779//590 1771//591
f 1770//584 1778//585 1777//586 1769//587
f 1769//587 1777//586 1784//573 1776//572
f 1775//575 1783//574 1782//577 1774//576
f 1773//579 1781//578 1780//581 1772//580
f 1771//591 1779//590 1778//585 1770//584
f 1760//556 1776//572 1775//575 1759//557
f 1767//558 1783//574 1784//573 1768//559
f 1753//569 1769//587 1776//572 1760//556
f 1754//568 1770//584 1769//587 1753//569
f 1768//559 1784//573 1777//586 1761//570
f 1761//570 1777//586 1778//585 1762//571
f 1755//565 1771//591 1770//584 1754//568
f 1762//571 1778//585 1779//590 1763//566
f 1756//564 1772//580 1771//591 1755//565
f 1763//566 1779//590 1780//581 1764//567
f 1757//561 1773//579 1772//580 1756//564
f 1764//567 1780//581 1781//578 1765//562
f 1758//560 1774//576 1773//579 1757//561
f 1765//562 1781//578 1782//577 1766//563
f 1759//557 1775//575 1774//576 1758//560
f 1766//563 1782//577 1783//574 1767//558
f 1809//524 1793//525 1794//592 1810//527
f 1801//528 1785//529 1792//530 1808//531
f 1813//532 1797//533 1798//603 1814//535
f 1810//527 1794//592 1795//536 1811//537
f 1811//537 1795//536 1796//538 1812//539
f 1816//540 1800//541 1793//525 1809//524
f 1814//535 1798//603 1799//542 1815//543
f 1812//539 1796//538 1797//533 1813//532
f 1809//524 1810//527 1802//544 1801//528
f 1813//532 1814//535 1806//545 1805//546
f 1816//540 1809//524 1801//528 1808//531
f 1814//535 1815//543 1807//547 1806//545
f 1812//539 1813//532 1805//546 1804//548
f 1811//537 1812//539 1804//548 1803//549
f 1815//543 1816//540 1808//531 1807//547
f 1810//527 1811//537 1803//549 1802//544
f 1802//544 1786//593 1785//529 1801//528
f 1793//525 1785//529 1786//593 1794//592
f 1804//548 1788//551 1787//552 1803//549
f 1803//549 1787//552 1786//593 1802//544
f 1796//538 1788//551 1789//553 1797//533
f 1798//603 1790//594 1791//555 1799//542
f 1805//546 1789//553 1788//551 1804//548
f 1794//592 1786//593 1787//552 1795//536
f 1806//545 1790//594 1789//553 1805//546
f 1800//541 1792//530 1785//529 1793//525
f 1807//547 1791//555 1790//594 1806//545
f 1799//542 1791//555 1792//530 1800//541
f 1808//531 1792//530 1791//555 1807//547
f 1797//533 1789//553 1790//594 1798//603
f 1815//543 1799//542 1800//541 1816//540
f 1795//536 1787//552 1788//551 1796//538
f 1818//377 1831//376 1832//357 1817//383
f 1843//364 1844//367 1837//368 1838//365
f 1820//378 1829//379 1830//375 1819//374
f 1823//382 1826//381 1827//371 1822//370
f 1821//373 1828//372 1829//379 1820//378
f 1817//383 1832//357 1825//356 1824//380
f 1819//374 1830//375 1831//376 1818//377
f 1824//380 1825//356 1826//381 1823//382
f 1841//369 1842//363 1839//366 1840//358
f 1845//359 1846//360 1835//361 1836//362
f 1846//360 1847//352 1834//355 1835//361
f 1825//356 1832//357 1833//354 1840//358
f 1842//363 1843//364 1838//365 1839//366
f 1844//367 1845//359 1836//362 1837//368
f 1847//352 1848//353 1833//354 1834//355
f 1848//353 1841//369 1840//358 1833//354
f 1821//373 1820//378 1845//359 1844//367
f 1828//372 1827//371 1838//365 1837//368
f 1818//377 1817//383 1848//353 1847//352
f 1817//383 1824//380 1841//369 1848//353
f 1822//370 1821//373 1844//367 1843//364
f 1820//378 1819//374 1846//360 1845//359
f 1819//374 1818//377 1847//352 1846//360
f 1824//380 1823//382 1842//363 1841//369
f 1830//375 1829//379 1836//362 1835//361
f 1829//379 1828//372 1837//368 1836//362
f 1826//381 1825//356 1840//358 1839//366
f 1832//357 1831//376 1834//355 1833//354
f 1831//376 1830//375 1835//361 1834//355
f 1827//371 1826//381 1839//366 1838//365
f 1822//370 1827//371 1828//372 1821//373
f 1823//382 1822//370 1843//364 1842//363
f 1856//604 1854//605 1880//606 1879//607
f 1897//608 1852//609 1854//605 1898//610
f 1862//611 1860//612 1877//613 1876//614
f 1898//610 1854//605 1856//604 1899//615
f 1852//609 1866//616 1874//617 1873//618
f 1899//615 1856//604 1858//619 1900//620
f 1860//612 1858//619 1878//621 1877//613
f 1900//620 1858//619 1860//612 1901//622
f 1866//616 1864//623 1875//624 1874//617
f 1901//622 1860//612 1862//611 1902//625
f 1858//619 1856//604 1879//607 1878//621
f 1902//625 1862//611 1864//623 1903//626
f 1854//605 1852//609 1873//618 1880//606
f 1867//627 1849//628 1936//629 1935//630
f 1903//626 1864//623 1866//616 1904//631
f 1864//623 1862//611 1876//614 1875//624
f 1904//631 1866//616 1852//609 1897//608
f 1851//632 1853//633 1855//634 1857//635 1859//636 1861//637 1863//638 1865//639
f 1872//640 1850//641 1873//618 1874//617
f 1871//642 1872//640 1874//617 1875//624
f 1870//643 1871//642 1875//624 1876//614
f 1869//644 1870//643 1876//614 1877//613
f 1868//645 1869//644 1877//613 1878//621
f 1867//627 1868//645 1878//621 1879//607
f 1849//628 1867//627 1879//607 1880//606
f 1850//641 1849//628 1880//606 1873//618
f 1881//628 1882//641 1938//646 1937//647
f 1869//644 1868//645 1934//648 1933//649
f 1871//642 1870//643 1932//650 1931//651
f 1850//641 1872//640 1930//652 1929//653
f 1849//628 1850//641 1929//653 1936//629
f 1868//645 1867//627 1935//630 1934//648
f 1870//643 1869//644 1933//649 1932//650
f 1872//640 1871//642 1931//651 1930//652
f 1865//639 1896//654 1889//655 1851//632
f 1863//638 1895//656 1896//654 1865//639
f 1861//637 1894//657 1895//656 1863//638
f 1859//636 1893//658 1894//657 1861//637
f 1857//635 1892//659 1893//658 1859//636
f 1855//634 1891//660 1892//659 1857//635
f 1853//633 1890//661 1891//660 1855//634
f 1851//632 1889//655 1890//661 1853//633
f 1900//620 1901//622 1917//662 1916//663
f 1892//659 1891//660 1907//664 1908//665
f 1901//622 1902//625 1918//666 1917//662
f 1893//658 1892//659 1908//665 1909//667
f 1902//625 1903//626 1919//668 1918//666
f 1894//657 1893//658 1909//667 1910//669
f 1903//626 1904//631 1920//670 1919//668
f 1895//656 1894//657 1910//669 1911//671
f 1912//672 1920//670 1913//673 1905//674
f 1911//671 1919//668 1920//670 1912//672
f 1910//669 1918//666 1919//668 1911//671
f 1909//667 1917//662 1918//666 1910//669
f 1908//665 1916//663 1917//662 1909//667
f 1907//664 1915//675 1916//663 1908//665
f 1906//676 1914//677 1915//675 1907//664
f 1905//674 1913//673 1914//677 1906//676
f 1891//660 1890//661 1906//676 1907//664
f 1899//615 1900//620 1916//663 1915//675
f 1890//661 1889//655 1905//674 1906//676
f 1898//610 1899//615 1915//675 1914//677
f 1889//655 1896//654 1912//672 1905//674
f 1897//608 1898//610 1914//677 1913//673
f 1896//654 1895//656 1911//671 1912//672
f 1904//631 1897//608 1913//673 1920//670
f 1921//678 1922//679 1924//679 1923//678
f 1927//680 1928//681 1926//681 1925//680
f 1923//678 1927//680 1925//680 1921//678
f 1928//681 1924//679 1922//679 1926//681
f 1888//640 1882//641 1929//653 1930//652
f 1887//642 1888//640 1930//652 1931//651
f 1886//643 1887//642 1931//651 1932//650
f 1885//644 1886//643 1932//650 1933//649
f 1884//645 1885//644 1933//649 1934//648
f 1883//627 1884//645 1934//648 1935//630
f 1881//628 1883//627 1935//630 1936//629
f 1882//641 1881//628 1936//629 1929//653
f 1937//647 1938//646 1944//682 1943//683 1942//684 1941//685 1940//686 1939//687
f 1884//645 1883//627 1939//687 1940//686
f 1886//643 1885//644 1941//685 1942//684
f 1888//640 1887//642 1943//683 1944//682
f 1883//627 1881//628 1937//647 1939//687
f 1885//644 1884//645 1940//686 1941//685
f 1887//642 1886//643 1942//684 1943//683
f 1882//641 1888//640 1944//682 1938//646
f 1952//609 1950//616 1976//617 1975//618
f 1993//626 1948//623 1950//616 1994//631
f 1958//619 1956//604 1973//607 1972//621
f 1994//631 1950//616 1952//609 1995//608
f 1948//623 1962//611 1970//614 1969//624
f 1995//608 1952//609 1954//605 1996//610
f 1956//604 1954//605 1974//606 1973//607
f 1996//610 1954//605 1956//604 1997//615
f 1962//611 1960//612 1971//613 1970//614
f 1997//615 1956//604 1958//619 1998//620
f 1954//605 1952//609 1975//618 1974//606
f 1998//620 1958//619 1960//612 1999//622
f 1950//616 1948//623 1969//624 1976//617
f 1963//641 1945//640 2032//652 2031//653
f 1999//622 1960//612 1962//611 2000//625
f 1960//612 1958//619 1972//621 1971//613
f 2000//625 1962//611 1948//623 1993//626
f 1947//638 1949//639 1951//632 1953//633 1955//634 1957//635 1959//636 1961//637
f 1968//643 1946//642 1969//624 1970//614
f 1967//644 1968//643 1970//614 1971//613
f 1966//645 1967//644 1971//613 1972//621
f 1965//627 1966//645 1972//621 1973//607
f 1964//628 1965//627 1973//607 1974//606
f 1963//641 1964//628 1974//606 1975//618
f 1945//640 1963//641 1975//618 1976//617
f 1946//642 1945//640 1976//617 1969//624
f 1977//640 1978//642 2034//683 2033//682
f 1965//627 1964//628 2030//629 2029//630
f 1967//644 1966//645 2028//648 2027//649
f 1946//642 1968//643 2026//650 2025//651
f 1945//640 1946//642 2025//651 2032//652
f 1964//628 1963//641 2031//653 2030//629
f 1966//645 1965//627 2029//630 2028//648
f 1968//643 1967//644 2027//649 2026//650
f 1961//637 1992//657 1985//656 1947//638
f 1959//636 1991//658 1992//657 1961//637
f 1957//635 1990//659 1991//658 1959//636
f 1955//634 1989//660 1990//659 1957//635
f 1953//633 1988//661 1989//660 1955//634
f 1951//632 1987//655 1988//661 1953//633
f 1949//639 1986//654 1987//655 1951//632
f 1947//638 1985//656 1986//654 1949//639
f 1996//610 1997//615 2013//675 2012//677
f 1988//661 1987//655 2003//674 2004//676
f 1997//615 1998//620 2014//663 2013//675
f 1989//660 1988//661 2004//676 2005//664
f 1998//620 1999//622 2015//662 2014//663
f 1990//659 1989//660 2005//664 2006//665
f 1999//622 2000//625 2016//666 2015//662
f 1991//658 1990//659 2006//665 2007//667
f 2008//669 2016//666 2009//668 2001//671
f 2007//667 2015//662 2016//666 2008//669
f 2006//665 2014//663 2015//662 2007//667
f 2005//664 2013//675 2014//663 2006//665
f 2004//676 2012//677 2013//675 2005//664
f 2003//674 2011//673 2012//677 2004//676
f 2002//672 2010//670 2011//673 2003//674
f 2001//671 2009//668 2010//670 2002//672
f 1987//655 1986//654 2002//672 2003//674
f 1995//608 1996//610 2012//677 2011//673
f 1986//654 1985//656 2001//671 2002//672
f 1994//631 1995//608 2011//673 2010//670
f 1985//656 1992//657 2008//669 2001//671
f 1993//626 1994//631 2010//670 2009//668
f 1992//657 1991//658 2007//667 2008//669
f 2000//625 1993//626 2009//668 2016//666
f 2017//688 2018//689 2020//689 2019//688
f 2023//690 2024//691 2022//691 2021//690
f 2019//688 2023//690 2021//690 2017//688
f 2024//691 2020//689 2018//689 2022//691
f 1984//643 1978//642 2025//651 2026//650
f 1983//644 1984//643 2026//650 2027//649
f 1982//645 1983//644 2027//649 2028//648
f 1981//627 1982//645 2028//648 2029//630
f 1980//628 1981//627 2029//630 2030//629
f 1979//641 1980//628 2030//629 2031//653
f 1977//640 1979//641 2031//653 2032//652
f 1978//642 1977//640 2032//652 2025//651
f 2033//682 2034//683 2040//684 2039//685 2038//686 2037//687 2036//647 2035//646
f 1980//628 1979//641 2035//646 2036//647
f 1982//645 1981//627 2037//687 2038//686
f 1984//643 1983//644 2039//685 2040//684
f 1979//641 1977//640 2033//682 2035//646
f 1981//627 1980//628 2036//647 2037//687
f 1983//644 1982//645 2038//686 2039//685
f 1978//642 1984//643 2040//684 2034//683
f 2048//623 2046//611 2072//614 2071//624
f 2089//622 2044//612 2046//611 2090//625
f 2054//605 2052//609 2069//618 2068//606
f 2090//625 2046//611 2048//623 2091//626
f 2044//612 2058//619 2066//621 2065//613
f 2091//626 2048//623 2050//616 2092//631
f 2052//609 2050//616 2070//617 2069//618
f 2092//631 2050//616 2052//609 2093//608
f 2058//619 2056//604 2067//607 2066//621
f 2093//608 2052//609 2054//605 2094//610
f 2050//616 2048//623 2071//624 2070//617
f 2094//610 2054//605 2056//604 2095//615
f 2046//611 2044//612 2065//613 2072//614
f 2059//642 2041//643 2128//650 2127//651
f 2095//615 2056//604 2058//619 2096//620
f 2056//604 2054//605 2068//606 2067//607
f 2096//620 2058//619 2044//612 2089//622
f 2043//636 2045//637 2047//638 2049//639 2051//632 2053//633 2055//634 2057//635
f 2064//645 2042//644 2065//613 2066//621
f 2063//627 2064//645 2066//621 2067//607
f 2062//628 2063//627 2067//607 2068//606
f 2061//641 2062//628 2068//606 2069//618
f 2060//640 2061//641 2069//618 2070//617
f 2059//642 2060//640 2070//617 2071//624
f 2041//643 2059//642 2071//624 2072//614
f 2042//644 2041//643 2072//614 2065//613
f 2073//643 2074//644 2130//685 2129//684
f 2061//641 2060//640 2126//652 2125//653
f 2063//627 2062//628 2124//629 2123//630
f 2042//644 2064//645 2122//648 2121//649
f 2041//643 2042//644 2121//649 2128//650
f 2060//640 2059//642 2127//651 2126//652
f 2062//628 2061//641 2125//653 2124//629
f 2064//645 2063//627 2123//630 2122//648
f 2057//635 2088//659 2081//658 2043//636
f 2055//634 2087//660 2088//659 2057//635
f 2053//633 2086//661 2087//660 2055//634
f 2051//632 2085//655 2086//661 2053//633
f 2049//639 2084//654 2085//655 2051//632
f 2047//638 2083//656 2084//654 2049//639
f 2045//637 2082//657 2083//656 2047//638
f 2043//636 2081//658 2082//657 2045//637
f 2092//631 2093//608 2109//673 2108//670
f 2084//654 2083//656 2099//671 2100//672
f 2093//608 2094//610 2110//677 2109//673
f 2085//655 2084//654 2100//672 2101//674
f 2094//610 2095//615 2111//675 2110//677
f 2086//661 2085//655 2101//674 2102//676
f 2095//615 2096//620 2112//663 2111//675
f 2087//660 2086//661 2102//676 2103//664
f 2104//665 2112//663 2105//662 2097//667
f 2103//664 2111//675 2112//663 2104//665
f 2102//676 2110//677 2111//675 2103//664
f 2101//674 2109//673 2110//677 2102//676
f 2100//672 2108//670 2109//673 2101//674
f 2099//671 2107//668 2108//670 2100//672
f 2098//669 2106//666 2107//668 2099//671
f 2097//667 2105//662 2106//666 2098//669
f 2083//656 2082//657 2098//669 2099//671
f 2091//626 2092//631 2108//670 2107//668
f 2082//657 2081//658 2097//667 2098//669
f 2090//625 2091//626 2107//668 2106//666
f 2081//658 2088//659 2104//665 2097//667
f 2089//622 2090//625 2106//666 2105//662
f 2088//659 2087//660 2103//664 2104//665
f 2096//620 2089//622 2105//662 2112//663
f 2113//680 2114//681 2116//681 2115//680
f 2119//678 2120//679 2118//679 2117//678
f 2115//680 2119//678 2117//678 2113//680
f 2120//679 2116//681 2114//681 2118//679
f 2080//645 2074//644 2121//649 2122//648
f 2079//627 2080//645 2122//648 2123//630
f 2078//628 2079//627 2123//630 2124//629
f 2077//641 2078//628 2124//629 2125//653
f 2076//640 2077//641 2125//653 2126//652
f 2075//642 2076//640 2126//652 2127//651
f 2073//643 2075//642 2127//651 2128//650
f 2074//644 2073//643 2128//650 2121//649
f 2129//684 2130//685 2136//686 2135//687 2134//647 2133//646 2132//682 2131//683
f 2076//640 2075//642 2131//683 2132//682
f 2078//628 2077//641 2133//646 2134//647
f 2080//645 2079//627 2135//687 2136//686
f 2075//642 2073//643 2129//684 2131//683
f 2077//641 2076//640 2132//682 2133//646
f 2079//627 2078//628 2134//647 2135//687
f 2074//644 2080//645 2136//686 2130//685
f 2144//612 2142//619 2168//621 2167//613
f 2185//615 2140//604 2142//619 2186//620
f 2150//616 2148//623 2165//624 2164//617
f 2186//620 2142//619 2144//612 2187//622
f 2140//604 2154//605 2162//606 2161//607
f 2187//622 2144//612 2146//611 2188//625
f 2148//623 2146//611 2166//614 2165//624
f 2188//625 2146//611 2148//623 2189//626
f 2154//605 2152//609 2163//618 2162//606
f 2189//626 2148//623 2150//616 2190//631
f 2146//611 2144//612 2167//613 2166//614
f 2190//631 2150//616 2152//609 2191//608
f 2142//619 2140//604 2161//607 2168//621
f 2155//644 2137//645 2224//648 2223//649
f 2191//608 2152//609 2154//605 2192//610
f 2152//609 2150//616 2164//617 2163//618
f 2192//610 2154//605 2140//604 2185//615
f 2139//634 2141//635 2143//636 2145//637 2147//638 2149//639 2151//632 2153//633
f 2160//628 2138//627 2161//607 2162//606
f 2159//641 2160//628 2162//606 2163//618
f 2158//640 2159//641 2163//618 2164//617
f 2157//642 2158//640 2164//617 2165//624
f 2156//643 2157//642 2165//624 2166//614
f 2155//644 2156//643 2166//614 2167//613
f 2137//645 2155//644 2167//613 2168//621
f 2138//627 2137//645 2168//621 2161//607
f 2169//645 2170//627 2226//687 2225//686
f 2157//642 2156//643 2222//650 2221//651
f 2159//641 2158//640 2220//652 2219//653
f 2138//627 2160//628 2218//629 2217//630
f 2137//645 2138//627 2217//630 2224//648
f 2156//643 2155//644 2223//649 2222//650
f 2158//640 2157//642 2221//651 2220//652
f 2160//628 2159//641 2219//653 2218//629
f 2153//633 2184//661 2177//660 2139//634
f 2151//632 2183//655 2184//661 2153//633
f 2149//639 2182//654 2183//655 2151//632
f 2147//638 2181//656 2182//654 2149//639
f 2145//637 2180//657 2181//656 2147//638
f 2143//636 2179//658 2180//657 2145//637
f 2141//635 2178//659 2179//658 2143//636
f 2139//634 2177//660 2178//659 2141//635
f 2188//625 2189//626 2205//668 2204//666
f 2180//657 2179//658 2195//667 2196//669
f 2189//626 2190//631 2206//670 2205//668
f 2181//656 2180//657 2196//669 2197//671
f 2190//631 2191//608 2207//673 2206//670
f 2182//654 2181//656 2197//671 2198//672
f 2191//608 2192//610 2208//677 2207//673
f 2183//655 2182//654 2198//672 2199//674
f 2200//676 2208//677 2201//675 2193//664
f 2199//674 2207//673 2208//677 2200//676
f 2198//672 2206//670 2207//673 2199//674
f 2197//671 2205//668 2206//670 2198//672
f 2196//669 2204//666 2205//668 2197//671
f 2195//667 2203//662 2204//666 2196//669
f 2194//665 2202//663 2203//662 2195//667
f 2193//664 2201//675 2202//663 2194//665
f 2179//658 2178//659 2194//665 2195//667
f 2187//622 2188//625 2204//666 2203//662
f 2178//659 2177//660 2193//664 2194//665
f 2186//620 2187//622 2203//662 2202//663
f 2177//660 2184//661 2200//676 2193//664
f 2185//615 2186//620 2202//663 2201//675
f 2184//661 2183//655 2199//674 2200//676
f 2192//610 2185//615 2201//675 2208//677
f 2209//690 2210//691 2212//691 2211//690
f 2215//688 2216//689 2214//689 2213//688
f 2211//690 2215//688 2213//688 2209//690
f 2216//689 2212//691 2210//691 2214//689
f 2176//628 2170//627 2217//630 2218//629
f 2175//641 2176//628 2218//629 2219//653
f 2174//640 2175//641 2219//653 2220//652
f 2173//642 2174//640 2220//652 2221//651
f 2172//643 2173//642 2221//651 2222//650
f 2171//644 2172//643 2222//650 2223//649
f 2169//645 2171//644 2223//649 2224//648
f 2170//627 2169//645 2224//648 2217//630
f 2225//686 2226//687 2232//647 2231//646 2230//682 2229//683 2228//684 2227//685
f 2172//643 2171//644 2227//685 2228//684
f 2174//640 2173//642 2229//683 2230//682
f 2176//628 2175//641 2231//646 2232//647
f 2171//644 2169//645 2225//686 2227//685
f 2173//642 2172//643 2228//684 2229//683
f 2175//641 2174//640 2230//682 2231//646
f 2170//627 2176//628 2232//647 2226//687
f 2240//605 2238//609 2264//618 2263//606
f 2281//631 2236//616 2238//609 2282//608
f 2246//612 2244//619 2261//621 2260//613
f 2282//608 2238//609 2240//605 2283//610
f 2236//616 2250//623 2258//624 2257//617
f 2283//610 2240//605 2242//604 2284//615
f 2244//619 2242//604 2262//607 2261//621
f 2284//615 2242//604 2244//619 2285//620
f 2250//623 2248//611 2259//614 2258//624
f 2285//620 2244//619 2246//612 2286//622
f 2242//604 2240//605 2263//606 2262//607
f 2286//622 2246//612 2248//611 2287//625
f 2238//609 2236//616 2257//617 2264//618
f 2251//628 2233//641 2320//653 2319//629
f 2287//625 2248//611 2250//623 2288//626
f 2248//611 2246//612 2260//613 2259//614
f 2288//626 2250//623 2236//616 2281//631
f 2235//639 2237//632 2239//633 2241//634 2243//635 2245//636 2247//637 2249//638
f 2256//642 2234//640 2257//617 2258//624
f 2255//643 2256//642 2258//624 2259//614
f 2254//644 2255//643 2259//614 2260//613
f 2253//645 2254//644 2260//613 2261//621
f 2252//627 2253//645 2261//621 2262//607
f 2251//628 2252//627 2262//607 2263//606
f 2233//641 2251//628 2263//606 2264//618
f 2234//640 2233//641 2264//618 2257//617
f 2265//641 2266//640 2322//682 2321//646
f 2253//645 2252//627 2318//630 2317//648
f 2255//643 2254//644 2316//649 2315//650
f 2234//640 2256//642 2314//651 2313//652
f 2233//641 2234//640 2313//652 2320//653
f 2252//627 2251//628 2319//629 2318//630
f 2254//644 2253//645 2317//648 2316//649
f 2256//642 2255//643 2315//650 2314//651
f 2249//638 2280//656 2273//654 2235//639
f 2247//637 2279//657 2280//656 2249//638
f 2245//636 2278//658 2279//657 2247//637
f 2243//635 2277//659 2278//658 2245//636
f 2241//634 2276//660 2277//659 2243//635
f 2239//633 2275//661 2276//660 2241//634
f 2237//632 2274//655 2275//661 2239//633
f 2235//639 2273//654 2274//655 2237//632
f 2284//615 2285//620 2301//663 2300//675
f 2276//660 2275//661 2291//676 2292//664
f 2285//620 2286//622 2302//662 2301//663
f 2277//659 2276//660 2292//664 2293//665
f 2286//622 2287//625 2303//666 2302//662
f 2278//658 2277//659 2293//665 2294//667
f 2287//625 2288//626 2304//668 2303//666
f 2279//657 2278//658 2294//667 2295//669
f 2296//671 2304//668 2297//670 2289//672
f 2295//669 2303//666 2304//668 2296//671
f 2294//667 2302//662 2303//666 2295//669
f 2293//665 2301//663 2302//662 2294//667
f 2292//664 2300//675 2301//663 2293//665
f 2291//676 2299//677 2300//675 2292//664
f 2290//674 2298//673 2299//677 2291//676
f 2289//672 2297//670 2298//673 2290//674
f 2275//661 2274//655 2290//674 2291//676
f 2283//610 2284//615 2300//675 2299//677
f 2274//655 2273//654 2289//672 2290//674
f 2282//608 2283//610 2299//677 2298//673
f 2273//654 2280//656 2296//671 2289//672
f 2281//631 2282//608 2298//673 2297//670
f 2280//656 2279//657 2295//669 2296//671
f 2288//626 2281//631 2297//670 2304//668
f 2305//692 2306//693 2308//693 2307//692
f 2311//694 2312//695 2310//695 2309//694
f 2307//692 2311//694 2309//694 2305//692
f 2312//695 2308//693 2306//693 2310//695
f 2272//642 2266//640 2313//652 2314//651
f 2271//643 2272//642 2314//651 2315//650
f 2270//644 2271//643 2315//650 2316//649
f 2269//645 2270//644 2316//649 2317//648
f 2268//627 2269//645 2317//648 2318//630
f 2267//628 2268//627 2318//630 2319//629
f 2265//641 2267//628 2319//629 2320//653
f 2266//640 2265//641 2320//653 2313//652
f 2321//646 2322//682 2328//683 2327//684 2326//685 2325//686 2324//687 2323//647
f 2268//627 2267//628 2323//647 2324//687
f 2270//644 2269//645 2325//686 2326//685
f 2272//642 2271//643 2327//684 2328//683
f 2267//628 2265//641 2321//646 2323//647
f 2269//645 2268//627 2324//687 2325//686
f 2271//643 2270//644 2326//685 2327//684
f 2266//640 2272//642 2328//683 2322//682
f 2336//616 2334//623 2360//624 2359//617
f 2377//625 2332//611 2334//623 2378//626
f 2342//604 2340//605 2357//606 2356//607
f 2378//626 2334//623 2336//616 2379//631
f 2332//611 2346//612 2354//613 2353//614
f 2379//631 2336//616 2338//609 2380//608
f 2340//605 2338//609 2358//618 2357//606
f 2380//608 2338//609 2340//605 2381//610
f 2346//612 2344//619 2355//621 2354//613
f 2381//610 2340//605 2342//604 2382//615
f 2338//609 2336//616 2359//617 2358//618
f 2382//615 2342//604 2344//619 2383//620
f 2334//623 2332//611 2353//614 2360//624
f 2347//640 2329//642 2416//651 2415//652
f 2383//620 2344//619 2346//612 2384//622
f 2344//619 2342//604 2356//607 2355//621
f 2384//622 2346//612 2332//611 2377//625
f 2331//637 2333//638 2335//639 2337//632 2339//633 2341//634 2343//635 2345//636
f 2352//644 2330//643 2353//614 2354//613
f 2351//645 2352//644 2354//613 2355//621
f 2350//627 2351//645 2355//621 2356//607
f 2349//628 2350//627 2356//607 2357//606
f 2348//641 2349//628 2357//606 2358//618
f 2347//640 2348//641 2358//618 2359//617
f 2329//642 2347//640 2359//617 2360//624
f 2330//643 2329//642 2360//624 2353//614
f 2361//642 2362//643 2418//684 2417//683
f 2349//628 2348//641 2414//653 2413//629
f 2351//645 2350//627 2412//630 2411//648
f 2330//643 2352//644 2410//649 2409//650
f 2329//642 2330//643 2409//650 2416//651
f 2348//641 2347//640 2415//652 2414//653
f 2350//627 2349//628 2413//629 2412//630
f 2352//644 2351//645 2411//648 2410//649
f 2345//636 2376//658 2369//657 2331//637
f 2343//635 2375//659 2376//658 2345//636
f 2341//634 2374//660 2375//659 2343//635
f 2339//633 2373//661 2374//660 2341//634
f 2337//632 2372//655 2373//661 2339//633
f 2335//639 2371//654 2372//655 2337//632
f 2333//638 2370//656 2371//654 2335//639
f 2331//637 2369//657 2370//656 2333//638
f 2380//608 2381//610 2397//677 2396//673
f 2372//655 2371//654 2387//672 2388//674
f 2381//610 2382//615 2398//675 2397//677
f 2373//661 2372//655 2388//674 2389//676
f 2382//615 2383//620 2399//663 2398//675
f 2374//660 2373//661 2389//676 2390//664
f 2383//620 2384//622 2400//662 2399//663
f 2375//659 2374//660 2390//664 2391//665
f 2392//667 2400//662 2393//666 2385//669
f 2391//665 2399//663 2400//662 2392//667
f 2390//664 2398//675 2399//663 2391//665
f 2389//676 2397//677 2398//675 2390//664
f 2388//674 2396//673 2397//677 2389//676
f 2387//672 2395//670 2396//673 2388//674
f 2386//671 2394//668 2395//670 2387//672
f 2385//669 2393//666 2394//668 2386//671
f 2371//654 2370//656 2386//671 2387//672
f 2379//631 2380//608 2396//673 2395//670
f 2370//656 2369//657 2385//669 2386//671
f 2378//626 2379//631 2395//670 2394//668
f 2369//657 2376//658 2392//667 2385//669
f 2377//625 2378//626 2394//668 2393//666
f 2376//658 2375//659 2391//665 2392//667
f 2384//622 2377//625 2393//666 2400//662
f 2401//696 2402//697 2404//697 2403//696
f 2407//698 2408//699 2406//699 2405//698
f 2403//696 2407//698 2405//698 2401//696
f 2408//699 2404//697 2402//697 2406//699
f 2368//644 2362//643 2409//650 2410//649
f 2367//645 2368//644 2410//649 2411//648
f 2366//627 2367//645 2411//648 2412//630
f 2365//628 2366//627 2412//630 2413//629
f 2364//641 2365//628 2413//629 2414//653
f 2363//640 2364//641 2414//653 2415//652
f 2361//642 2363//640 2415//652 2416//651
f 2362//643 2361//642 2416//651 2409//650
f 2417//683 2418//684 2424//685 2423//686 2422//687 2421//647 2420//646 2419//682
f 2364//641 2363//640 2419//682 2420//646
f 2366//627 2365//628 2421//647 2422//687
f 2368//644 2367//645 2423//686 2424//685
f 2363//640 2361//642 2417//683 2419//682
f 2365//628 2364//641 2420//646 2421//647
f 2367//645 2366//627 2422//687 2423//686
f 2362//643 2368//644 2424//685 2418//684
f 2432//611 2430//612 2456//613 2455//614
f 2473//620 2428//619 2430//612 2474//622
f 2438//609 2436//616 2453//617 2452//618
f 2474//622 2430//612 2432//611 2475//625
f 2428//619 2442//604 2450//607 2449//621
f 2475//625 2432//611 2434//623 2476//626
f 2436//616 2434//623 2454//624 2453//617
f 2476//626 2434//623 2436//616 2477//631
f 2442//604 2440//605 2451//606 2450//607
f 2477//631 2436//616 2438//609 2478//608
f 2434//623 2432//611 2455//614 2454//624
f 2478//608 2438//609 2440//605 2479//610
f 2430//612 2428//619 2449//621 2456//613
f 2443//643 2425//644 2512//649 2511//650
f 2479//610 2440//605 2442//604 2480//615
f 2440//605 2438//609 2452//618 2451//606
f 2480//615 2442//604 2428//619 2473//620
f 2427//635 2429//636 2431//637 2433//638 2435//639 2437//632 2439//633 2441//634
f 2448//627 2426//645 2449//621 2450//607
f 2447//628 2448//627 2450//607 2451//606
f 2446//641 2447//628 2451//606 2452//618
f 2445//640 2446//641 2452//618 2453//617
f 2444//642 2445//640 2453//617 2454//624
f 2443//643 2444//642 2454//624 2455//614
f 2425//644 2443//643 2455//614 2456//613
f 2426//645 2425//644 2456//613 2449//621
f 2457//644 2458//645 2514//686 2513//685
f 2445//640 2444//642 2510//651 2509//652
f 2447//628 2446//641 2508//653 2507//629
f 2426//645 2448//627 2506//630 2505//648
f 2425//644 2426//645 2505//648 2512//649
f 2444//642 2443//643 2511//650 2510//651
f 2446//641 2445//640 2509//652 2508//653
f 2448//627 2447//628 2507//629 2506//630
f 2441//634 2472//660 2465//659 2427//635
f 2439//633 2471//661 2472//660 2441//634
f 2437//632 2470//655 2471//661 2439//633
f 2435//639 2469//654 2470//655 2437//632
f 2433//638 2468//656 2469//654 2435//639
f 2431//637 2467//657 2468//656 2433//638
f 2429//636 2466//658 2467//657 2431//637
f 2427//635 2465//659 2466//658 2429//636
f 2476//626 2477//631 2493//670 2492//668
f 2468//656 2467//657 2483//669 2484//671
f 2477//631 2478//608 2494//673 2493//670
f 2469//654 2468//656 2484//671 2485//672
f 2478//608 2479//610 2495//677 2494//673
f 2470//655 2469//654 2485//672 2486//674
f 2479//610 2480//615 2496//675 2495//677
f 2471//661 2470//655 2486//674 2487//676
f 2488//664 2496//675 2489//663 2481//665
f 2487//676 2495//677 2496//675 2488//664
f 2486//674 2494//673 2495//677 2487//676
f 2485//672 2493//670 2494//673 2486//674
f 2484//671 2492//668 2493//670 2485//672
f 2483//669 2491//666 2492//668 2484//671
f 2482//667 2490//662 2491//666 2483//669
f 2481//665 2489//663 2490//662 2482//667
f 2467//657 2466//658 2482//667 2483//669
f 2475//625 2476//626 2492//668 2491//666
f 2466//658 2465//659 2481//665 2482//667
f 2474//622 2475//625 2491//666 2490//662
f 2465//659 2472//660 2488//664 2481//665
f 2473//620 2474//622 2490//662 2489//663
f 2472//660 2471//661 2487//676 2488//664
f 2480//615 2473//620 2489//663 2496//675
f 2497//694 2498//695 2500//695 2499//694
f 2503//692 2504//693 2502//693 2501//692
f 2499//694 2503//692 2501//692 2497//694
f 2504//693 2500//695 2498//695 2502//693
f 2464//627 2458//645 2505//648 2506//630
f 2463//628 2464//627 2506//630 2507//629
f 2462//641 2463//628 2507//629 2508//653
f 2461//640 2462//641 2508//653 2509//652
f 2460//642 2461//640 2509//652 2510//651
f 2459//643 2460//642 2510//651 2511//650
f 2457//644 2459//643 2511//650 2512//649
f 2458//645 2457//644 2512//649 2505//648
f 2513//685 2514//686 2520//687 2519//647 2518//646 2517//682 2516//683 2515//684
f 2460//642 2459//643 2515//684 2516//683
f 2462//641 2461//640 2517//682 2518//646
f 2464//627 2463//628 2519//647 2520//687
f 2459//643 2457//644 2513//685 2515//684
f 2461//640 2460//642 2516//683 2517//682
f 2463//628 2462//641 2518//646 2519//647
f 2458//645 2464//627 2520//687 2514//686
f 2528//619 2526//604 2552//607 2551//621
f 2569//610 2524//605 2526//604 2570//615
f 2534//623 2532//611 2549//614 2548//624
f 2570//615 2526//604 2528//619 2571//620
f 2524//605 2538//609 2546//618 2545//606
f 2571//620 2528//619 2530//612 2572//622
f 2532//611 2530//612 2550//613 2549//614
f 2572//622 2530//612 2532//611 2573//625
f 2538//609 2536//616 2547//617 2546//618
f 2573//625 2532//611 2534//623 2574//626
f 2530//612 2528//619 2551//621 2550//613
f 2574//626 2534//623 2536//616 2575//631
f 2526//604 2524//605 2545//606 2552//607
f 2539//645 2521//627 2608//630 2607//648
f 2575//631 2536//616 2538//609 2576//608
f 2536//616 2534//623 2548//624 2547//617
f 2576//608 2538//609 2524//605 2569//610
f 2523//633 2525//634 2527//635 2529//636 2531//637 2533//638 2535//639 2537//632
f 2544//641 2522//628 2545//606 2546//618
f 2543//640 2544//641 2546//618 2547//617
f 2542//642 2543//640 2547//617 2548//624
f 2541//643 2542//642 2548//624 2549//614
f 2540//644 2541//643 2549//614 2550//613
f 2539//645 2540//644 2550//613 2551//621
f 2521//627 2539//645 2551//621 2552//607
f 2522//628 2521//627 2552//607 2545//606
f 2553//627 2554//628 2610//647 2609//687
f 2541//643 2540//644 2606//649 2605//650
f 2543//640 2542//642 2604//651 2603//652
f 2522//628 2544//641 2602//653 2601//629
f 2521//627 2522//628 2601//629 2608//630
f 2540//644 2539//645 2607//648 2606//649
f 2542//642 2541//643 2605//650 2604//651
f 2544//641 2543//640 2603//652 2602//653
f 2537//632 2568//655 2561//661 2523//633
f 2535//639 2567//654 2568//655 2537//632
f 2533//638 2566//656 2567//654 2535//639
f 2531//637 2565//657 2566//656 2533//638
f 2529//636 2564//658 2565//657 2531//637
f 2527//635 2563//659 2564//658 2529//636
f 2525//634 2562//660 2563//659 2527//635
f 2523//633 2561//661 2562//660 2525//634
f 2572//622 2573//625 2589//666 2588//662
f 2564//658 2563//659 2579//665 2580//667
f 2573//625 2574//626 2590//668 2589//666
f 2565//657 2564//658 2580//667 2581//669
f 2574//626 2575//631 2591//670 2590//668
f 2566//656 2565//657 2581//669 2582//671
f 2575//631 2576//608 2592//673 2591//670
f 2567//654 2566//656 2582//671 2583//672
f 2584//674 2592//673 2585//677 2577//676
f 2583//672 2591//670 2592//673 2584//674
f 2582//671 2590//668 2591//670 2583//672
f 2581//669 2589//666 2590//668 2582//671
f 2580//667 2588//662 2589//666 2581//669
f 2579//665 2587//663 2588//662 2580//667
f 2578//664 2586//675 2587//663 2579//665
f 2577//676 2585//677 2586//675 2578//664
f 2563//659 2562//660 2578//664 2579//665
f 2571//620 2572//622 2588//662 2587//663
f 2562//660 2561//661 2577//676 2578//664
f 2570//615 2571//620 2587//663 2586//675
f 2561//661 2568//655 2584//674 2577//676
f 2569//610 2570//615 2586//675 2585//677
f 2568//655 2567//654 2583//672 2584//674
f 2576//608 2569//610 2585//677 2592//673
f 2593//698 2594//699 2596//699 2595//698
f 2599//696 2600//697 2598//697 2597//696
f 2595//698 2599//696 2597//696 2593//698
f 2600//697 2596//699 2594//699 2598//697
f 2560//641 2554//628 2601//629 2602//653
f 2559//640 2560//641 2602//653 2603//652
f 2558//642 2559//640 2603//652 2604//651
f 2557//643 2558//642 2604//651 2605//650
f 2556//644 2557//643 2605//650 2606//649
f 2555//645 2556//644 2606//649 2607//648
f 2553//627 2555//645 2607//648 2608//630
f 2554//628 2553//627 2608//630 2601//629
f 2609//687 2610//647 2616//646 2615//682 2614//683 2613//684 2612//685 2611//686
f 2556//644 2555//645 2611//686 2612//685
f 2558//642 2557//643 2613//684 2614//683
f 2560//641 2559//640 2615//682 2616//646
f 2555//645 2553//627 2609//687 2611//686
f 2557//643 2556//644 2612//685 2613//684
f 2559//640 2558//642 2614//683 2615//682
f 2554//628 2560//641 2616//646 2610//647
