# Blender 4.3.2
# www.blender.org
mtllib pillar.mtl
o uploads_files_772456_pillar
v -1.125000 -0.095312 1.125001
v 1.125000 -0.095312 1.125001
v -1.125000 14.571201 1.125000
v 1.125000 14.571201 1.125000
v -1.125000 14.571201 -1.125001
v 1.125000 14.571201 -1.125001
v -1.125000 -0.095312 -1.125000
v 1.125000 -0.095312 -1.125000
v -1.125000 1.074394 1.125001
v -1.125000 1.074394 -1.125000
v 1.125000 1.074394 -1.125000
v 1.125000 1.074394 1.125001
v -1.125000 5.668612 1.125000
v -1.125000 5.668612 -1.125000
v 1.125000 5.668612 -1.125000
v 1.125000 5.668612 1.125000
v -1.125000 6.315932 1.125000
v -1.125000 6.315932 -1.125000
v 1.125000 6.315932 -1.125000
v 1.125000 6.315932 1.125000
v -1.125000 6.904689 1.125000
v -1.125000 6.904689 -1.125000
v 1.125000 6.904689 -1.125000
v 1.125000 6.904689 1.125000
v -1.125000 11.004690 1.125000
v -1.125000 11.004690 -1.125000
v 1.125000 11.004690 -1.125000
v 1.125000 11.004690 1.125000
v -1.125000 11.754690 1.125000
v -1.125000 11.754690 -1.125000
v 1.125000 11.754690 -1.125000
v 1.125000 11.754690 1.125000
v -1.125000 12.404690 1.125000
v -1.125000 12.404690 -1.125000
v 1.125000 12.404690 -1.125000
v 1.125000 12.404690 1.125000
v -1.225000 -0.095312 1.225001
v 1.225000 -0.095312 1.225001
v 1.225000 -0.095312 -1.225000
v -1.225000 -0.095312 -1.225000
v -1.225000 1.005961 1.225001
v -1.225000 1.005961 -1.225000
v 1.225000 1.005961 -1.225000
v 1.225000 1.005961 1.225001
v -1.225000 1.074394 1.225001
v -1.225001 1.074394 -1.225000
v 1.225000 1.074394 -1.225000
v 1.225000 1.074394 1.225001
v -1.325000 -0.095312 1.325001
v 1.325000 -0.095312 1.325001
v 1.325000 -0.095312 -1.325000
v -1.325000 -0.095312 -1.325000
v -1.325000 0.761167 1.325001
v -1.325000 0.761167 -1.325000
v 1.325000 0.761167 -1.325000
v 1.325000 0.761167 1.325001
v -1.323298 1.005939 1.323298
v -1.323298 1.005939 -1.323297
v 1.323298 1.005939 -1.323297
v 1.323298 1.005939 1.323298
v -1.425000 -0.095312 1.425001
v 1.425000 -0.095312 1.425001
v 1.425000 -0.095312 -1.425000
v -1.425000 -0.095312 -1.425000
v 1.425000 0.684495 1.425001
v -1.425000 0.684495 1.425001
v -1.425000 0.684495 -1.425000
v 1.425000 0.684495 -1.425000
v -1.425000 0.761167 1.425001
v -1.425000 0.761167 -1.425000
v 1.425000 0.761167 -1.425000
v 1.425000 0.761167 1.425001
v -1.575000 -0.095312 1.575001
v 1.575000 -0.095312 1.575001
v 1.575000 0.404688 1.575001
v -1.575000 0.404688 1.575001
v -1.575000 0.404688 -1.575000
v 1.575000 0.404688 -1.575000
v 1.575000 -0.095312 -1.575000
v -1.575000 -0.095312 -1.575000
v -1.725000 -0.095312 1.725001
v 1.725000 -0.095312 1.725001
v 1.725000 0.404688 1.725001
v -1.725000 0.404688 1.725001
v -1.725000 0.404688 -1.725000
v 1.725000 0.404688 -1.725000
v 1.725000 -0.095312 -1.725000
v -1.725000 -0.095312 -1.725000
v -1.225000 5.668612 1.225001
v -1.225000 5.668612 -1.225000
v 1.225000 5.668612 -1.225000
v 1.225000 5.668612 1.225001
v -1.225000 6.198084 1.225000
v -1.225000 6.198084 -1.225000
v 1.225000 6.198084 -1.225000
v 1.225000 6.198084 1.225000
v -1.325000 5.668612 1.325001
v -1.325000 5.668612 -1.325000
v 1.325000 5.668612 -1.325000
v 1.325000 5.668612 1.325001
v -1.325000 6.113862 1.325000
v -1.325000 6.113863 -1.325000
v 1.325000 6.113863 -1.325000
v 1.325000 6.113862 1.325000
v -1.425000 5.668612 1.425001
v -1.425000 5.668612 -1.425000
v -1.425000 5.968612 1.425001
v -1.425001 5.968612 -1.425000
v 1.425000 5.968612 -1.425000
v 1.425000 5.668612 -1.425000
v 1.425000 5.668612 1.425001
v 1.425000 5.968612 1.425001
v -1.225000 11.854691 1.225000
v -1.225000 11.854690 -1.225001
v 1.225000 11.854690 -1.225001
v 1.225000 11.854691 1.225000
v -1.225000 12.304690 1.225000
v -1.225000 12.304689 -1.225000
v 1.225000 12.304689 -1.225000
v 1.225000 12.304690 1.225000
v -1.325000 11.954690 1.325000
v -1.325000 11.954690 -1.325001
v 1.325000 11.954690 -1.325001
v 1.325000 11.954690 1.325000
v -1.325000 12.204690 1.325000
v -1.325000 12.204690 -1.325000
v 1.325000 12.204690 -1.325000
v 1.325000 12.204690 1.325000
v 1.571491 0.575659 1.571491
v 1.561137 0.605247 1.561138
v 1.544460 0.631789 1.544460
v 1.522294 0.653955 1.522295
v 1.495752 0.670632 1.495753
v 1.466164 0.680985 1.466165
v 1.435014 0.684495 1.435015
v 1.575000 0.544509 1.575001
v -1.466164 0.680985 1.466165
v -1.495752 0.670632 1.495753
v -1.522294 0.653955 1.522295
v -1.544460 0.631789 1.544460
v -1.561137 0.605247 1.561138
v -1.571491 0.575659 1.571491
v -1.575000 0.544509 1.575001
v -1.435014 0.684495 1.435015
v -1.466164 0.680985 -1.466164
v -1.495752 0.670632 -1.495751
v -1.522294 0.653955 -1.522294
v -1.544460 0.631789 -1.544459
v -1.561137 0.605247 -1.561137
v -1.571491 0.575659 -1.571490
v -1.575000 0.544509 -1.575000
v -1.435014 0.684495 -1.435014
v 1.466164 0.680985 -1.466164
v 1.495752 0.670632 -1.495751
v 1.522294 0.653955 -1.522294
v 1.544460 0.631789 -1.544459
v 1.561137 0.605247 -1.561137
v 1.571491 0.575659 -1.571490
v 1.575000 0.544509 -1.575000
v 1.435014 0.684495 -1.435014
v -1.345127 0.766190 1.345127
v -1.366841 0.773788 1.366841
v -1.386320 0.786028 1.386320
v -1.402587 0.802294 1.402588
v -1.414826 0.821774 1.414827
v -1.422425 0.843488 1.422425
v -1.425000 0.866349 1.425001
v -1.322266 0.763614 1.322267
v -1.345127 0.766190 -1.345126
v -1.366841 0.773788 -1.366840
v -1.386320 0.786028 -1.386319
v -1.402587 0.802294 -1.402586
v -1.414826 0.821774 -1.414826
v -1.422425 0.843488 -1.422424
v -1.425000 0.866349 -1.425000
v -1.322266 0.763614 -1.322265
v -1.422399 0.926762 1.422400
v -1.414731 0.948502 1.414732
v -1.402388 0.967964 1.402389
v -1.385999 0.984151 1.385999
v -1.366393 0.996241 1.366394
v -1.344560 1.003619 1.344560
v -1.425000 0.903858 1.425001
v -1.344560 1.003620 -1.344559
v -1.366393 0.996241 -1.366392
v -1.385999 0.984152 -1.385998
v -1.402388 0.967964 -1.402387
v -1.414731 0.948503 -1.414730
v -1.422399 0.926762 -1.422399
v -1.425000 0.903858 -1.425000
v 1.344560 1.003619 -1.344559
v 1.366393 0.996241 -1.366392
v 1.385999 0.984151 -1.385998
v 1.402388 0.967964 -1.402387
v 1.414731 0.948502 -1.414730
v 1.422399 0.926762 -1.422399
v 1.425000 0.903858 -1.425000
v 1.345127 0.766190 -1.345126
v 1.366841 0.773788 -1.366840
v 1.386320 0.786028 -1.386319
v 1.402587 0.802294 -1.402586
v 1.414826 0.821774 -1.414826
v 1.422425 0.843488 -1.422424
v 1.425000 0.866349 -1.425000
v 1.322266 0.763614 -1.322265
v 1.345127 0.766190 1.345127
v 1.366841 0.773788 1.366841
v 1.386320 0.786028 1.386320
v 1.402587 0.802294 1.402588
v 1.414826 0.821774 1.414827
v 1.422425 0.843488 1.422425
v 1.425000 0.866349 1.425001
v 1.322266 0.763614 1.322267
v 1.344560 1.003619 1.344560
v 1.366393 0.996241 1.366394
v 1.385999 0.984151 1.385999
v 1.402388 0.967964 1.402389
v 1.414731 0.948502 1.414732
v 1.422399 0.926762 1.422400
v 1.425000 0.903858 1.425001
v -1.474951 5.673211 1.474951
v -1.507507 5.686697 1.507507
v -1.535464 5.708148 1.535464
v -1.556916 5.736105 1.556916
v -1.570401 5.768661 1.570401
v -1.575000 5.803598 1.575001
v -1.440014 5.668612 1.440014
v -1.570401 5.768661 -1.570401
v -1.556916 5.736105 -1.556915
v -1.535464 5.708148 -1.535463
v -1.507507 5.686697 -1.507507
v -1.474951 5.673211 -1.474951
v -1.440014 5.668612 -1.440014
v -1.575001 5.803598 -1.575000
v -1.570401 5.868563 1.570401
v -1.556916 5.901119 1.556916
v -1.535464 5.929075 1.535464
v -1.507507 5.950527 1.507507
v -1.474951 5.964012 1.474951
v -1.440014 5.968612 1.440014
v -1.575000 5.833625 1.575001
v -1.474951 5.964012 -1.474951
v -1.507507 5.950527 -1.507507
v -1.535464 5.929075 -1.535463
v -1.556916 5.901119 -1.556915
v -1.570401 5.868563 -1.570401
v -1.575001 5.833625 -1.575000
v -1.440014 5.968612 -1.440014
v 1.474951 5.964012 -1.474951
v 1.507507 5.950527 -1.507507
v 1.535464 5.929075 -1.535463
v 1.556916 5.901119 -1.556915
v 1.570401 5.868563 -1.570401
v 1.575000 5.833625 -1.575000
v 1.440014 5.968612 -1.440014
v 1.570401 5.768661 -1.570401
v 1.556916 5.736105 -1.556915
v 1.535464 5.708148 -1.535463
v 1.507507 5.686697 -1.507507
v 1.474951 5.673211 -1.474951
v 1.440014 5.668612 -1.440014
v 1.575000 5.803598 -1.575000
v 1.570401 5.768661 1.570401
v 1.556916 5.736105 1.556916
v 1.535464 5.708148 1.535464
v 1.507507 5.686697 1.507507
v 1.474951 5.673211 1.474951
v 1.440014 5.668612 1.440014
v 1.575000 5.803598 1.575001
v 1.474951 5.964012 1.474951
v 1.507507 5.950527 1.507507
v 1.535464 5.929075 1.535464
v 1.556916 5.901119 1.556916
v 1.570401 5.868563 1.570401
v 1.575000 5.833625 1.575001
v 1.440014 5.968612 1.440014
v -1.422526 6.060040 1.422526
v -1.415271 6.077553 1.415272
v -1.403731 6.092593 1.403731
v -1.388691 6.104134 1.388692
v -1.371177 6.111388 1.371178
v -1.352383 6.113862 1.352383
v -1.425000 6.041245 1.425000
v -1.371177 6.111388 -1.371177
v -1.388691 6.104134 -1.388691
v -1.403731 6.092593 -1.403731
v -1.415272 6.077554 -1.415271
v -1.422526 6.060040 -1.422526
v -1.425000 6.041245 -1.425000
v -1.352383 6.113863 -1.352382
v 1.371177 6.111388 -1.371177
v 1.388691 6.104134 -1.388691
v 1.403731 6.092593 -1.403731
v 1.415271 6.077553 -1.415271
v 1.422526 6.060040 -1.422526
v 1.425000 6.041245 -1.425000
v 1.352383 6.113863 -1.352383
v 1.371177 6.111388 1.371178
v 1.388691 6.104133 1.388692
v 1.403731 6.092593 1.403731
v 1.415271 6.077553 1.415272
v 1.422526 6.060039 1.422526
v 1.425000 6.041245 1.425000
v 1.352382 6.113862 1.352383
v 1.125000 13.167267 1.125000
v -1.125000 13.167267 1.125000
v -1.125000 13.167267 -1.125000
v 1.125000 13.167267 -1.125000
v -1.225000 13.230211 1.225000
v -1.225000 13.230211 -1.225001
v 1.225000 13.230211 -1.225001
v 1.225000 13.230211 1.225000
v -1.225000 14.571201 1.225000
v -1.225000 14.571201 -1.225001
v 1.225000 14.571201 -1.225001
v 1.225000 14.571201 1.225000
v 1.225000 13.167267 1.225000
v -1.225000 13.167267 1.225000
v -1.225000 13.167267 -1.225001
v 1.225000 13.167267 -1.225001
v -1.640460 13.730213 1.640460
v -1.640460 13.730212 -1.640461
v 1.640460 13.730211 -1.640461
v 1.640460 13.730211 1.640460
v -1.400000 14.571201 1.400000
v -1.400000 14.571201 -1.400001
v 1.400000 14.571201 -1.400001
v 1.400000 14.571201 1.400000
v -1.700000 14.571201 1.700000
v -1.700000 14.571201 -1.700001
v 1.700000 14.571201 -1.700001
v 1.700000 14.571201 1.700000
v -1.700001 13.730212 -1.700001
v 1.700000 13.730211 -1.700001
v -1.700000 13.830213 -1.700001
v 1.700000 13.830213 -1.700001
v -1.700000 13.730213 1.700000
v -1.700000 13.830213 1.700000
v 1.700000 13.730211 1.700000
v 1.700000 13.830213 1.700000
v -1.800000 13.975224 1.800000
v -1.800000 13.975225 -1.800001
v -1.800000 14.157291 1.800000
v -1.800000 14.157292 -1.800001
v 1.800000 14.157292 -1.800001
v 1.800000 13.975225 -1.800001
v 1.800000 13.975224 1.800000
v 1.800000 14.157291 1.800000
v -1.800000 14.407291 1.800000
v -1.800000 14.407292 -1.800001
v 1.800000 14.407292 -1.800001
v 1.800000 14.407291 1.800000
v -1.800000 14.571201 1.800000
v -1.800000 14.571201 -1.800001
v 1.800000 14.571201 -1.800001
v 1.800000 14.571201 1.800000
v -1.800000 13.830213 1.800000
v -1.800000 13.830213 -1.800001
v 1.800000 13.830213 -1.800001
v 1.800000 13.830213 1.800000
v -1.283390 13.233973 1.283390
v -1.315091 13.245066 1.315091
v -1.343529 13.262934 1.343529
v -1.367278 13.286682 1.367278
v -1.385147 13.315121 1.385147
v -1.396240 13.346823 1.396240
v -1.400000 13.380198 1.400000
v -1.250015 13.230211 1.250015
v -1.396240 13.346822 -1.396240
v -1.385147 13.315121 -1.385147
v -1.367278 13.286682 -1.367279
v -1.343529 13.262934 -1.343530
v -1.315091 13.245065 -1.315091
v -1.283390 13.233973 -1.283390
v -1.250015 13.230211 -1.250015
v -1.400000 13.380197 -1.400001
v 1.396240 13.346822 -1.396240
v 1.385147 13.315121 -1.385147
v 1.367278 13.286682 -1.367279
v 1.343529 13.262934 -1.343530
v 1.315091 13.245065 -1.315091
v 1.283390 13.233973 -1.283390
v 1.250015 13.230211 -1.250015
v 1.400000 13.380197 -1.400001
v 1.396240 13.346823 1.396240
v 1.385147 13.315121 1.385147
v 1.367278 13.286682 1.367278
v 1.343529 13.262934 1.343529
v 1.315091 13.245066 1.315091
v 1.283390 13.233973 1.283390
v 1.250015 13.230211 1.250015
v 1.400000 13.380198 1.400000
v -1.388636 11.960808 1.388636
v -1.423479 11.978560 1.423478
v -1.451130 12.006212 1.451130
v -1.468883 12.041055 1.468883
v -1.475000 12.079690 1.475000
v -1.350013 11.954690 1.350013
v -1.468883 12.041055 -1.468883
v -1.451130 12.006212 -1.451130
v -1.423479 11.978560 -1.423479
v -1.388636 11.960808 -1.388636
v -1.350013 11.954690 -1.350013
v -1.475000 12.079690 -1.475001
v -1.468883 12.118326 1.468883
v -1.451130 12.153169 1.451130
v -1.423479 12.180820 1.423478
v -1.388636 12.198573 1.388636
v -1.350013 12.204690 1.350013
v -1.388636 12.198573 -1.388636
v -1.423479 12.180820 -1.423479
v -1.451130 12.153169 -1.451130
v -1.468883 12.118326 -1.468883
v -1.350013 12.204690 -1.350013
v 1.388636 12.198573 -1.388636
v 1.423479 12.180820 -1.423479
v 1.451130 12.153169 -1.451130
v 1.468883 12.118326 -1.468883
v 1.475000 12.079691 -1.475001
v 1.350013 12.204690 -1.350013
v 1.468883 12.041055 -1.468883
v 1.451130 12.006212 -1.451130
v 1.423479 11.978561 -1.423479
v 1.388636 11.960808 -1.388636
v 1.350013 11.954690 -1.350013
v 1.468883 12.041055 1.468883
v 1.451130 12.006212 1.451130
v 1.423479 11.978561 1.423478
v 1.388636 11.960808 1.388636
v 1.350013 11.954690 1.350013
v 1.475000 12.079691 1.475000
v 1.388636 12.198573 1.388636
v 1.423478 12.180820 1.423478
v 1.451130 12.153169 1.451130
v 1.468883 12.118326 1.468883
v 1.350013 12.204690 1.350013
v -1.169418 11.757246 1.169417
v -1.187504 11.764737 1.187504
v -1.203036 11.776655 1.203035
v -1.214953 11.792187 1.214953
v -1.222445 11.810273 1.222445
v -1.225000 11.829682 1.225000
v -1.150008 11.754690 1.150008
v -1.222445 11.810273 -1.222445
v -1.214953 11.792187 -1.214953
v -1.203036 11.776655 -1.203036
v -1.187504 11.764737 -1.187504
v -1.169418 11.757246 -1.169418
v -1.150008 11.754690 -1.150008
v -1.225000 11.829682 -1.225001
v 1.222445 11.810273 -1.222445
v 1.214953 11.792187 -1.214953
v 1.203036 11.776655 -1.203036
v 1.187504 11.764737 -1.187504
v 1.169418 11.757246 -1.169418
v 1.150008 11.754690 -1.150008
v 1.225000 11.829682 -1.225001
v 1.222445 11.810273 1.222445
v 1.214953 11.792187 1.214953
v 1.203036 11.776655 1.203035
v 1.187504 11.764737 1.187504
v 1.169418 11.757246 1.169417
v 1.150008 11.754690 1.150008
v 1.225000 11.829682 1.225000
v -1.222445 12.349108 1.222445
v -1.214953 12.367194 1.214953
v -1.203036 12.382726 1.203035
v -1.187504 12.394643 1.187504
v -1.169418 12.402135 1.169417
v -1.150008 12.404690 1.150008
v -1.225000 12.329698 1.225000
v -1.169418 12.402134 -1.169418
v -1.187504 12.394643 -1.187504
v -1.203036 12.382725 -1.203036
v -1.214953 12.367193 -1.214954
v -1.222445 12.349107 -1.222445
v -1.225001 12.329698 -1.225000
v -1.150008 12.404690 -1.150008
v 1.169417 12.402134 -1.169418
v 1.187504 12.394643 -1.187504
v 1.203035 12.382725 -1.203036
v 1.214953 12.367193 -1.214954
v 1.222445 12.349107 -1.222445
v 1.225000 12.329698 -1.225000
v 1.150008 12.404690 -1.150008
v 1.169417 12.402135 1.169417
v 1.187504 12.394643 1.187504
v 1.203035 12.382726 1.203035
v 1.214953 12.367194 1.214953
v 1.222445 12.349108 1.222445
v 1.225000 12.329698 1.225000
v 1.150008 12.404690 1.150008
v -1.269418 11.857245 1.269417
v -1.287504 11.864738 1.287504
v -1.303036 11.876655 1.303035
v -1.314953 11.892186 1.314953
v -1.322445 11.910273 1.322445
v -1.325000 11.929683 1.325000
v -1.250008 11.854691 1.250008
v -1.322445 11.910273 -1.322445
v -1.314953 11.892186 -1.314953
v -1.303036 11.876655 -1.303036
v -1.287504 11.864737 -1.287504
v -1.269418 11.857245 -1.269418
v -1.250008 11.854690 -1.250008
v -1.325000 11.929682 -1.325001
v 1.322445 11.910273 -1.322445
v 1.314953 11.892186 -1.314953
v 1.303036 11.876655 -1.303036
v 1.287504 11.864737 -1.287504
v 1.269418 11.857245 -1.269418
v 1.250008 11.854690 -1.250008
v 1.325000 11.929682 -1.325001
v 1.322445 11.910273 1.322445
v 1.314953 11.892186 1.314953
v 1.303036 11.876655 1.303035
v 1.287504 11.864738 1.287504
v 1.269418 11.857245 1.269417
v 1.250008 11.854691 1.250008
v 1.325000 11.929683 1.325000
v -1.322445 12.249107 1.322445
v -1.314953 12.267194 1.314953
v -1.303036 12.282725 1.303035
v -1.287504 12.294643 1.287504
v -1.269418 12.302135 1.269417
v -1.250008 12.304690 1.250008
v -1.325000 12.229698 1.325000
v -1.269418 12.302135 -1.269418
v -1.287504 12.294642 -1.287504
v -1.303036 12.282725 -1.303036
v -1.314953 12.267194 -1.314953
v -1.322445 12.249107 -1.322445
v -1.325000 12.229697 -1.325000
v -1.250008 12.304689 -1.250008
v 1.269417 12.302135 -1.269418
v 1.287504 12.294642 -1.287504
v 1.303035 12.282725 -1.303036
v 1.314953 12.267194 -1.314953
v 1.322445 12.249107 -1.322445
v 1.325000 12.229697 -1.325000
v 1.250008 12.304689 -1.250008
v 1.269417 12.302135 1.269417
v 1.287504 12.294643 1.287504
v 1.303035 12.282725 1.303035
v 1.314953 12.267194 1.314953
v 1.322445 12.249107 1.322445
v 1.325000 12.229698 1.325000
v 1.250008 12.304690 1.250008
v -1.222848 6.269119 1.222848
v -1.216538 6.284352 1.216539
v -1.206501 6.297433 1.206501
v -1.193420 6.307470 1.193420
v -1.178187 6.313780 1.178187
v -1.161840 6.315932 1.161840
v -1.225000 6.252772 1.225000
v -1.178187 6.313780 -1.178187
v -1.193421 6.307470 -1.193420
v -1.206501 6.297433 -1.206501
v -1.216539 6.284352 -1.216538
v -1.222848 6.269119 -1.222848
v -1.225001 6.252772 -1.225000
v -1.161840 6.315932 -1.161840
v 1.178187 6.313780 -1.178187
v 1.193420 6.307470 -1.193420
v 1.206501 6.297433 -1.206501
v 1.216538 6.284352 -1.216538
v 1.222848 6.269119 -1.222848
v 1.225000 6.252772 -1.225000
v 1.161840 6.315932 -1.161840
v 1.178187 6.313780 1.178187
v 1.193420 6.307470 1.193420
v 1.206501 6.297433 1.206501
v 1.216538 6.284352 1.216539
v 1.222848 6.269119 1.222848
v 1.225000 6.252772 1.225000
v 1.161840 6.315932 1.161840
v -1.322848 6.151271 1.322848
v -1.316538 6.166504 1.316539
v -1.306501 6.179585 1.306501
v -1.293420 6.189622 1.293420
v -1.278187 6.195931 1.278187
v -1.261840 6.198084 1.261840
v -1.325000 6.134924 1.325000
v -1.278187 6.195932 -1.278187
v -1.293420 6.189623 -1.293420
v -1.306501 6.179585 -1.306501
v -1.316539 6.166504 -1.316538
v -1.322848 6.151271 -1.322848
v -1.325000 6.134924 -1.325000
v -1.261840 6.198084 -1.261840
v 1.278187 6.195932 -1.278187
v 1.293420 6.189623 -1.293420
v 1.306501 6.179585 -1.306501
v 1.316538 6.166504 -1.316538
v 1.322848 6.151271 -1.322848
v 1.325000 6.134924 -1.325000
v 1.261840 6.198084 -1.261840
v 1.278187 6.195931 1.278187
v 1.293420 6.189622 1.293420
v 1.306501 6.179585 1.306501
v 1.316538 6.166504 1.316539
v 1.322848 6.151271 1.322848
v 1.325000 6.134924 1.325000
v 1.261840 6.198084 1.261840
v -1.125000 1.414394 0.785001
v -1.125000 1.414394 -0.785000
v -1.125000 5.328612 0.785000
v -1.125000 5.328612 -0.785000
v -0.785000 5.328612 -1.125000
v 0.785000 5.328612 -1.125000
v 0.785000 1.414394 -1.125000
v -0.785000 1.414394 -1.125000
v 1.125000 1.414394 -0.785000
v 1.125000 1.414394 0.785001
v 1.125000 5.328612 -0.785000
v 1.125000 5.328612 0.785000
v 0.785000 1.414394 1.125001
v -0.785000 1.414394 1.125001
v 0.785000 5.328612 1.125000
v -0.785000 5.328612 1.125000
v -1.000000 1.414394 0.785001
v -1.000000 1.414394 -0.785000
v -1.000000 5.328612 0.785000
v -1.000000 5.328612 -0.785000
v -0.785000 5.328612 -1.000000
v 0.785000 5.328612 -1.000000
v 0.785000 1.414394 -1.000000
v -0.785000 1.414394 -1.000000
v 1.000000 1.414394 -0.785000
v 1.000000 1.414394 0.785001
v 1.000000 5.328612 -0.785000
v 1.000000 5.328612 0.785000
v 0.785000 1.414394 1.000001
v -0.785000 1.414394 1.000001
v 0.785000 5.328612 1.000000
v -0.785000 5.328612 1.000000
v -1.000000 1.514394 0.685001
v -1.000000 1.514394 -0.685000
v -1.000000 5.228612 0.685000
v -1.000000 5.228612 -0.685000
v -0.685000 5.228612 -1.000000
v 0.685000 5.228612 -1.000000
v 0.685000 1.514394 -1.000000
v -0.685000 1.514394 -1.000000
v 1.000000 1.514394 -0.685000
v 1.000000 1.514394 0.685001
v 1.000000 5.228612 -0.685000
v 1.000000 5.228612 0.685000
v 0.685000 1.514394 1.000001
v -0.685000 1.514394 1.000001
v 0.685000 5.228612 1.000000
v -0.685000 5.228612 1.000000
v -0.950000 1.514394 0.685001
v -0.950000 1.514394 -0.685000
v -0.950000 5.228612 0.685000
v -0.950000 5.228612 -0.685000
v -0.685000 5.228612 -0.950000
v 0.685000 5.228612 -0.950000
v 0.685000 1.514394 -0.950000
v -0.685000 1.514394 -0.950000
v 0.950000 1.514394 -0.685000
v 0.950000 1.514394 0.685001
v 0.950000 5.228612 -0.685000
v 0.950000 5.228612 0.685000
v 0.685000 1.514394 0.950001
v -0.685000 1.514394 0.950001
v 0.685000 5.228612 0.950000
v -0.685000 5.228612 0.950000
v -1.556694 14.571201 -1.800001
v -1.556694 14.407293 -1.800001
v -1.556694 14.157292 -1.800001
v -1.556694 13.975225 -1.800001
v -1.556694 13.830213 -1.800001
v -1.470211 13.830213 -1.700001
v -1.470212 13.730212 -1.700001
v -1.418719 13.730212 -1.640461
v -1.210762 13.380198 -1.400001
v -1.207510 13.346823 -1.396240
v -1.197917 13.315121 -1.385147
v -1.182463 13.286682 -1.367279
v -1.161925 13.262934 -1.343530
v -1.137330 13.245065 -1.315091
v -1.109914 13.233973 -1.283390
v -1.081051 13.230211 -1.250015
v -1.059417 13.230211 -1.225001
v -1.059417 13.167267 -1.225001
v -0.972934 13.167267 -1.125000
v -0.972934 12.404690 -1.125000
v -0.994562 12.404690 -1.150008
v -1.011347 12.402134 -1.169418
v -1.026989 12.394643 -1.187504
v -1.040421 12.382726 -1.203036
v -1.050728 12.367193 -1.214954
v -1.057207 12.349107 -1.222445
v -1.059417 12.329698 -1.225000
v -1.059417 12.304689 -1.225000
v -1.081045 12.304689 -1.250008
v -1.097830 12.302135 -1.269418
v -1.113472 12.294642 -1.287504
v -1.126904 12.282725 -1.303036
v -1.137211 12.267194 -1.314953
v -1.143690 12.249107 -1.322445
v -1.145900 12.229697 -1.325000
v -1.145900 12.204690 -1.325000
v -1.167532 12.204690 -1.350013
v -1.200934 12.198573 -1.388636
v -1.231067 12.180820 -1.423479
v -1.254981 12.153169 -1.451130
v -1.270334 12.118326 -1.468883
v -1.275625 12.079690 -1.475001
v -1.270334 12.041055 -1.468883
v -1.254981 12.006212 -1.451130
v -1.231067 11.978560 -1.423479
v -1.200934 11.960808 -1.388636
v -1.167532 11.954690 -1.350013
v -1.145900 11.954690 -1.325001
v -1.145900 11.929682 -1.325001
v -1.143690 11.910273 -1.322445
v -1.137211 11.892186 -1.314953
v -1.126904 11.876655 -1.303036
v -1.113472 11.864738 -1.287504
v -1.097830 11.857245 -1.269418
v -1.081044 11.854690 -1.250008
v -1.059417 11.854691 -1.225001
v -1.059417 11.829682 -1.225001
v -1.057207 11.810273 -1.222445
v -1.050728 11.792187 -1.214953
v -1.040421 11.776655 -1.203036
v -1.026989 11.764737 -1.187504
v -1.011347 11.757246 -1.169418
v -0.994561 11.754690 -1.150008
v -0.972934 11.754690 -1.125000
v -0.972934 10.852121 -1.125000
v -0.972934 6.989164 -1.125000
v -0.972934 6.315932 -1.125000
v -1.004794 6.315932 -1.161840
v -1.018932 6.313780 -1.178187
v -1.032106 6.307470 -1.193420
v -1.043419 6.297433 -1.206501
v -1.052099 6.284352 -1.216538
v -1.057556 6.269119 -1.222848
v -1.059417 6.252772 -1.225000
v -1.059417 6.198084 -1.225000
v -1.091277 6.198084 -1.261840
v -1.105415 6.195932 -1.278187
v -1.118589 6.189623 -1.293420
v -1.129902 6.179585 -1.306501
v -1.138582 6.166504 -1.316538
v -1.144039 6.151271 -1.322848
v -1.145900 6.134924 -1.325000
v -1.145900 6.113863 -1.325000
v -1.169581 6.113863 -1.352382
v -1.185835 6.111388 -1.371177
v -1.200982 6.104134 -1.388691
v -1.213989 6.092593 -1.403731
v -1.223969 6.077554 -1.415271
v -1.230243 6.060040 -1.422526
v -1.232383 6.041245 -1.425000
v -1.232383 5.968612 -1.425000
v -1.245367 5.968612 -1.440014
v -1.275582 5.964012 -1.474951
v -1.303738 5.950527 -1.507507
v -1.327915 5.929075 -1.535463
v -1.346467 5.901119 -1.556915
v -1.358130 5.868563 -1.570401
v -1.362108 5.833625 -1.575000
v -1.362108 5.803598 -1.575000
v -1.358130 5.768661 -1.570401
v -1.346467 5.736105 -1.556915
v -1.327915 5.708148 -1.535463
v -1.303738 5.686697 -1.507507
v -1.275582 5.673211 -1.474951
v -1.245367 5.668612 -1.440014
v -1.232383 5.668612 -1.425000
v -1.145900 5.668612 -1.325000
v -1.059417 5.668612 -1.225000
v -0.972934 5.668612 -1.125000
v -0.678892 5.328612 -1.125000
v -0.678892 5.328612 -1.000000
v -0.592409 5.228612 -1.000000
v -0.592409 5.228612 -0.950000
v -0.592409 1.514394 -0.950000
v -0.592409 1.514394 -1.000000
v -0.678892 1.414394 -1.000000
v -0.678892 1.414394 -1.125000
v -0.972934 1.074394 -1.125000
v -1.059417 1.074394 -1.225000
v -1.059417 1.005961 -1.225000
v -1.144428 1.005939 -1.323297
v -1.162816 1.003620 -1.344559
v -1.181698 0.996241 -1.366392
v -1.198653 0.984152 -1.385998
v -1.212827 0.967964 -1.402387
v -1.223502 0.948503 -1.414730
v -1.230134 0.926762 -1.422399
v -1.232383 0.903858 -1.425000
v -1.232383 0.866349 -1.425000
v -1.230155 0.843488 -1.422424
v -1.223584 0.821774 -1.414826
v -1.212999 0.802294 -1.402586
v -1.198931 0.786028 -1.386319
v -1.182085 0.773788 -1.366840
v -1.163306 0.766190 -1.345126
v -1.143535 0.763614 -1.322265
v -1.145900 0.761167 -1.325000
v -1.232383 0.761167 -1.425000
v -1.232383 0.684495 -1.425000
v -1.241043 0.684495 -1.435014
v -1.267983 0.680985 -1.466164
v -1.293571 0.670632 -1.495751
v -1.316526 0.653955 -1.522294
v -1.335695 0.631789 -1.544459
v -1.350118 0.605247 -1.561137
v -1.359072 0.575659 -1.571490
v -1.362108 0.544509 -1.575000
v -1.362108 0.404688 -1.575000
v -1.491832 0.404688 -1.725000
v -1.491832 -0.095312 -1.725000
v -1.362108 -0.095312 -1.575000
v -1.232383 -0.095312 -1.425000
v -1.145900 -0.095312 -1.325000
v -1.059417 -0.095312 -1.225000
v -0.972934 -0.095312 -1.125000
v -0.972934 -0.095312 1.125001
v -1.059417 -0.095312 1.225001
v -1.145900 -0.095312 1.325001
v -1.232383 -0.095312 1.425001
v -1.362108 -0.095312 1.575001
v -1.491832 -0.095312 1.725001
v -1.491832 0.404688 1.725001
v -1.362108 0.404688 1.575001
v -1.362108 0.544509 1.575001
v -1.359072 0.575659 1.571491
v -1.350118 0.605247 1.561138
v -1.335695 0.631789 1.544460
v -1.316526 0.653955 1.522295
v -1.293571 0.670632 1.495753
v -1.267983 0.680985 1.466165
v -1.241043 0.684495 1.435015
v -1.232383 0.684495 1.425001
v -1.232383 0.761167 1.425001
v -1.145900 0.761167 1.325001
v -1.143535 0.763614 1.322267
v -1.163306 0.766190 1.345127
v -1.182085 0.773788 1.366841
v -1.198931 0.786028 1.386320
v -1.212999 0.802294 1.402588
v -1.223584 0.821774 1.414827
v -1.230155 0.843488 1.422425
v -1.232383 0.866349 1.425001
v -1.232383 0.903858 1.425001
v -1.230134 0.926762 1.422400
v -1.223502 0.948502 1.414732
v -1.212827 0.967964 1.402389
v -1.198653 0.984151 1.386000
v -1.181698 0.996241 1.366394
v -1.162816 1.003619 1.344560
v -1.144428 1.005939 1.323298
v -1.059417 1.005961 1.225001
v -1.059417 1.074394 1.225001
v -0.972934 1.074394 1.125001
v -0.678892 1.414394 1.125001
v -0.678892 1.414394 1.000001
v -0.592409 1.514394 1.000001
v -0.592409 1.514394 0.950001
v -0.592409 5.228612 0.950000
v -0.592409 5.228612 1.000000
v -0.678892 5.328612 1.000000
v -0.678892 5.328612 1.125000
v -0.972934 5.668612 1.125000
v -1.059417 5.668612 1.225001
v -1.145900 5.668612 1.325001
v -1.232383 5.668612 1.425001
v -1.245367 5.668612 1.440014
v -1.275582 5.673211 1.474951
v -1.303737 5.686697 1.507507
v -1.327915 5.708148 1.535464
v -1.346467 5.736105 1.556916
v -1.358130 5.768661 1.570401
v -1.362108 5.803598 1.575001
v -1.362108 5.833625 1.575001
v -1.358130 5.868563 1.570401
v -1.346467 5.901119 1.556916
v -1.327915 5.929075 1.535464
v -1.303737 5.950527 1.507507
v -1.275582 5.964012 1.474951
v -1.245367 5.968612 1.440014
v -1.232383 5.968612 1.425001
v -1.232383 6.041245 1.425000
v -1.230243 6.060040 1.422526
v -1.223969 6.077553 1.415272
v -1.213989 6.092593 1.403731
v -1.200982 6.104134 1.388692
v -1.185835 6.111388 1.371178
v -1.169581 6.113862 1.352383
v -1.145900 6.113862 1.325000
v -1.145900 6.134924 1.325000
v -1.144039 6.151271 1.322848
v -1.138582 6.166504 1.316539
v -1.129901 6.179585 1.306501
v -1.118589 6.189622 1.293420
v -1.105415 6.195931 1.278187
v -1.091277 6.198084 1.261840
v -1.059417 6.198084 1.225000
v -1.059417 6.252772 1.225000
v -1.057556 6.269119 1.222848
v -1.052099 6.284352 1.216539
v -1.043418 6.297433 1.206501
v -1.032106 6.307470 1.193420
v -1.018932 6.313780 1.178187
v -1.004794 6.315932 1.161840
v -0.972934 6.315932 1.125000
v -0.972934 6.989164 1.125000
v -0.972934 10.852121 1.125000
v -0.972934 11.754690 1.125000
v -0.994561 11.754690 1.150008
v -1.011347 11.757246 1.169417
v -1.026989 11.764737 1.187504
v -1.040421 11.776655 1.203035
v -1.050728 11.792187 1.214953
v -1.057207 11.810273 1.222445
v -1.059417 11.829682 1.225000
v -1.059417 11.854691 1.225000
v -1.081044 11.854691 1.250008
v -1.097830 11.857245 1.269417
v -1.113472 11.864738 1.287504
v -1.126904 11.876655 1.303035
v -1.137211 11.892186 1.314953
v -1.143690 11.910273 1.322445
v -1.145900 11.929683 1.325000
v -1.145900 11.954690 1.325000
v -1.167532 11.954690 1.350013
v -1.200934 11.960808 1.388636
v -1.231067 11.978560 1.423478
v -1.254981 12.006212 1.451130
v -1.270334 12.041055 1.468883
v -1.275625 12.079690 1.475000
v -1.270334 12.118326 1.468883
v -1.254981 12.153169 1.451130
v -1.231067 12.180820 1.423478
v -1.200934 12.198573 1.388636
v -1.167532 12.204690 1.350013
v -1.145900 12.204690 1.325000
v -1.145900 12.229698 1.325000
v -1.143690 12.249107 1.322445
v -1.137211 12.267194 1.314953
v -1.126904 12.282725 1.303035
v -1.113472 12.294643 1.287504
v -1.097830 12.302135 1.269417
v -1.081045 12.304690 1.250008
v -1.059417 12.304690 1.225000
v -1.059417 12.329698 1.225000
v -1.057207 12.349108 1.222445
v -1.050728 12.367194 1.214953
v -1.040421 12.382726 1.203035
v -1.026989 12.394643 1.187504
v -1.011347 12.402135 1.169417
v -0.994562 12.404690 1.150008
v -0.972934 12.404690 1.125000
v -0.972934 13.167267 1.125000
v -1.059417 13.167267 1.225000
v -1.059417 13.230211 1.225000
v -1.081051 13.230211 1.250015
v -1.109914 13.233973 1.283390
v -1.137330 13.245066 1.315091
v -1.161924 13.262934 1.343529
v -1.182463 13.286682 1.367278
v -1.197917 13.315121 1.385147
v -1.207510 13.346823 1.396240
v -1.210762 13.380198 1.400000
v -1.418719 13.730213 1.640460
v -1.470211 13.730213 1.700000
v -1.470211 13.830213 1.700000
v -1.556694 13.830213 1.800000
v -1.556694 13.975224 1.800000
v -1.556694 14.157291 1.800000
v -1.556694 14.407291 1.800000
v -1.556694 14.571201 1.800000
v -1.470211 14.571201 1.700000
v -1.210762 14.571201 1.400000
v -1.059417 14.571201 1.225000
v -0.972934 14.571201 1.125000
v -0.972934 14.571201 -1.125001
v -1.059417 14.571201 -1.225001
v -1.210762 14.571201 -1.400001
v -1.470211 14.571201 -1.700001
v -1.800000 14.571201 -1.590421
v -1.800000 14.407292 -1.590421
v -1.800000 14.157292 -1.590421
v -1.800000 13.975225 -1.590421
v -1.800000 13.830213 -1.590421
v -1.700000 13.830213 -1.502064
v -1.700001 13.730212 -1.502064
v -1.640460 13.730212 -1.449456
v -1.400000 13.380197 -1.236994
v -1.396240 13.346822 -1.233671
v -1.385147 13.315121 -1.223870
v -1.367278 13.286682 -1.208082
v -1.343529 13.262934 -1.187098
v -1.315091 13.245065 -1.161971
v -1.283390 13.233973 -1.133961
v -1.250015 13.230211 -1.104472
v -1.225000 13.230211 -1.082370
v -1.225000 13.167267 -1.082370
v -1.125000 13.167267 -0.994013
v -1.125000 12.404690 -0.994013
v -1.150008 12.404690 -1.016109
v -1.169418 12.402134 -1.033259
v -1.187504 12.394643 -1.049239
v -1.203036 12.382725 -1.062962
v -1.214953 12.367193 -1.073493
v -1.222445 12.349107 -1.080112
v -1.225001 12.329698 -1.082370
v -1.225000 12.304689 -1.082370
v -1.250008 12.304689 -1.104466
v -1.269418 12.302135 -1.121615
v -1.287504 12.294642 -1.137596
v -1.303036 12.282725 -1.151319
v -1.314953 12.267194 -1.161849
v -1.322445 12.249107 -1.168468
v -1.325000 12.229697 -1.170726
v -1.325000 12.204690 -1.170726
v -1.350013 12.204690 -1.192827
v -1.388636 12.198573 -1.226953
v -1.423479 12.180820 -1.257739
v -1.451130 12.153169 -1.282170
v -1.468883 12.118326 -1.297856
v -1.475000 12.079690 -1.303262
v -1.468883 12.041055 -1.297856
v -1.451130 12.006212 -1.282170
v -1.423479 11.978560 -1.257739
v -1.388636 11.960808 -1.226953
v -1.350013 11.954690 -1.192827
v -1.325000 11.954690 -1.170727
v -1.325000 11.929682 -1.170727
v -1.322445 11.910273 -1.168469
v -1.314953 11.892186 -1.161849
v -1.303036 11.876655 -1.151319
v -1.287504 11.864737 -1.137596
v -1.269418 11.857245 -1.121615
v -1.250008 11.854690 -1.104466
v -1.225000 11.854690 -1.082370
v -1.225000 11.829682 -1.082370
v -1.222445 11.810273 -1.080112
v -1.214953 11.792187 -1.073492
v -1.203036 11.776655 -1.062962
v -1.187504 11.764737 -1.049239
v -1.169418 11.757246 -1.033259
v -1.150008 11.754690 -1.016109
v -1.125000 11.754690 -0.994013
v -1.125000 10.852121 -0.994013
v -1.125000 6.989164 -0.994013
v -1.125000 6.315932 -0.994013
v -1.161840 6.315932 -1.026563
v -1.178187 6.313780 -1.041007
v -1.193421 6.307470 -1.054466
v -1.206501 6.297433 -1.066024
v -1.216539 6.284352 -1.074893
v -1.222848 6.269119 -1.080468
v -1.225001 6.252772 -1.082369
v -1.225000 6.198084 -1.082369
v -1.261840 6.198084 -1.114920
v -1.278187 6.195932 -1.129364
v -1.293420 6.189623 -1.142823
v -1.306501 6.179585 -1.154381
v -1.316539 6.166504 -1.163249
v -1.322848 6.151271 -1.168824
v -1.325000 6.134924 -1.170726
v -1.325000 6.113863 -1.170726
v -1.352383 6.113863 -1.194920
v -1.371177 6.111388 -1.211527
v -1.388691 6.104134 -1.227001
v -1.403731 6.092593 -1.240290
v -1.415272 6.077554 -1.250487
v -1.422526 6.060040 -1.256896
v -1.425000 6.041245 -1.259083
v -1.425001 5.968612 -1.259083
v -1.440014 5.968612 -1.272348
v -1.474951 5.964012 -1.303217
v -1.507507 5.950527 -1.331983
v -1.535464 5.929075 -1.356684
v -1.556916 5.901119 -1.375639
v -1.570401 5.868563 -1.387554
v -1.575001 5.833625 -1.391618
v -1.575001 5.803598 -1.391618
v -1.570401 5.768661 -1.387554
v -1.556916 5.736105 -1.375639
v -1.535464 5.708148 -1.356684
v -1.507507 5.686697 -1.331983
v -1.474951 5.673211 -1.303217
v -1.440014 5.668612 -1.272348
v -1.425000 5.668612 -1.259083
v -1.325000 5.668612 -1.170726
v -1.225000 5.668612 -1.082369
v -1.125000 5.668612 -0.994013
v -1.125000 5.328612 -0.693600
v -1.000000 5.328612 -0.693600
v -1.000000 5.228612 -0.605243
v -0.950000 5.228612 -0.605243
v -0.950000 1.514394 -0.605243
v -1.000000 1.514394 -0.605243
v -1.000000 1.414394 -0.693599
v -1.125000 1.414394 -0.693599
v -1.125000 1.074394 -0.994012
v -1.225001 1.074394 -1.082369
v -1.225000 1.005961 -1.082369
v -1.323298 1.005939 -1.169221
v -1.344560 1.003620 -1.188008
v -1.366393 0.996241 -1.207299
v -1.385999 0.984152 -1.224622
v -1.402388 0.967964 -1.239103
v -1.414731 0.948503 -1.250009
v -1.422399 0.926762 -1.256784
v -1.425000 0.903858 -1.259082
v -1.425000 0.866349 -1.259082
v -1.422425 0.843488 -1.256806
v -1.414826 0.821774 -1.250093
v -1.402587 0.802294 -1.239279
v -1.386320 0.786028 -1.224905
v -1.366841 0.773788 -1.207694
v -1.345127 0.766190 -1.188509
v -1.322266 0.763614 -1.168310
v -1.325000 0.761167 -1.170726
v -1.425000 0.761167 -1.259082
v -1.425000 0.684495 -1.259082
v -1.435014 0.684495 -1.267930
v -1.466164 0.680985 -1.295453
v -1.495752 0.670632 -1.321596
v -1.522294 0.653955 -1.345048
v -1.544460 0.631789 -1.364633
v -1.561137 0.605247 -1.379369
v -1.571491 0.575659 -1.388516
v -1.575000 0.544509 -1.391617
v -1.575000 0.404688 -1.391617
v -1.725000 0.404688 -1.524152
v -1.725000 -0.095312 -1.524152
v -1.575000 -0.095312 -1.391617
v -1.425000 -0.095312 -1.259082
v -1.325000 -0.095312 -1.170726
v -1.225000 -0.095312 -1.082369
v -1.125000 -0.095312 -0.994012
v -0.972934 -0.095312 -0.994012
v 1.125000 -0.095312 -0.994012
v 1.225000 -0.095312 -1.082369
v 1.325000 -0.095312 -1.170726
v 1.425000 -0.095312 -1.259082
v 1.575000 -0.095312 -1.391617
v 1.725000 -0.095312 -1.524152
v 1.725000 0.404688 -1.524152
v 1.575000 0.404688 -1.391617
v 1.575000 0.544509 -1.391617
v 1.571491 0.575659 -1.388516
v 1.561137 0.605247 -1.379369
v 1.544460 0.631789 -1.364633
v 1.522294 0.653955 -1.345048
v 1.495752 0.670632 -1.321596
v 1.466164 0.680985 -1.295453
v 1.435014 0.684495 -1.267930
v 1.425000 0.684495 -1.259082
v 1.425000 0.761167 -1.259082
v 1.325000 0.761167 -1.170726
v 1.322266 0.763614 -1.168310
v 1.345127 0.766190 -1.188509
v 1.366841 0.773788 -1.207694
v 1.386320 0.786028 -1.224905
v 1.402587 0.802294 -1.239279
v 1.414826 0.821774 -1.250093
v 1.422425 0.843488 -1.256806
v 1.425000 0.866349 -1.259082
v 1.425000 0.903858 -1.259082
v 1.422399 0.926762 -1.256784
v 1.414731 0.948502 -1.250009
v 1.402388 0.967964 -1.239103
v 1.385999 0.984151 -1.224622
v 1.366393 0.996241 -1.207299
v 1.344560 1.003619 -1.188008
v 1.323298 1.005939 -1.169221
v 1.225000 1.005961 -1.082369
v 1.225000 1.074394 -1.082369
v 1.125000 1.074394 -0.994012
v 1.125000 1.414394 -0.693599
v 1.000000 1.414394 -0.693599
v 1.000000 1.514394 -0.605243
v 0.950000 1.514394 -0.605243
v 0.950000 5.228612 -0.605243
v 1.000000 5.228612 -0.605243
v 1.000000 5.328612 -0.693600
v 1.125000 5.328612 -0.693600
v 1.125000 5.668612 -0.994013
v 1.225000 5.668612 -1.082369
v 1.325000 5.668612 -1.170726
v 1.425000 5.668612 -1.259083
v 1.440014 5.668612 -1.272348
v 1.474951 5.673211 -1.303217
v 1.507507 5.686697 -1.331983
v 1.535464 5.708148 -1.356684
v 1.556916 5.736105 -1.375639
v 1.570401 5.768661 -1.387554
v 1.575000 5.803598 -1.391618
v 1.575000 5.833625 -1.391618
v 1.570401 5.868563 -1.387554
v 1.556916 5.901119 -1.375639
v 1.535464 5.929075 -1.356684
v 1.507507 5.950527 -1.331983
v 1.474951 5.964012 -1.303217
v 1.440014 5.968612 -1.272348
v 1.425000 5.968612 -1.259083
v 1.425000 6.041245 -1.259083
v 1.422526 6.060040 -1.256896
v 1.415271 6.077553 -1.250487
v 1.403731 6.092593 -1.240290
v 1.388691 6.104134 -1.227002
v 1.371177 6.111388 -1.211527
v 1.352383 6.113862 -1.194920
v 1.325000 6.113862 -1.170726
v 1.325000 6.134924 -1.170726
v 1.322848 6.151271 -1.168824
v 1.316538 6.166504 -1.163249
v 1.306501 6.179585 -1.154381
v 1.293420 6.189623 -1.142823
v 1.278187 6.195932 -1.129364
v 1.261840 6.198084 -1.114920
v 1.225000 6.198084 -1.082369
v 1.225000 6.252772 -1.082369
v 1.222848 6.269119 -1.080468
v 1.216538 6.284352 -1.074893
v 1.206501 6.297433 -1.066024
v 1.193420 6.307470 -1.054466
v 1.178187 6.313780 -1.041007
v 1.161840 6.315932 -1.026563
v 1.125000 6.315932 -0.994013
v 1.125000 6.989164 -0.994013
v 1.125000 10.852121 -0.994013
v 1.125000 11.754690 -0.994013
v 1.150008 11.754690 -1.016109
v 1.169418 11.757246 -1.033259
v 1.187504 11.764737 -1.049239
v 1.203036 11.776655 -1.062962
v 1.214953 11.792187 -1.073492
v 1.222445 11.810273 -1.080112
v 1.225000 11.829682 -1.082370
v 1.225000 11.854690 -1.082370
v 1.250008 11.854690 -1.104466
v 1.269418 11.857245 -1.121615
v 1.287504 11.864737 -1.137596
v 1.303036 11.876655 -1.151319
v 1.314953 11.892186 -1.161849
v 1.322445 11.910273 -1.168469
v 1.325000 11.929682 -1.170727
v 1.325000 11.954690 -1.170727
v 1.350013 11.954690 -1.192827
v 1.388636 11.960808 -1.226953
v 1.423479 11.978561 -1.257739
v 1.451130 12.006212 -1.282170
v 1.468883 12.041055 -1.297856
v 1.475000 12.079691 -1.303262
v 1.468883 12.118326 -1.297856
v 1.451130 12.153169 -1.282170
v 1.423479 12.180820 -1.257739
v 1.388636 12.198573 -1.226953
v 1.350013 12.204690 -1.192827
v 1.325000 12.204690 -1.170726
v 1.325000 12.229697 -1.170726
v 1.322445 12.249107 -1.168468
v 1.314953 12.267194 -1.161849
v 1.303035 12.282725 -1.151319
v 1.287504 12.294642 -1.137596
v 1.269417 12.302135 -1.121615
v 1.250008 12.304689 -1.104466
v 1.225000 12.304689 -1.082370
v 1.225000 12.329698 -1.082370
v 1.222445 12.349107 -1.080112
v 1.214953 12.367193 -1.073493
v 1.203035 12.382725 -1.062962
v 1.187504 12.394643 -1.049239
v 1.169417 12.402134 -1.033259
v 1.150008 12.404690 -1.016109
v 1.125000 12.404690 -0.994013
v 1.125000 13.167267 -0.994013
v 1.225000 13.167267 -1.082370
v 1.225000 13.230211 -1.082370
v 1.250015 13.230211 -1.104472
v 1.283390 13.233973 -1.133961
v 1.315091 13.245065 -1.161971
v 1.343529 13.262934 -1.187098
v 1.367278 13.286682 -1.208082
v 1.385147 13.315121 -1.223870
v 1.396240 13.346822 -1.233671
v 1.400000 13.380197 -1.236994
v 1.640460 13.730211 -1.449456
v 1.700000 13.730211 -1.502064
v 1.700000 13.830213 -1.502064
v 1.800000 13.830213 -1.590421
v 1.800000 13.975225 -1.590421
v 1.800000 14.157292 -1.590421
v 1.800000 14.407292 -1.590421
v 1.800000 14.571201 -1.590421
v 1.700000 14.571201 -1.502064
v 1.400000 14.571201 -1.236994
v 1.225000 14.571201 -1.082370
v 1.125000 14.571201 -0.994013
v -0.972934 14.571201 -0.994013
v -1.125000 14.571201 -0.994013
v -1.225000 14.571201 -1.082370
v -1.400000 14.571201 -1.236994
v -1.700000 14.571201 -1.502064
v -1.800000 14.571201 1.547188
v -1.800000 14.407291 1.547188
v -1.800000 14.157291 1.547188
v -1.800000 13.975224 1.547188
v -1.800000 13.830213 1.547188
v -1.700000 13.830213 1.461233
v -1.700000 13.730213 1.461233
v -1.640460 13.730213 1.410055
v -1.400000 13.380198 1.203368
v -1.396240 13.346823 1.200136
v -1.385147 13.315121 1.190601
v -1.367278 13.286682 1.175242
v -1.343529 13.262934 1.154829
v -1.315091 13.245066 1.130385
v -1.283390 13.233973 1.103136
v -1.250015 13.230211 1.074449
v -1.225000 13.230211 1.052947
v -1.225000 13.167267 1.052947
v -1.125000 13.167267 0.966992
v -1.125000 12.404691 0.966992
v -1.150008 12.404691 0.988488
v -1.169418 12.402135 1.005171
v -1.187504 12.394644 1.020718
v -1.203036 12.382726 1.034067
v -1.214953 12.367194 1.044311
v -1.222445 12.349108 1.050751
v -1.225000 12.329698 1.052947
v -1.225000 12.304690 1.052947
v -1.250008 12.304690 1.074443
v -1.269418 12.302135 1.091126
v -1.287504 12.294643 1.106673
v -1.303036 12.282725 1.120022
v -1.314953 12.267194 1.130266
v -1.322445 12.249107 1.136706
v -1.325000 12.229698 1.138902
v -1.325000 12.204690 1.138902
v -1.350013 12.204690 1.160402
v -1.388636 12.198573 1.193600
v -1.423479 12.180820 1.223549
v -1.451130 12.153169 1.247317
v -1.468883 12.118326 1.262576
v -1.475000 12.079690 1.267835
v -1.468883 12.041055 1.262576
v -1.451130 12.006212 1.247317
v -1.423479 11.978560 1.223549
v -1.388636 11.960808 1.193600
v -1.350013 11.954690 1.160402
v -1.325000 11.954690 1.138902
v -1.325000 11.929683 1.138902
v -1.322445 11.910273 1.136706
v -1.314953 11.892186 1.130266
v -1.303036 11.876656 1.120022
v -1.287504 11.864738 1.106673
v -1.269418 11.857246 1.091126
v -1.250008 11.854691 1.074443
v -1.225000 11.854691 1.052947
v -1.225000 11.829682 1.052947
v -1.222445 11.810273 1.050751
v -1.214953 11.792187 1.044311
v -1.203036 11.776655 1.034068
v -1.187504 11.764737 1.020718
v -1.169418 11.757246 1.005171
v -1.150008 11.754690 0.988488
v -1.125000 11.754690 0.966992
v -1.125000 10.852121 0.966992
v -1.125000 6.989164 0.966993
v -1.125000 6.315932 0.966993
v -1.161840 6.315932 0.998659
v -1.178187 6.313780 1.012710
v -1.193420 6.307470 1.025803
v -1.206501 6.297433 1.037047
v -1.216538 6.284352 1.045674
v -1.222848 6.269119 1.051098
v -1.225000 6.252772 1.052948
v -1.225000 6.198084 1.052948
v -1.261840 6.198084 1.084613
v -1.278187 6.195931 1.098665
v -1.293420 6.189622 1.111758
v -1.306501 6.179585 1.123002
v -1.316538 6.166504 1.131629
v -1.322848 6.151271 1.137053
v -1.325000 6.134924 1.138903
v -1.325000 6.113862 1.138903
v -1.352383 6.113862 1.162439
v -1.371177 6.111388 1.178594
v -1.388692 6.104134 1.193648
v -1.403731 6.092593 1.206576
v -1.415271 6.077553 1.216495
v -1.422526 6.060040 1.222731
v -1.425000 6.041245 1.224857
v -1.425000 5.968612 1.224858
v -1.440014 5.968612 1.237762
v -1.474951 5.964012 1.267793
v -1.507507 5.950527 1.295776
v -1.535464 5.929075 1.319806
v -1.556916 5.901119 1.338245
v -1.570401 5.868563 1.349836
v -1.575000 5.833625 1.353790
v -1.575000 5.803598 1.353790
v -1.570401 5.768661 1.349836
v -1.556916 5.736105 1.338245
v -1.535464 5.708148 1.319806
v -1.507507 5.686697 1.295776
v -1.474951 5.673211 1.267793
v -1.440014 5.668612 1.237762
v -1.425000 5.668612 1.224858
v -1.325000 5.668612 1.138903
v -1.225000 5.668612 1.052948
v -1.125000 5.668612 0.966993
v -1.125000 5.328612 0.674746
v -1.000000 5.328612 0.674746
v -1.000000 5.228612 0.588791
v -0.950000 5.228612 0.588791
v -0.950000 1.514394 0.588792
v -1.000000 1.514394 0.588792
v -1.000000 1.414394 0.674747
v -1.125000 1.414394 0.674747
v -1.125000 1.074393 0.966993
v -1.225000 1.074393 1.052948
v -1.225000 1.005961 1.052948
v -1.323298 1.005939 1.137439
v -1.344560 1.003619 1.155715
v -1.366393 0.996241 1.174482
v -1.385999 0.984151 1.191334
v -1.402388 0.967964 1.205422
v -1.414731 0.948502 1.216031
v -1.422399 0.926762 1.222622
v -1.425000 0.903858 1.224858
v -1.425000 0.866349 1.224858
v -1.422425 0.843488 1.222644
v -1.414826 0.821774 1.216113
v -1.402587 0.802294 1.205593
v -1.386320 0.786028 1.191610
v -1.366841 0.773788 1.174867
v -1.345127 0.766190 1.156203
v -1.322266 0.763614 1.136553
v -1.325000 0.761167 1.138903
v -1.425000 0.761167 1.224858
v -1.425000 0.684495 1.224858
v -1.435014 0.684495 1.233466
v -1.466164 0.680985 1.260240
v -1.495752 0.670632 1.285672
v -1.522294 0.653955 1.308487
v -1.544460 0.631789 1.327539
v -1.561137 0.605247 1.341874
v -1.571491 0.575659 1.350773
v -1.575000 0.544509 1.353790
v -1.575000 0.404688 1.353790
v -1.725000 0.404688 1.482723
v -1.725000 -0.095312 1.482723
v -1.575000 -0.095312 1.353790
v -1.425000 -0.095312 1.224858
v -1.325000 -0.095312 1.138903
v -1.225000 -0.095312 1.052948
v -1.125000 -0.095312 0.966993
v -0.972934 -0.095312 0.966993
v 1.125000 -0.095312 0.966993
v 1.225000 -0.095312 1.052948
v 1.325000 -0.095312 1.138903
v 1.425000 -0.095312 1.224858
v 1.575000 -0.095312 1.353790
v 1.725000 -0.095312 1.482723
v 1.725000 0.404688 1.482723
v 1.575000 0.404688 1.353790
v 1.575000 0.544509 1.353790
v 1.571491 0.575659 1.350773
v 1.561137 0.605247 1.341874
v 1.544460 0.631789 1.327539
v 1.522294 0.653955 1.308487
v 1.495752 0.670632 1.285672
v 1.466164 0.680985 1.260240
v 1.435014 0.684495 1.233466
v 1.425000 0.684495 1.224858
v 1.425000 0.761167 1.224858
v 1.325000 0.761167 1.138903
v 1.322266 0.763614 1.136553
v 1.345127 0.766190 1.156203
v 1.366841 0.773788 1.174867
v 1.386320 0.786028 1.191610
v 1.402587 0.802294 1.205593
v 1.414826 0.821774 1.216113
v 1.422425 0.843488 1.222644
v 1.425000 0.866349 1.224858
v 1.425000 0.903858 1.224858
v 1.422399 0.926762 1.222622
v 1.414731 0.948502 1.216031
v 1.402388 0.967964 1.205422
v 1.385999 0.984151 1.191334
v 1.366393 0.996241 1.174482
v 1.344560 1.003619 1.155715
v 1.323298 1.005939 1.137439
v 1.225000 1.005961 1.052948
v 1.225000 1.074394 1.052948
v 1.125000 1.074394 0.966993
v 1.125000 1.414394 0.674747
v 1.000000 1.414394 0.674747
v 1.000000 1.514394 0.588792
v 0.950000 1.514394 0.588792
v 0.950000 5.228612 0.588791
v 1.000000 5.228612 0.588791
v 1.000000 5.328612 0.674746
v 1.125000 5.328612 0.674746
v 1.125000 5.668612 0.966993
v 1.225000 5.668612 1.052948
v 1.325000 5.668612 1.138903
v 1.425000 5.668612 1.224858
v 1.440014 5.668612 1.237762
v 1.474951 5.673211 1.267793
v 1.507507 5.686697 1.295776
v 1.535463 5.708148 1.319806
v 1.556916 5.736105 1.338245
v 1.570401 5.768661 1.349836
v 1.575000 5.803598 1.353790
v 1.575000 5.833625 1.353790
v 1.570401 5.868563 1.349836
v 1.556916 5.901119 1.338245
v 1.535464 5.929075 1.319806
v 1.507507 5.950527 1.295776
v 1.474951 5.964012 1.267793
v 1.440014 5.968612 1.237762
v 1.425000 5.968612 1.224858
v 1.425000 6.041245 1.224857
v 1.422526 6.060039 1.222731
v 1.415271 6.077553 1.216495
v 1.403731 6.092593 1.206576
v 1.388691 6.104133 1.193648
v 1.371177 6.111388 1.178594
v 1.352382 6.113862 1.162439
v 1.325000 6.113862 1.138903
v 1.325000 6.134924 1.138903
v 1.322848 6.151271 1.137053
v 1.316538 6.166504 1.131629
v 1.306501 6.179585 1.123002
v 1.293420 6.189622 1.111758
v 1.278187 6.195931 1.098665
v 1.261840 6.198084 1.084613
v 1.225000 6.198084 1.052948
v 1.225000 6.252772 1.052948
v 1.222848 6.269119 1.051098
v 1.216538 6.284352 1.045674
v 1.206501 6.297433 1.037047
v 1.193420 6.307470 1.025803
v 1.178187 6.313780 1.012710
v 1.161840 6.315932 0.998659
v 1.125000 6.315932 0.966993
v 1.125000 6.989164 0.966993
v 1.125000 10.852121 0.966992
v 1.125000 11.754690 0.966992
v 1.150008 11.754690 0.988488
v 1.169418 11.757246 1.005171
v 1.187504 11.764737 1.020718
v 1.203036 11.776655 1.034068
v 1.214953 11.792187 1.044311
v 1.222445 11.810273 1.050751
v 1.225000 11.829682 1.052947
v 1.225000 11.854691 1.052947
v 1.250008 11.854691 1.074443
v 1.269418 11.857245 1.091126
v 1.287504 11.864738 1.106673
v 1.303036 11.876655 1.120022
v 1.314953 11.892186 1.130266
v 1.322445 11.910273 1.136706
v 1.325000 11.929683 1.138902
v 1.325000 11.954690 1.138902
v 1.350013 11.954690 1.160402
v 1.388636 11.960808 1.193600
v 1.423479 11.978561 1.223549
v 1.451130 12.006212 1.247317
v 1.468883 12.041055 1.262576
v 1.475000 12.079691 1.267835
v 1.468883 12.118326 1.262576
v 1.451130 12.153169 1.247317
v 1.423478 12.180820 1.223549
v 1.388636 12.198573 1.193600
v 1.350013 12.204690 1.160402
v 1.325000 12.204690 1.138902
v 1.325000 12.229698 1.138902
v 1.322445 12.249107 1.136706
v 1.314953 12.267194 1.130266
v 1.303035 12.282725 1.120022
v 1.287504 12.294643 1.106673
v 1.269417 12.302135 1.091126
v 1.250008 12.304690 1.074443
v 1.225000 12.304690 1.052947
v 1.225000 12.329699 1.052947
v 1.222445 12.349108 1.050751
v 1.214953 12.367194 1.044311
v 1.203035 12.382726 1.034067
v 1.187504 12.394643 1.020718
v 1.169417 12.402135 1.005171
v 1.150008 12.404690 0.988488
v 1.125000 12.404690 0.966992
v 1.125000 13.167267 0.966992
v 1.225000 13.167267 1.052947
v 1.225000 13.230211 1.052947
v 1.250015 13.230211 1.074449
v 1.283390 13.233973 1.103136
v 1.315091 13.245066 1.130385
v 1.343529 13.262934 1.154829
v 1.367278 13.286682 1.175242
v 1.385147 13.315121 1.190601
v 1.396240 13.346823 1.200136
v 1.400000 13.380198 1.203368
v 1.640460 13.730211 1.410055
v 1.700000 13.730211 1.461233
v 1.700000 13.830213 1.461233
v 1.800000 13.830213 1.547188
v 1.800000 13.975224 1.547188
v 1.800000 14.157291 1.547188
v 1.800000 14.407291 1.547188
v 1.800000 14.571201 1.547188
v 1.700000 14.571201 1.461233
v 1.400000 14.571201 1.203368
v 1.225000 14.571201 1.052947
v 1.125000 14.571201 0.966992
v -0.972934 14.571201 0.966992
v -1.125000 14.571201 0.966992
v -1.225000 14.571201 1.052947
v -1.400000 14.571201 1.203368
v -1.700000 14.571201 1.461233
v 1.563068 14.571201 1.800000
v 1.476231 14.571201 1.700000
v 1.215719 14.571201 1.400000
v 1.063755 14.571201 1.225000
v 0.976918 14.571201 1.125000
v 0.976918 14.571201 0.966992
v 0.976918 14.571201 -0.994013
v 0.976918 14.571201 -1.125001
v 1.063755 14.571201 -1.225001
v 1.215719 14.571201 -1.400001
v 1.476231 14.571201 -1.700001
v 1.563068 14.571201 -1.800001
v 1.563068 14.407292 -1.800001
v 1.563068 14.157292 -1.800001
v 1.563068 13.975225 -1.800001
v 1.563068 13.830213 -1.800001
v 1.476231 13.830213 -1.700001
v 1.476231 13.730211 -1.700001
v 1.424528 13.730211 -1.640461
v 1.215719 13.380197 -1.400001
v 1.212454 13.346822 -1.396240
v 1.202821 13.315121 -1.385147
v 1.187304 13.286682 -1.367279
v 1.166682 13.262934 -1.343530
v 1.141987 13.245065 -1.315091
v 1.114458 13.233973 -1.283390
v 1.085477 13.230211 -1.250015
v 1.063754 13.230211 -1.225001
v 1.063754 13.167266 -1.225001
v 0.976917 13.167266 -1.125000
v 0.976917 12.404690 -1.125000
v 0.998633 12.404690 -1.150008
v 1.015488 12.402134 -1.169418
v 1.031194 12.394642 -1.187504
v 1.044681 12.382725 -1.203036
v 1.055030 12.367194 -1.214954
v 1.061535 12.349107 -1.222445
v 1.063754 12.329698 -1.225000
v 1.063754 12.304689 -1.225000
v 1.085470 12.304689 -1.250008
v 1.102325 12.302135 -1.269418
v 1.118031 12.294642 -1.287504
v 1.131518 12.282725 -1.303036
v 1.141867 12.267194 -1.314953
v 1.148373 12.249107 -1.322445
v 1.150592 12.229697 -1.325000
v 1.150592 12.204690 -1.325000
v 1.172312 12.204690 -1.350013
v 1.205851 12.198573 -1.388636
v 1.236107 12.180820 -1.423479
v 1.260119 12.153169 -1.451130
v 1.275535 12.118326 -1.468883
v 1.280847 12.079690 -1.475001
v 1.275535 12.041054 -1.468883
v 1.260119 12.006212 -1.451130
v 1.236107 11.978561 -1.423479
v 1.205851 11.960808 -1.388636
v 1.172312 11.954690 -1.350013
v 1.150592 11.954690 -1.325001
v 1.150592 11.929682 -1.325001
v 1.148373 11.910273 -1.322445
v 1.141867 11.892186 -1.314953
v 1.131518 11.876655 -1.303036
v 1.118031 11.864737 -1.287504
v 1.102325 11.857245 -1.269418
v 1.085471 11.854690 -1.250008
v 1.063755 11.854690 -1.225001
v 1.063755 11.829682 -1.225001
v 1.061536 11.810273 -1.222445
v 1.055030 11.792187 -1.214953
v 1.044681 11.776655 -1.203036
v 1.031194 11.764737 -1.187504
v 1.015488 11.757246 -1.169418
v 0.998633 11.754690 -1.150008
v 0.976918 11.754690 -1.125000
v 0.976918 10.852121 -1.125000
v 0.976918 6.989164 -1.125000
v 0.976918 6.315932 -1.125000
v 1.008908 6.315932 -1.161840
v 1.023103 6.313780 -1.178187
v 1.036331 6.307470 -1.193420
v 1.047690 6.297433 -1.206501
v 1.056406 6.284352 -1.216538
v 1.061886 6.269119 -1.222848
v 1.063755 6.252772 -1.225000
v 1.063755 6.198084 -1.225000
v 1.095745 6.198084 -1.261840
v 1.109941 6.195932 -1.278187
v 1.123169 6.189623 -1.293420
v 1.134527 6.179585 -1.306501
v 1.143244 6.166504 -1.316538
v 1.148723 6.151271 -1.322848
v 1.150592 6.134924 -1.325000
v 1.150592 6.113863 -1.325000
v 1.174370 6.113863 -1.352383
v 1.190691 6.111388 -1.371177
v 1.205899 6.104134 -1.388691
v 1.218959 6.092593 -1.403731
v 1.228980 6.077553 -1.415271
v 1.235280 6.060040 -1.422526
v 1.237429 6.041245 -1.425000
v 1.237429 5.968612 -1.425000
v 1.250466 5.968612 -1.440014
v 1.280804 5.964013 -1.474951
v 1.309075 5.950527 -1.507507
v 1.333352 5.929075 -1.535463
v 1.351980 5.901119 -1.556915
v 1.363690 5.868563 -1.570401
v 1.367684 5.833625 -1.575000
v 1.367684 5.803598 -1.575000
v 1.363690 5.768661 -1.570401
v 1.351980 5.736105 -1.556915
v 1.333352 5.708148 -1.535463
v 1.309075 5.686697 -1.507507
v 1.280804 5.673211 -1.474951
v 1.250466 5.668612 -1.440014
v 1.237429 5.668612 -1.425000
v 1.150592 5.668612 -1.325000
v 1.063755 5.668612 -1.225000
v 0.976918 5.668612 -1.125000
v 0.681671 5.328612 -1.125000
v 0.681671 5.328612 -1.000000
v 0.594834 5.228612 -1.000000
v 0.594834 5.228612 -0.950000
v 0.594834 1.514394 -0.950000
v 0.594834 1.514394 -1.000000
v 0.681671 1.414394 -1.000000
v 0.681671 1.414394 -1.125000
v 0.976917 1.074394 -1.125000
v 1.063754 1.074394 -1.225000
v 1.063755 1.005961 -1.225000
v 1.149113 1.005939 -1.323297
v 1.167576 1.003619 -1.344559
v 1.186536 0.996241 -1.366392
v 1.203561 0.984151 -1.385998
v 1.217793 0.967964 -1.402387
v 1.228511 0.948502 -1.414730
v 1.235170 0.926762 -1.422399
v 1.237429 0.903858 -1.425000
v 1.237429 0.866349 -1.425000
v 1.235192 0.843488 -1.422424
v 1.228594 0.821774 -1.414826
v 1.217966 0.802294 -1.402586
v 1.203840 0.786028 -1.386319
v 1.186925 0.773788 -1.366840
v 1.168069 0.766190 -1.345126
v 1.148217 0.763614 -1.322265
v 1.150592 0.761167 -1.325000
v 1.237429 0.761167 -1.425000
v 1.237429 0.684495 -1.425000
v 1.246125 0.684495 -1.435014
v 1.273174 0.680985 -1.466164
v 1.298867 0.670632 -1.495751
v 1.321916 0.653955 -1.522294
v 1.341164 0.631789 -1.544459
v 1.355646 0.605247 -1.561137
v 1.364637 0.575659 -1.571490
v 1.367684 0.544509 -1.575000
v 1.367684 0.404688 -1.575000
v 1.497940 0.404688 -1.725000
v 1.497940 -0.095312 -1.725000
v 1.367684 -0.095312 -1.575000
v 1.237429 -0.095312 -1.425000
v 1.150592 -0.095312 -1.325000
v 1.063755 -0.095312 -1.225000
v 0.976918 -0.095312 -1.125000
v 0.976918 -0.095312 -0.994012
v 0.976918 -0.095312 0.966993
v 0.976918 -0.095312 1.125001
v 1.063755 -0.095312 1.225001
v 1.150592 -0.095312 1.325001
v 1.237429 -0.095312 1.425001
v 1.367684 -0.095312 1.575001
v 1.497940 -0.095312 1.725001
v 1.497940 0.404688 1.725001
v 1.367684 0.404688 1.575001
v 1.367684 0.544509 1.575001
v 1.364637 0.575659 1.571491
v 1.355646 0.605247 1.561138
v 1.341164 0.631789 1.544460
v 1.321916 0.653955 1.522295
v 1.298867 0.670632 1.495753
v 1.273174 0.680985 1.466165
v 1.246125 0.684495 1.435015
v 1.237429 0.684495 1.425001
v 1.237429 0.761167 1.425001
v 1.150592 0.761167 1.325001
v 1.148217 0.763614 1.322267
v 1.168069 0.766190 1.345127
v 1.186925 0.773788 1.366841
v 1.203840 0.786028 1.386320
v 1.217966 0.802294 1.402588
v 1.228594 0.821774 1.414827
v 1.235192 0.843488 1.422425
v 1.237429 0.866349 1.425001
v 1.237429 0.903858 1.425001
v 1.235170 0.926762 1.422400
v 1.228511 0.948502 1.414732
v 1.217793 0.967964 1.402389
v 1.203561 0.984151 1.385999
v 1.186536 0.996241 1.366394
v 1.167576 1.003619 1.344560
v 1.149113 1.005939 1.323298
v 1.063755 1.005961 1.225001
v 1.063754 1.074394 1.225001
v 0.976917 1.074394 1.125001
v 0.681671 1.414394 1.125001
v 0.681671 1.414394 1.000001
v 0.594834 1.514394 1.000001
v 0.594834 1.514394 0.950001
v 0.594834 5.228612 0.950000
v 0.594834 5.228612 1.000000
v 0.681671 5.328612 1.000000
v 0.681671 5.328612 1.125000
v 0.976917 5.668612 1.125000
v 1.063754 5.668612 1.225001
v 1.150592 5.668612 1.325001
v 1.237429 5.668612 1.425001
v 1.250466 5.668612 1.440014
v 1.280804 5.673211 1.474951
v 1.309075 5.686697 1.507507
v 1.333352 5.708148 1.535464
v 1.351980 5.736105 1.556916
v 1.363690 5.768661 1.570401
v 1.367684 5.803598 1.575001
v 1.367684 5.833625 1.575001
v 1.363690 5.868563 1.570401
v 1.351980 5.901119 1.556916
v 1.333352 5.929075 1.535464
v 1.309075 5.950527 1.507507
v 1.280804 5.964013 1.474951
v 1.250466 5.968612 1.440014
v 1.237429 5.968612 1.425001
v 1.237429 6.041245 1.425000
v 1.235280 6.060039 1.422526
v 1.228980 6.077553 1.415272
v 1.218959 6.092593 1.403731
v 1.205899 6.104133 1.388692
v 1.190690 6.111388 1.371178
v 1.174369 6.113862 1.352383
v 1.150592 6.113862 1.325000
v 1.150592 6.134924 1.325000
v 1.148723 6.151271 1.322848
v 1.143244 6.166504 1.316539
v 1.134527 6.179585 1.306501
v 1.123169 6.189622 1.293420
v 1.109941 6.195931 1.278187
v 1.095745 6.198084 1.261840
v 1.063755 6.198084 1.225000
v 1.063755 6.252772 1.225000
v 1.061886 6.269119 1.222848
v 1.056407 6.284352 1.216539
v 1.047690 6.297433 1.206501
v 1.036331 6.307470 1.193420
v 1.023103 6.313780 1.178187
v 1.008908 6.315932 1.161840
v 0.976918 6.315932 1.125000
v 0.976918 6.989164 1.125000
v 0.976918 10.852121 1.125000
v 0.976918 11.754690 1.125000
v 0.998633 11.754690 1.150008
v 1.015488 11.757246 1.169417
v 1.031194 11.764737 1.187504
v 1.044681 11.776655 1.203035
v 1.055030 11.792187 1.214953
v 1.061536 11.810273 1.222445
v 1.063755 11.829682 1.225000
v 1.063755 11.854691 1.225000
v 1.085471 11.854691 1.250008
v 1.102325 11.857245 1.269417
v 1.118031 11.864738 1.287504
v 1.131518 11.876655 1.303035
v 1.141867 11.892186 1.314953
v 1.148373 11.910273 1.322445
v 1.150592 11.929683 1.325000
v 1.150592 11.954690 1.325000
v 1.172312 11.954690 1.350013
v 1.205851 11.960808 1.388636
v 1.236107 11.978561 1.423478
v 1.260119 12.006212 1.451130
v 1.275535 12.041054 1.468883
v 1.280847 12.079690 1.475000
v 1.275535 12.118326 1.468883
v 1.260119 12.153169 1.451130
v 1.236107 12.180820 1.423478
v 1.205851 12.198573 1.388636
v 1.172312 12.204690 1.350013
v 1.150591 12.204690 1.325000
v 1.150591 12.229698 1.325000
v 1.148373 12.249107 1.322445
v 1.141867 12.267194 1.314953
v 1.131518 12.282725 1.303035
v 1.118031 12.294643 1.287504
v 1.102325 12.302135 1.269417
v 1.085470 12.304690 1.250008
v 1.063754 12.304690 1.225000
v 1.063754 12.329698 1.225000
v 1.061535 12.349108 1.222445
v 1.055030 12.367194 1.214953
v 1.044681 12.382726 1.203035
v 1.031194 12.394643 1.187504
v 1.015488 12.402135 1.169417
v 0.998633 12.404690 1.150008
v 0.976917 12.404690 1.125000
v 0.976917 13.167267 1.125000
v 1.063754 13.167267 1.225000
v 1.063754 13.230211 1.225000
v 1.085477 13.230211 1.250015
v 1.114458 13.233973 1.283390
v 1.141987 13.245066 1.315091
v 1.166682 13.262934 1.343529
v 1.187304 13.286682 1.367278
v 1.202821 13.315121 1.385147
v 1.212454 13.346823 1.396240
v 1.215719 13.380198 1.400000
v 1.424528 13.730211 1.640460
v 1.476231 13.730211 1.700000
v 1.476231 13.830213 1.700000
v 1.563068 13.830213 1.800000
v 1.563068 13.975224 1.800000
v 1.563068 14.157291 1.800000
v 1.563067 14.407292 1.800000
v 1.125000 6.989164 -0.915659
v 1.125000 6.315932 -0.915659
v 1.161840 6.315932 -0.945644
v 1.178187 6.313780 -0.958949
v 1.193420 6.307470 -0.971348
v 1.206501 6.297433 -0.981994
v 1.216539 6.284352 -0.990164
v 1.222848 6.269119 -0.995300
v 1.225000 6.252772 -0.997051
v 1.225000 6.198084 -0.997051
v 1.261840 6.198084 -1.027036
v 1.278187 6.195932 -1.040341
v 1.293420 6.189623 -1.052740
v 1.306501 6.179585 -1.063386
v 1.316538 6.166504 -1.071556
v 1.322848 6.151271 -1.076691
v 1.325000 6.134924 -1.078443
v 1.325000 6.113862 -1.078443
v 1.352383 6.113862 -1.100730
v 1.371177 6.111388 -1.116028
v 1.388691 6.104134 -1.130283
v 1.403731 6.092593 -1.142524
v 1.415271 6.077553 -1.151917
v 1.422526 6.060040 -1.157821
v 1.425000 6.041245 -1.159835
v 1.425000 5.968612 -1.159835
v 1.440014 5.968612 -1.172055
v 1.474951 5.964012 -1.200491
v 1.507507 5.950527 -1.226989
v 1.535464 5.929075 -1.249743
v 1.556916 5.901119 -1.267203
v 1.570401 5.868563 -1.278179
v 1.575000 5.833625 -1.281923
v 1.575000 5.803598 -1.281923
v 1.570401 5.768661 -1.278179
v 1.556916 5.736105 -1.267203
v 1.535464 5.708148 -1.249743
v 1.507507 5.686697 -1.226989
v 1.474951 5.673211 -1.200491
v 1.440014 5.668612 -1.172055
v 1.425000 5.668612 -1.159835
v 1.325000 5.668612 -1.078443
v 1.225000 5.668612 -0.997051
v 1.125000 5.668612 -0.915659
v 1.125000 5.328612 -0.638927
v 1.000000 5.328612 -0.638927
v 1.000000 5.228612 -0.557535
v 0.950000 5.228612 -0.557535
v 0.950000 1.514394 -0.557534
v 1.000000 1.514394 -0.557534
v 1.000000 1.414394 -0.638926
v 1.125000 1.414394 -0.638926
v 1.125000 1.074394 -0.915659
v 1.225000 1.074394 -0.997051
v 1.225000 1.005961 -0.997051
v 1.323298 1.005939 -1.077057
v 1.344560 1.003619 -1.094363
v 1.366393 0.996241 -1.112133
v 1.385999 0.984151 -1.128091
v 1.402388 0.967964 -1.141430
v 1.414731 0.948502 -1.151476
v 1.422399 0.926762 -1.157718
v 1.425000 0.903858 -1.159835
v 1.425000 0.866349 -1.159835
v 1.422425 0.843488 -1.157738
v 1.414827 0.821774 -1.151554
v 1.402587 0.802294 -1.141592
v 1.386320 0.786028 -1.128352
v 1.366841 0.773788 -1.112497
v 1.345127 0.766190 -1.094824
v 1.322266 0.763614 -1.076217
v 1.325000 0.761167 -1.078443
v 1.425000 0.761167 -1.159835
v 1.425000 0.684495 -1.159835
v 1.435014 0.684495 -1.167985
v 1.466164 0.680985 -1.193339
v 1.495752 0.670632 -1.217421
v 1.522294 0.653955 -1.239024
v 1.544460 0.631789 -1.257065
v 1.561137 0.605247 -1.270639
v 1.571491 0.575659 -1.279066
v 1.575000 0.544509 -1.281923
v 1.575000 0.404687 -1.281923
v 1.725000 0.404687 -1.404011
v 1.725000 -0.095312 -1.404011
v 1.575000 -0.095312 -1.281923
v 1.425000 -0.095312 -1.159835
v 1.325000 -0.095312 -1.078443
v 1.225000 -0.095312 -0.997051
v 1.125000 -0.095312 -0.915659
v 0.976918 -0.095312 -0.915659
v -0.972934 -0.095312 -0.915659
v -1.125000 -0.095312 -0.915659
v -1.225000 -0.095312 -0.997051
v -1.325000 -0.095312 -1.078443
v -1.425000 -0.095312 -1.159835
v -1.575000 -0.095312 -1.281923
v -1.725000 -0.095312 -1.404011
v -1.725000 0.404688 -1.404011
v -1.575000 0.404688 -1.281923
v -1.575000 0.544509 -1.281923
v -1.571491 0.575659 -1.279066
v -1.561137 0.605247 -1.270639
v -1.544460 0.631789 -1.257065
v -1.522294 0.653955 -1.239024
v -1.495752 0.670632 -1.217421
v -1.466164 0.680985 -1.193339
v -1.435014 0.684495 -1.167985
v -1.425000 0.684495 -1.159835
v -1.425000 0.761167 -1.159835
v -1.325000 0.761167 -1.078443
v -1.322266 0.763614 -1.076217
v -1.345127 0.766190 -1.094824
v -1.366841 0.773788 -1.112497
v -1.386320 0.786028 -1.128352
v -1.402587 0.802294 -1.141592
v -1.414826 0.821774 -1.151554
v -1.422425 0.843488 -1.157738
v -1.425000 0.866349 -1.159835
v -1.425000 0.903858 -1.159835
v -1.422399 0.926762 -1.157718
v -1.414731 0.948503 -1.151476
v -1.402388 0.967964 -1.141430
v -1.385999 0.984152 -1.128091
v -1.366393 0.996241 -1.112133
v -1.344560 1.003620 -1.094363
v -1.323298 1.005939 -1.077057
v -1.225000 1.005961 -0.997051
v -1.225001 1.074394 -0.997051
v -1.125000 1.074394 -0.915659
v -1.125000 1.414394 -0.638926
v -1.000000 1.414394 -0.638926
v -1.000000 1.514394 -0.557534
v -0.950000 1.514394 -0.557534
v -0.950000 5.228612 -0.557535
v -1.000000 5.228612 -0.557535
v -1.000000 5.328612 -0.638927
v -1.125000 5.328612 -0.638927
v -1.125000 5.668612 -0.915659
v -1.225000 5.668612 -0.997051
v -1.325000 5.668612 -1.078443
v -1.425000 5.668612 -1.159835
v -1.440014 5.668612 -1.172055
v -1.474951 5.673211 -1.200491
v -1.507507 5.686697 -1.226989
v -1.535464 5.708148 -1.249743
v -1.556916 5.736105 -1.267203
v -1.570401 5.768661 -1.278179
v -1.575001 5.803598 -1.281923
v -1.575001 5.833625 -1.281923
v -1.570401 5.868563 -1.278179
v -1.556916 5.901119 -1.267203
v -1.535464 5.929075 -1.249743
v -1.507507 5.950527 -1.226989
v -1.474951 5.964012 -1.200491
v -1.440014 5.968612 -1.172055
v -1.425001 5.968612 -1.159835
v -1.425000 6.041245 -1.159835
v -1.422526 6.060040 -1.157821
v -1.415272 6.077554 -1.151917
v -1.403731 6.092593 -1.142524
v -1.388691 6.104134 -1.130283
v -1.371177 6.111388 -1.116027
v -1.352383 6.113863 -1.100730
v -1.325000 6.113863 -1.078443
v -1.325000 6.134924 -1.078443
v -1.322848 6.151271 -1.076691
v -1.316539 6.166504 -1.071556
v -1.306501 6.179585 -1.063386
v -1.293420 6.189623 -1.052740
v -1.278187 6.195932 -1.040341
v -1.261840 6.198084 -1.027036
v -1.225000 6.198084 -0.997051
v -1.225001 6.252772 -0.997051
v -1.222848 6.269119 -0.995300
v -1.216539 6.284352 -0.990164
v -1.206501 6.297433 -0.981994
v -1.193421 6.307470 -0.971348
v -1.178187 6.313780 -0.958949
v -1.161840 6.315932 -0.945644
v -1.125000 6.315932 -0.915659
v -1.125000 6.989164 -0.915659
v -1.125000 10.852121 -0.915660
v -1.125000 11.754690 -0.915660
v -1.150008 11.754690 -0.936014
v -1.169418 11.757246 -0.951812
v -1.187504 11.764737 -0.966533
v -1.203036 11.776655 -0.979174
v -1.214953 11.792187 -0.988874
v -1.222445 11.810273 -0.994972
v -1.225000 11.829682 -0.997052
v -1.225000 11.854690 -0.997052
v -1.250008 11.854690 -1.017406
v -1.269418 11.857245 -1.033204
v -1.287504 11.864737 -1.047925
v -1.303036 11.876655 -1.060566
v -1.314953 11.892186 -1.070266
v -1.322445 11.910273 -1.076364
v -1.325000 11.929682 -1.078444
v -1.325000 11.954690 -1.078444
v -1.350013 11.954690 -1.098802
v -1.388636 11.960808 -1.130238
v -1.423479 11.978560 -1.158597
v -1.451130 12.006212 -1.181103
v -1.468883 12.041055 -1.195552
v -1.475000 12.079690 -1.200531
v -1.468883 12.118326 -1.195552
v -1.451130 12.153169 -1.181103
v -1.423479 12.180820 -1.158597
v -1.388636 12.198573 -1.130238
v -1.350013 12.204690 -1.098802
v -1.325000 12.204690 -1.078443
v -1.325000 12.229697 -1.078443
v -1.322445 12.249107 -1.076364
v -1.314953 12.267194 -1.070266
v -1.303036 12.282725 -1.060566
v -1.287504 12.294642 -1.047925
v -1.269418 12.302135 -1.033203
v -1.250008 12.304689 -1.017406
v -1.225000 12.304689 -0.997052
v -1.225001 12.329698 -0.997052
v -1.222445 12.349107 -0.994972
v -1.214953 12.367193 -0.988874
v -1.203036 12.382725 -0.979174
v -1.187504 12.394643 -0.966533
v -1.169418 12.402134 -0.951812
v -1.150008 12.404690 -0.936014
v -1.125000 12.404690 -0.915660
v -1.125000 13.167267 -0.915660
v -1.225000 13.167267 -0.997052
v -1.225000 13.230211 -0.997052
v -1.250015 13.230211 -1.017412
v -1.283390 13.233973 -1.044576
v -1.315091 13.245065 -1.070378
v -1.343529 13.262934 -1.093525
v -1.367278 13.286682 -1.112854
v -1.385147 13.315121 -1.127398
v -1.396240 13.346822 -1.136427
v -1.400000 13.380197 -1.139488
v -1.640460 13.730212 -1.335202
v -1.700001 13.730212 -1.383663
v -1.700000 13.830213 -1.383663
v -1.800000 13.830213 -1.465055
v -1.800000 13.975225 -1.465056
v -1.800000 14.157292 -1.465056
v -1.800000 14.407292 -1.465056
v -1.800000 14.571201 -1.465056
v -1.700000 14.571201 -1.383664
v -1.400000 14.571201 -1.139488
v -1.225000 14.571201 -0.997052
v -1.125000 14.571201 -0.915660
v -0.972934 14.571201 -0.915660
v 0.976918 14.571201 -0.915660
v 1.125000 14.571201 -0.915660
v 1.225000 14.571201 -0.997052
v 1.400000 14.571201 -1.139488
v 1.700000 14.571201 -1.383664
v 1.800000 14.571201 -1.465056
v 1.800000 14.407292 -1.465056
v 1.800000 14.157292 -1.465056
v 1.800000 13.975225 -1.465056
v 1.800000 13.830213 -1.465055
v 1.700000 13.830213 -1.383663
v 1.700000 13.730211 -1.383663
v 1.640460 13.730211 -1.335202
v 1.400000 13.380197 -1.139488
v 1.396240 13.346822 -1.136427
v 1.385147 13.315121 -1.127398
v 1.367278 13.286682 -1.112854
v 1.343529 13.262934 -1.093525
v 1.315091 13.245065 -1.070378
v 1.283390 13.233973 -1.044576
v 1.250015 13.230211 -1.017412
v 1.225000 13.230211 -0.997052
v 1.225000 13.167267 -0.997052
v 1.125000 13.167267 -0.915660
v 1.125000 12.404690 -0.915660
v 1.150008 12.404690 -0.936014
v 1.169417 12.402134 -0.951812
v 1.187504 12.394643 -0.966533
v 1.203035 12.382725 -0.979174
v 1.214953 12.367194 -0.988874
v 1.222445 12.349107 -0.994972
v 1.225000 12.329698 -0.997052
v 1.225000 12.304689 -0.997052
v 1.250008 12.304689 -1.017406
v 1.269417 12.302135 -1.033203
v 1.287504 12.294642 -1.047925
v 1.303035 12.282725 -1.060566
v 1.314953 12.267194 -1.070266
v 1.322445 12.249107 -1.076364
v 1.325000 12.229697 -1.078443
v 1.325000 12.204690 -1.078443
v 1.350013 12.204690 -1.098802
v 1.388636 12.198573 -1.130238
v 1.423479 12.180820 -1.158597
v 1.451130 12.153169 -1.181103
v 1.468883 12.118326 -1.195552
v 1.475000 12.079691 -1.200531
v 1.468883 12.041055 -1.195552
v 1.451130 12.006212 -1.181103
v 1.423479 11.978561 -1.158597
v 1.388636 11.960808 -1.130238
v 1.350013 11.954690 -1.098802
v 1.325000 11.954690 -1.078444
v 1.325000 11.929682 -1.078444
v 1.322445 11.910273 -1.076364
v 1.314953 11.892186 -1.070266
v 1.303036 11.876655 -1.060566
v 1.287504 11.864737 -1.047925
v 1.269418 11.857245 -1.033204
v 1.250008 11.854690 -1.017406
v 1.225000 11.854690 -0.997052
v 1.225000 11.829682 -0.997052
v 1.222445 11.810273 -0.994972
v 1.214953 11.792187 -0.988874
v 1.203036 11.776655 -0.979174
v 1.187504 11.764737 -0.966533
v 1.169418 11.757246 -0.951812
v 1.150008 11.754690 -0.936014
v 1.125000 11.754690 -0.915660
v 1.125000 10.852121 -0.915660
v 0.876975 6.989164 -1.125000
v 0.876975 6.315932 -1.125000
v 0.905693 6.315932 -1.161840
v 0.918436 6.313780 -1.178187
v 0.930310 6.307470 -1.193420
v 0.940507 6.297433 -1.206501
v 0.948332 6.284352 -1.216538
v 0.953251 6.269119 -1.222848
v 0.954928 6.252772 -1.225000
v 0.954928 6.198084 -1.225000
v 0.983646 6.198084 -1.261840
v 0.996389 6.195932 -1.278187
v 1.008264 6.189623 -1.293420
v 1.018461 6.179585 -1.306501
v 1.026285 6.166504 -1.316538
v 1.031204 6.151271 -1.322848
v 1.032882 6.134924 -1.325000
v 1.032882 6.113863 -1.325000
v 1.054227 6.113863 -1.352383
v 1.068878 6.111388 -1.371177
v 1.082531 6.104134 -1.388691
v 1.094255 6.092593 -1.403731
v 1.103251 6.077553 -1.415271
v 1.108906 6.060040 -1.422526
v 1.110835 6.041245 -1.425000
v 1.110835 5.968612 -1.425000
v 1.122538 5.968612 -1.440014
v 1.149773 5.964013 -1.474951
v 1.175152 5.950527 -1.507507
v 1.196945 5.929075 -1.535463
v 1.213667 5.901119 -1.556915
v 1.224179 5.868563 -1.570401
v 1.227765 5.833625 -1.575000
v 1.227765 5.803598 -1.575000
v 1.224179 5.768661 -1.570401
v 1.213667 5.736105 -1.556915
v 1.196945 5.708148 -1.535463
v 1.175152 5.686697 -1.507507
v 1.149773 5.673211 -1.474951
v 1.122538 5.668612 -1.440014
v 1.110835 5.668612 -1.425000
v 1.032882 5.668612 -1.325000
v 0.954928 5.668612 -1.225000
v 0.876975 5.668612 -1.125000
v 0.611934 5.328612 -1.125000
v 0.611934 5.328612 -1.000000
v 0.533980 5.228611 -1.000000
v 0.533980 5.228611 -0.950000
v 0.533980 1.514394 -0.950000
v 0.533980 1.514394 -1.000000
v 0.611934 1.414394 -1.000000
v 0.611934 1.414394 -1.125000
v 0.876975 1.074394 -1.125000
v 0.954928 1.074394 -1.225000
v 0.954928 1.005961 -1.225000
v 1.031554 1.005939 -1.323297
v 1.048129 1.003619 -1.344559
v 1.065149 0.996241 -1.366392
v 1.080432 0.984151 -1.385998
v 1.093208 0.967964 -1.402387
v 1.102830 0.948502 -1.414730
v 1.108807 0.926762 -1.422399
v 1.110835 0.903858 -1.425000
v 1.110835 0.866349 -1.425000
v 1.108827 0.843488 -1.422424
v 1.102904 0.821774 -1.414826
v 1.093363 0.802294 -1.402586
v 1.080682 0.786028 -1.386319
v 1.065498 0.773788 -1.366840
v 1.048571 0.766190 -1.345126
v 1.030750 0.763614 -1.322265
v 1.032882 0.761167 -1.325000
v 1.110835 0.761167 -1.425000
v 1.110835 0.684495 -1.425000
v 1.118641 0.684495 -1.435014
v 1.142923 0.680985 -1.466164
v 1.165988 0.670632 -1.495751
v 1.186679 0.653955 -1.522294
v 1.203957 0.631789 -1.544459
v 1.216958 0.605247 -1.561137
v 1.225029 0.575659 -1.571490
v 1.227765 0.544509 -1.575000
v 1.227765 0.404688 -1.575000
v 1.344695 0.404688 -1.725000
v 1.344695 -0.095312 -1.725000
v 1.227765 -0.095312 -1.575000
v 1.110835 -0.095312 -1.425000
v 1.032882 -0.095312 -1.325000
v 0.954928 -0.095312 -1.225000
v 0.876975 -0.095312 -1.125000
v 0.876975 -0.095312 -0.994012
v 0.876975 -0.095312 -0.915659
v 0.876975 -0.095312 0.966993
v 0.876975 -0.095312 1.125001
v 0.954928 -0.095312 1.225001
v 1.032882 -0.095312 1.325001
v 1.110835 -0.095312 1.425001
v 1.227765 -0.095312 1.575001
v 1.344695 -0.095312 1.725001
v 1.344695 0.404688 1.725001
v 1.227765 0.404688 1.575001
v 1.227765 0.544509 1.575001
v 1.225029 0.575659 1.571491
v 1.216958 0.605247 1.561138
v 1.203957 0.631789 1.544460
v 1.186679 0.653955 1.522295
v 1.165988 0.670632 1.495753
v 1.142923 0.680985 1.466165
v 1.118641 0.684495 1.435015
v 1.110835 0.684495 1.425001
v 1.110835 0.761167 1.425001
v 1.032882 0.761167 1.325001
v 1.030750 0.763614 1.322267
v 1.048571 0.766190 1.345127
v 1.065498 0.773788 1.366841
v 1.080682 0.786028 1.386320
v 1.093363 0.802294 1.402588
v 1.102904 0.821774 1.414827
v 1.108827 0.843488 1.422425
v 1.110835 0.866349 1.425001
v 1.110835 0.903858 1.425001
v 1.108807 0.926762 1.422400
v 1.102830 0.948502 1.414731
v 1.093208 0.967964 1.402389
v 1.080432 0.984151 1.385999
v 1.065149 0.996241 1.366394
v 1.048129 1.003619 1.344560
v 1.031554 1.005939 1.323298
v 0.954928 1.005961 1.225001
v 0.954928 1.074394 1.225001
v 0.876975 1.074394 1.125001
v 0.611933 1.414394 1.125001
v 0.611933 1.414394 1.000001
v 0.533980 1.514394 1.000001
v 0.533980 1.514394 0.950001
v 0.533980 5.228611 0.950000
v 0.533980 5.228611 1.000000
v 0.611934 5.328612 1.000000
v 0.611934 5.328612 1.125000
v 0.876975 5.668612 1.125000
v 0.954928 5.668612 1.225001
v 1.032881 5.668612 1.325001
v 1.110835 5.668612 1.425001
v 1.122538 5.668612 1.440014
v 1.149773 5.673211 1.474951
v 1.175152 5.686697 1.507507
v 1.196945 5.708148 1.535464
v 1.213667 5.736105 1.556916
v 1.224179 5.768661 1.570401
v 1.227765 5.803598 1.575001
v 1.227765 5.833625 1.575001
v 1.224179 5.868563 1.570401
v 1.213667 5.901119 1.556916
v 1.196945 5.929075 1.535464
v 1.175152 5.950527 1.507507
v 1.149773 5.964013 1.474951
v 1.122538 5.968612 1.440014
v 1.110835 5.968612 1.425001
v 1.110835 6.041245 1.425000
v 1.108906 6.060039 1.422526
v 1.103251 6.077553 1.415272
v 1.094255 6.092593 1.403731
v 1.082531 6.104133 1.388692
v 1.068878 6.111388 1.371178
v 1.054227 6.113862 1.352383
v 1.032882 6.113862 1.325000
v 1.032882 6.134924 1.325000
v 1.031204 6.151271 1.322848
v 1.026285 6.166504 1.316539
v 1.018461 6.179585 1.306501
v 1.008264 6.189622 1.293420
v 0.996389 6.195931 1.278187
v 0.983646 6.198084 1.261840
v 0.954928 6.198084 1.225000
v 0.954928 6.252772 1.225000
v 0.953251 6.269119 1.222848
v 0.948332 6.284352 1.216539
v 0.940507 6.297433 1.206501
v 0.930310 6.307470 1.193420
v 0.918436 6.313780 1.178187
v 0.905693 6.315932 1.161840
v 0.876975 6.315932 1.125000
v 0.876975 6.989164 1.125000
v 0.876975 10.852121 1.125000
v 0.876975 11.754690 1.125000
v 0.896469 11.754690 1.150008
v 0.911600 11.757245 1.169417
v 0.925699 11.764737 1.187504
v 0.937806 11.776655 1.203035
v 0.947096 11.792187 1.214953
v 0.952936 11.810273 1.222445
v 0.954928 11.829682 1.225000
v 0.954928 11.854691 1.225000
v 0.974423 11.854691 1.250008
v 0.989553 11.857245 1.269417
v 1.003652 11.864738 1.287504
v 1.015759 11.876655 1.303035
v 1.025050 11.892186 1.314953
v 1.030890 11.910273 1.322445
v 1.032882 11.929683 1.325000
v 1.032882 11.954690 1.325000
v 1.052380 11.954690 1.350013
v 1.082488 11.960808 1.388636
v 1.109649 11.978561 1.423478
v 1.131204 12.006212 1.451130
v 1.145043 12.041054 1.468883
v 1.149811 12.079690 1.475000
v 1.145043 12.118326 1.468883
v 1.131203 12.153169 1.451130
v 1.109648 12.180820 1.423478
v 1.082487 12.198573 1.388636
v 1.052379 12.204690 1.350013
v 1.032881 12.204690 1.325000
v 1.032881 12.229698 1.325000
v 1.030890 12.249107 1.322445
v 1.025049 12.267194 1.314953
v 1.015759 12.282725 1.303035
v 1.003652 12.294643 1.287504
v 0.989553 12.302135 1.269417
v 0.974423 12.304690 1.250008
v 0.954928 12.304690 1.225000
v 0.954928 12.329698 1.225000
v 0.952936 12.349108 1.222445
v 0.947096 12.367194 1.214953
v 0.937806 12.382726 1.203035
v 0.925699 12.394643 1.187504
v 0.911599 12.402135 1.169417
v 0.896469 12.404690 1.150008
v 0.876975 12.404690 1.125000
v 0.876975 13.167267 1.125000
v 0.954928 13.167267 1.225000
v 0.954928 13.230211 1.225000
v 0.974428 13.230211 1.250015
v 1.000445 13.233973 1.283390
v 1.025157 13.245066 1.315091
v 1.047326 13.262934 1.343529
v 1.065839 13.286682 1.367278
v 1.079768 13.315121 1.385147
v 1.088415 13.346823 1.396240
v 1.091347 13.380198 1.400000
v 1.278793 13.730211 1.640460
v 1.325206 13.730211 1.700000
v 1.325206 13.830213 1.700000
v 1.403160 13.830213 1.800000
v 1.403160 13.975224 1.800000
v 1.403159 14.157291 1.800000
v 1.403159 14.407292 1.800000
v 1.403160 14.571201 1.800000
v 1.325207 14.571201 1.700000
v 1.091347 14.571201 1.400000
v 0.954928 14.571201 1.225000
v 0.876975 14.571201 1.125000
v 0.876975 14.571201 0.966992
v 0.876975 14.571201 -0.915660
v 0.876975 14.571201 -0.994013
v 0.876975 14.571201 -1.125001
v 0.954928 14.571201 -1.225001
v 1.091347 14.571201 -1.400001
v 1.325207 14.571201 -1.700001
v 1.403160 14.571201 -1.800001
v 1.403160 14.407292 -1.800001
v 1.403160 14.157292 -1.800001
v 1.403160 13.975225 -1.800001
v 1.403160 13.830213 -1.800001
v 1.325207 13.830213 -1.700001
v 1.325207 13.730211 -1.700001
v 1.278793 13.730211 -1.640461
v 1.091347 13.380197 -1.400001
v 1.088415 13.346822 -1.396240
v 1.079768 13.315121 -1.385147
v 1.065839 13.286682 -1.367279
v 1.047325 13.262934 -1.343530
v 1.025157 13.245065 -1.315091
v 1.000445 13.233973 -1.283390
v 0.974428 13.230211 -1.250015
v 0.954928 13.230211 -1.225001
v 0.954928 13.167266 -1.225001
v 0.876975 13.167266 -1.125000
v 0.876975 12.404690 -1.125000
v 0.896469 12.404690 -1.150008
v 0.911599 12.402134 -1.169418
v 0.925699 12.394642 -1.187504
v 0.937806 12.382725 -1.203036
v 0.947096 12.367194 -1.214954
v 0.952936 12.349107 -1.222445
v 0.954928 12.329698 -1.225000
v 0.954928 12.304689 -1.225000
v 0.974423 12.304689 -1.250008
v 0.989553 12.302135 -1.269418
v 1.003652 12.294642 -1.287504
v 1.015759 12.282725 -1.303036
v 1.025049 12.267194 -1.314953
v 1.030890 12.249107 -1.322445
v 1.032881 12.229697 -1.325000
v 1.032881 12.204690 -1.325000
v 1.052379 12.204690 -1.350013
v 1.082488 12.198573 -1.388636
v 1.109648 12.180820 -1.423479
v 1.131204 12.153169 -1.451130
v 1.145043 12.118326 -1.468883
v 1.149812 12.079690 -1.475001
v 1.145043 12.041054 -1.468883
v 1.131204 12.006212 -1.451130
v 1.109649 11.978561 -1.423479
v 1.082488 11.960808 -1.388636
v 1.052380 11.954690 -1.350013
v 1.032882 11.954690 -1.325001
v 1.032882 11.929682 -1.325001
v 1.030890 11.910273 -1.322445
v 1.025050 11.892186 -1.314953
v 1.015759 11.876655 -1.303036
v 1.003652 11.864737 -1.287504
v 0.989553 11.857245 -1.269418
v 0.974423 11.854690 -1.250008
v 0.954928 11.854690 -1.225001
v 0.954928 11.829682 -1.225001
v 0.952936 11.810273 -1.222445
v 0.947096 11.792187 -1.214953
v 0.937806 11.776655 -1.203036
v 0.925699 11.764737 -1.187504
v 0.911600 11.757245 -1.169418
v 0.896469 11.754690 -1.150008
v 0.876975 11.754690 -1.125000
v 0.876975 10.852121 -1.125000
v 1.125000 6.989164 0.891461
v 1.125000 6.315932 0.891461
v 1.161840 6.315932 0.920654
v 1.178187 6.313780 0.933607
v 1.193420 6.307470 0.945678
v 1.206501 6.297433 0.956043
v 1.216538 6.284352 0.963997
v 1.222848 6.269119 0.968997
v 1.225000 6.252772 0.970702
v 1.225000 6.198084 0.970702
v 1.261840 6.198084 0.999895
v 1.278187 6.195931 1.012848
v 1.293420 6.189622 1.024919
v 1.306501 6.179585 1.035284
v 1.316539 6.166504 1.043238
v 1.322848 6.151271 1.048238
v 1.325000 6.134924 1.049943
v 1.325000 6.113862 1.049943
v 1.352382 6.113862 1.071641
v 1.371177 6.111388 1.086535
v 1.388691 6.104133 1.100413
v 1.403731 6.092593 1.112330
v 1.415271 6.077553 1.121475
v 1.422526 6.060039 1.127223
v 1.425000 6.041245 1.129184
v 1.425000 5.968612 1.129184
v 1.440014 5.968612 1.141081
v 1.474951 5.964012 1.168766
v 1.507507 5.950527 1.194563
v 1.535464 5.929075 1.216717
v 1.556916 5.901119 1.233715
v 1.570401 5.868563 1.244401
v 1.575000 5.833625 1.248046
v 1.575000 5.803598 1.248046
v 1.570401 5.768661 1.244401
v 1.556916 5.736105 1.233715
v 1.535463 5.708148 1.216717
v 1.507507 5.686697 1.194563
v 1.474951 5.673211 1.168766
v 1.440014 5.668612 1.141081
v 1.425000 5.668612 1.129184
v 1.325000 5.668612 1.049943
v 1.225000 5.668612 0.970702
v 1.125000 5.668612 0.891461
v 1.125000 5.328612 0.622042
v 1.000000 5.328612 0.622042
v 1.000000 5.228612 0.542801
v 0.950000 5.228612 0.542801
v 0.950000 1.514394 0.542801
v 1.000000 1.514394 0.542801
v 1.000000 1.414394 0.622042
v 1.125000 1.414394 0.622042
v 1.125000 1.074394 0.891462
v 1.225000 1.074394 0.970703
v 1.225000 1.005961 0.970703
v 1.323298 1.005939 1.048594
v 1.344560 1.003619 1.065443
v 1.366393 0.996241 1.082744
v 1.385999 0.984151 1.098279
v 1.402388 0.967964 1.111266
v 1.414731 0.948502 1.121047
v 1.422399 0.926762 1.127124
v 1.425000 0.903858 1.129184
v 1.425000 0.866349 1.129184
v 1.422425 0.843488 1.127144
v 1.414826 0.821774 1.121123
v 1.402587 0.802294 1.111424
v 1.386320 0.786028 1.098534
v 1.366841 0.773788 1.083099
v 1.345127 0.766190 1.065892
v 1.322266 0.763614 1.047777
v 1.325000 0.761167 1.049944
v 1.425000 0.761167 1.129184
v 1.425000 0.684495 1.129184
v 1.435014 0.684495 1.137120
v 1.466164 0.680985 1.161803
v 1.495752 0.670632 1.185249
v 1.522294 0.653955 1.206281
v 1.544460 0.631789 1.223845
v 1.561137 0.605247 1.237061
v 1.571491 0.575659 1.245265
v 1.575000 0.544509 1.248046
v 1.575000 0.404688 1.248046
v 1.725000 0.404688 1.366908
v 1.725000 -0.095312 1.366908
v 1.575000 -0.095312 1.248046
v 1.425000 -0.095312 1.129184
v 1.325000 -0.095312 1.049944
v 1.225000 -0.095312 0.970703
v 1.125000 -0.095312 0.891462
v 0.976918 -0.095312 0.891462
v 0.876975 -0.095312 0.891462
v -0.972934 -0.095312 0.891462
v -1.125000 -0.095312 0.891462
v -1.225000 -0.095312 0.970703
v -1.325000 -0.095312 1.049944
v -1.425000 -0.095312 1.129184
v -1.575000 -0.095312 1.248046
v -1.725000 -0.095312 1.366908
v -1.725000 0.404688 1.366908
v -1.575000 0.404688 1.248046
v -1.575000 0.544509 1.248046
v -1.571491 0.575659 1.245265
v -1.561137 0.605247 1.237061
v -1.544460 0.631789 1.223845
v -1.522294 0.653955 1.206281
v -1.495752 0.670632 1.185249
v -1.466164 0.680985 1.161803
v -1.435014 0.684495 1.137120
v -1.425000 0.684495 1.129184
v -1.425000 0.761167 1.129184
v -1.325000 0.761167 1.049944
v -1.322266 0.763614 1.047777
v -1.345127 0.766190 1.065892
v -1.366841 0.773788 1.083098
v -1.386320 0.786028 1.098534
v -1.402587 0.802294 1.111424
v -1.414826 0.821774 1.121123
v -1.422425 0.843488 1.127144
v -1.425000 0.866349 1.129184
v -1.425000 0.903858 1.129184
v -1.422399 0.926762 1.127124
v -1.414731 0.948502 1.121047
v -1.402388 0.967964 1.111266
v -1.385999 0.984151 1.098279
v -1.366393 0.996241 1.082744
v -1.344560 1.003619 1.065443
v -1.323298 1.005939 1.048594
v -1.225000 1.005961 0.970703
v -1.225000 1.074393 0.970703
v -1.125000 1.074393 0.891462
v -1.125000 1.414394 0.622042
v -1.000000 1.414394 0.622042
v -1.000000 1.514394 0.542801
v -0.950000 1.514394 0.542801
v -0.950000 5.228612 0.542801
v -1.000000 5.228612 0.542801
v -1.000000 5.328612 0.622042
v -1.125000 5.328612 0.622042
v -1.125000 5.668612 0.891461
v -1.225000 5.668612 0.970702
v -1.325000 5.668612 1.049943
v -1.425000 5.668612 1.129184
v -1.440014 5.668612 1.141081
v -1.474951 5.673211 1.168766
v -1.507507 5.686697 1.194563
v -1.535464 5.708148 1.216716
v -1.556916 5.736105 1.233715
v -1.570401 5.768661 1.244401
v -1.575000 5.803598 1.248046
v -1.575000 5.833625 1.248046
v -1.570401 5.868563 1.244401
v -1.556916 5.901119 1.233715
v -1.535464 5.929075 1.216716
v -1.507507 5.950527 1.194563
v -1.474951 5.964012 1.168766
v -1.440014 5.968612 1.141081
v -1.425000 5.968612 1.129184
v -1.425000 6.041245 1.129184
v -1.422526 6.060040 1.127223
v -1.415271 6.077554 1.121475
v -1.403731 6.092593 1.112330
v -1.388692 6.104134 1.100413
v -1.371177 6.111388 1.086534
v -1.352383 6.113862 1.071641
v -1.325000 6.113862 1.049943
v -1.325000 6.134924 1.049943
v -1.322848 6.151271 1.048238
v -1.316539 6.166504 1.043238
v -1.306501 6.179585 1.035284
v -1.293420 6.189622 1.024919
v -1.278187 6.195931 1.012848
v -1.261840 6.198084 0.999895
v -1.225000 6.198084 0.970702
v -1.225000 6.252772 0.970702
v -1.222848 6.269119 0.968997
v -1.216538 6.284352 0.963997
v -1.206501 6.297433 0.956043
v -1.193420 6.307470 0.945678
v -1.178187 6.313780 0.933607
v -1.161840 6.315932 0.920654
v -1.125000 6.315932 0.891461
v -1.125000 6.989164 0.891461
v -1.125000 10.852121 0.891461
v -1.125000 11.754690 0.891461
v -1.150008 11.754690 0.911277
v -1.169418 11.757246 0.926657
v -1.187504 11.764737 0.940990
v -1.203036 11.776655 0.953297
v -1.214953 11.792187 0.962740
v -1.222445 11.810273 0.968677
v -1.225000 11.829682 0.970702
v -1.225000 11.854691 0.970702
v -1.250008 11.854691 0.990518
v -1.269418 11.857246 1.005898
v -1.287504 11.864738 1.020231
v -1.303036 11.876655 1.032538
v -1.314953 11.892186 1.041981
v -1.322445 11.910273 1.047918
v -1.325000 11.929682 1.049943
v -1.325000 11.954690 1.049943
v -1.350013 11.954690 1.069763
v -1.388636 11.960808 1.100369
v -1.423479 11.978560 1.127978
v -1.451130 12.006212 1.149889
v -1.468883 12.041055 1.163957
v -1.475000 12.079690 1.168804
v -1.468883 12.118326 1.163957
v -1.451130 12.153169 1.149889
v -1.423479 12.180820 1.127978
v -1.388636 12.198573 1.100368
v -1.350013 12.204690 1.069763
v -1.325000 12.204690 1.049943
v -1.325000 12.229698 1.049943
v -1.322445 12.249107 1.047918
v -1.314953 12.267194 1.041981
v -1.303036 12.282725 1.032538
v -1.287504 12.294643 1.020231
v -1.269418 12.302135 1.005898
v -1.250008 12.304690 0.990518
v -1.225000 12.304690 0.970702
v -1.225000 12.329698 0.970702
v -1.222445 12.349108 0.968677
v -1.214953 12.367194 0.962740
v -1.203036 12.382726 0.953297
v -1.187504 12.394644 0.940989
v -1.169418 12.402135 0.926657
v -1.150008 12.404691 0.911277
v -1.125000 12.404691 0.891461
v -1.125000 13.167267 0.891461
v -1.225000 13.167267 0.970702
v -1.225000 13.230211 0.970702
v -1.250015 13.230211 0.990524
v -1.283390 13.233973 1.016970
v -1.315091 13.245066 1.042091
v -1.343529 13.262934 1.064625
v -1.367278 13.286682 1.083444
v -1.385147 13.315121 1.097604
v -1.396240 13.346823 1.106394
v -1.400000 13.380198 1.109373
v -1.640460 13.730213 1.299916
v -1.700000 13.730213 1.347096
v -1.700000 13.830213 1.347096
v -1.800000 13.830213 1.426337
v -1.800000 13.975224 1.426337
v -1.800000 14.157291 1.426337
v -1.800000 14.407291 1.426337
v -1.800000 14.571201 1.426337
v -1.700000 14.571201 1.347096
v -1.400000 14.571201 1.109373
v -1.225000 14.571201 0.970702
v -1.125000 14.571201 0.891461
v -0.972934 14.571201 0.891461
v 0.876975 14.571201 0.891461
v 0.976918 14.571201 0.891461
v 1.125000 14.571201 0.891461
v 1.225000 14.571201 0.970702
v 1.400000 14.571201 1.109373
v 1.700000 14.571201 1.347096
v 1.800000 14.571201 1.426337
v 1.800000 14.407291 1.426337
v 1.800000 14.157291 1.426337
v 1.800000 13.975224 1.426337
v 1.800000 13.830213 1.426337
v 1.700000 13.830213 1.347096
v 1.700000 13.730211 1.347096
v 1.640460 13.730211 1.299916
v 1.400000 13.380198 1.109373
v 1.396240 13.346823 1.106394
v 1.385147 13.315121 1.097604
v 1.367278 13.286682 1.083444
v 1.343529 13.262934 1.064625
v 1.315091 13.245066 1.042091
v 1.283390 13.233973 1.016970
v 1.250015 13.230211 0.990524
v 1.225000 13.230211 0.970702
v 1.225000 13.167267 0.970702
v 1.125000 13.167267 0.891461
v 1.125000 12.404690 0.891461
v 1.150008 12.404690 0.911277
v 1.169417 12.402135 0.926657
v 1.187504 12.394643 0.940989
v 1.203035 12.382726 0.953297
v 1.214953 12.367194 0.962740
v 1.222445 12.349108 0.968677
v 1.225000 12.329699 0.970702
v 1.225000 12.304690 0.970702
v 1.250008 12.304690 0.990518
v 1.269417 12.302135 1.005898
v 1.287504 12.294643 1.020231
v 1.303035 12.282725 1.032538
v 1.314953 12.267194 1.041981
v 1.322445 12.249107 1.047918
v 1.325000 12.229698 1.049943
v 1.325000 12.204690 1.049943
v 1.350013 12.204690 1.069763
v 1.388636 12.198573 1.100368
v 1.423478 12.180820 1.127978
v 1.451130 12.153169 1.149889
v 1.468883 12.118326 1.163957
v 1.475000 12.079691 1.168804
v 1.468883 12.041055 1.163957
v 1.451130 12.006212 1.149889
v 1.423479 11.978561 1.127978
v 1.388636 11.960808 1.100369
v 1.350013 11.954690 1.069763
v 1.325000 11.954690 1.049943
v 1.325000 11.929682 1.049943
v 1.322445 11.910273 1.047918
v 1.314953 11.892186 1.041981
v 1.303036 11.876655 1.032538
v 1.287504 11.864738 1.020231
v 1.269418 11.857245 1.005898
v 1.250008 11.854691 0.990518
v 1.225000 11.854691 0.970702
v 1.225000 11.829682 0.970702
v 1.222445 11.810273 0.968677
v 1.214953 11.792187 0.962740
v 1.203036 11.776655 0.953297
v 1.187504 11.764737 0.940990
v 1.169418 11.757246 0.926657
v 1.150008 11.754690 0.911277
v 1.125000 11.754690 0.891461
v 1.125000 10.852121 0.891461
v -0.880950 6.989164 1.125000
v -0.880950 6.315932 1.125000
v -0.909798 6.315932 1.161840
v -0.922599 6.313780 1.178187
v -0.934528 6.307470 1.193420
v -0.944771 6.297433 1.206501
v -0.952631 6.284352 1.216539
v -0.957572 6.269119 1.222848
v -0.959257 6.252772 1.225000
v -0.959257 6.198084 1.225000
v -0.988105 6.198084 1.261840
v -1.000906 6.195931 1.278187
v -1.012834 6.189622 1.293420
v -1.023077 6.179585 1.306501
v -1.030937 6.166504 1.316539
v -1.035878 6.151271 1.322848
v -1.037563 6.134924 1.325000
v -1.037563 6.113862 1.325000
v -1.059006 6.113862 1.352383
v -1.073723 6.111388 1.371178
v -1.087438 6.104134 1.388692
v -1.099215 6.092593 1.403731
v -1.108252 6.077553 1.415272
v -1.113933 6.060040 1.422526
v -1.115870 6.041245 1.425000
v -1.115870 5.968612 1.425001
v -1.127627 5.968612 1.440014
v -1.154985 5.964013 1.474951
v -1.180478 5.950527 1.507507
v -1.202370 5.929075 1.535464
v -1.219169 5.901119 1.556916
v -1.229728 5.868563 1.570401
v -1.233330 5.833625 1.575001
v -1.233330 5.803598 1.575001
v -1.229728 5.768661 1.570401
v -1.219168 5.736105 1.556916
v -1.202370 5.708148 1.535464
v -1.180478 5.686697 1.507507
v -1.154985 5.673211 1.474951
v -1.127627 5.668612 1.440014
v -1.115870 5.668612 1.425001
v -1.037563 5.668612 1.325001
v -0.959257 5.668612 1.225001
v -0.880950 5.668612 1.125000
v -0.614707 5.328612 1.125000
v -0.614707 5.328612 1.000000
v -0.536401 5.228612 1.000000
v -0.536401 5.228612 0.950000
v -0.536401 1.514394 0.950001
v -0.536401 1.514394 1.000001
v -0.614707 1.414394 1.000001
v -0.614707 1.414394 1.125001
v -0.880950 1.074394 1.125001
v -0.959257 1.074394 1.225001
v -0.959257 1.005961 1.225001
v -1.036230 1.005939 1.323298
v -1.052880 1.003619 1.344560
v -1.069977 0.996241 1.366394
v -1.085329 0.984151 1.386000
v -1.098163 0.967964 1.402389
v -1.107829 0.948502 1.414732
v -1.113833 0.926762 1.422400
v -1.115870 0.903858 1.425001
v -1.115870 0.866349 1.425001
v -1.113853 0.843488 1.422425
v -1.107903 0.821774 1.414827
v -1.098319 0.802294 1.402588
v -1.085581 0.786028 1.386320
v -1.070327 0.773788 1.366841
v -1.053324 0.766190 1.345127
v -1.035422 0.763614 1.322267
v -1.037563 0.761167 1.325001
v -1.115870 0.761167 1.425001
v -1.115870 0.684495 1.425001
v -1.123712 0.684495 1.435015
v -1.148104 0.680985 1.466165
v -1.171273 0.670632 1.495753
v -1.192058 0.653955 1.522295
v -1.209415 0.631789 1.544460
v -1.222474 0.605247 1.561138
v -1.230582 0.575659 1.571491
v -1.233330 0.544509 1.575001
v -1.233330 0.404688 1.575001
v -1.350790 0.404688 1.725001
v -1.350790 -0.095312 1.725001
v -1.233330 -0.095312 1.575001
v -1.115870 -0.095312 1.425001
v -1.037563 -0.095312 1.325001
v -0.959257 -0.095312 1.225001
v -0.880950 -0.095312 1.125001
v -0.880950 -0.095312 0.966993
v -0.880950 -0.095312 0.891462
v -0.880950 -0.095312 -0.915659
v -0.880950 -0.095312 -0.994012
v -0.880950 -0.095312 -1.125000
v -0.959257 -0.095312 -1.225000
v -1.037563 -0.095312 -1.325000
v -1.115870 -0.095312 -1.425000
v -1.233330 -0.095312 -1.575000
v -1.350790 -0.095312 -1.725000
v -1.350790 0.404688 -1.725000
v -1.233330 0.404688 -1.575000
v -1.233330 0.544509 -1.575000
v -1.230582 0.575659 -1.571490
v -1.222474 0.605247 -1.561137
v -1.209415 0.631789 -1.544459
v -1.192058 0.653955 -1.522294
v -1.171273 0.670632 -1.495751
v -1.148104 0.680985 -1.466164
v -1.123712 0.684495 -1.435014
v -1.115870 0.684495 -1.425000
v -1.115870 0.761167 -1.425000
v -1.037563 0.761167 -1.325000
v -1.035422 0.763614 -1.322265
v -1.053324 0.766190 -1.345126
v -1.070327 0.773788 -1.366840
v -1.085581 0.786028 -1.386319
v -1.098319 0.802294 -1.402586
v -1.107903 0.821774 -1.414826
v -1.113853 0.843488 -1.422424
v -1.115870 0.866349 -1.425000
v -1.115870 0.903858 -1.425000
v -1.113833 0.926762 -1.422399
v -1.107829 0.948503 -1.414730
v -1.098163 0.967964 -1.402387
v -1.085329 0.984152 -1.385998
v -1.069977 0.996241 -1.366392
v -1.052880 1.003620 -1.344559
v -1.036230 1.005939 -1.323297
v -0.959257 1.005961 -1.225000
v -0.959257 1.074394 -1.225000
v -0.880950 1.074394 -1.125000
v -0.614707 1.414394 -1.125000
v -0.614707 1.414394 -1.000000
v -0.536401 1.514394 -1.000000
v -0.536401 1.514394 -0.950000
v -0.536401 5.228612 -0.950000
v -0.536401 5.228612 -1.000000
v -0.614707 5.328612 -1.000000
v -0.614707 5.328612 -1.125000
v -0.880950 5.668612 -1.125000
v -0.959257 5.668612 -1.225000
v -1.037564 5.668612 -1.325000
v -1.115870 5.668612 -1.425000
v -1.127627 5.668612 -1.440014
v -1.154985 5.673211 -1.474951
v -1.180479 5.686697 -1.507507
v -1.202370 5.708148 -1.535463
v -1.219169 5.736105 -1.556915
v -1.229729 5.768661 -1.570401
v -1.233330 5.803598 -1.575000
v -1.233330 5.833625 -1.575000
v -1.229728 5.868563 -1.570401
v -1.219169 5.901119 -1.556915
v -1.202371 5.929075 -1.535463
v -1.180479 5.950527 -1.507507
v -1.154985 5.964013 -1.474951
v -1.127627 5.968612 -1.440014
v -1.115870 5.968612 -1.425000
v -1.115870 6.041245 -1.425000
v -1.113933 6.060040 -1.422526
v -1.108252 6.077554 -1.415271
v -1.099215 6.092593 -1.403731
v -1.087438 6.104134 -1.388691
v -1.073723 6.111388 -1.371177
v -1.059006 6.113863 -1.352382
v -1.037564 6.113863 -1.325000
v -1.037564 6.134924 -1.325000
v -1.035878 6.151271 -1.322848
v -1.030937 6.166504 -1.316538
v -1.023077 6.179585 -1.306501
v -1.012834 6.189623 -1.293420
v -1.000906 6.195932 -1.278187
v -0.988105 6.198084 -1.261840
v -0.959257 6.198084 -1.225000
v -0.959257 6.252772 -1.225000
v -0.957572 6.269119 -1.222848
v -0.952631 6.284352 -1.216538
v -0.944771 6.297433 -1.206501
v -0.934528 6.307470 -1.193420
v -0.922599 6.313780 -1.178187
v -0.909798 6.315932 -1.161840
v -0.880950 6.315932 -1.125000
v -0.880950 6.989164 -1.125000
v -0.880950 10.852121 -1.125000
v -0.880950 11.754690 -1.125000
v -0.900533 11.754690 -1.150008
v -0.915732 11.757246 -1.169418
v -0.929895 11.764737 -1.187504
v -0.942057 11.776655 -1.203036
v -0.951389 11.792187 -1.214953
v -0.957256 11.810273 -1.222445
v -0.959257 11.829682 -1.225001
v -0.959257 11.854691 -1.225001
v -0.978840 11.854690 -1.250008
v -0.994038 11.857245 -1.269418
v -1.008202 11.864738 -1.287504
v -1.020364 11.876655 -1.303036
v -1.029696 11.892186 -1.314953
v -1.035563 11.910273 -1.322445
v -1.037563 11.929682 -1.325001
v -1.037563 11.954690 -1.325001
v -1.057150 11.954690 -1.350013
v -1.087395 11.960808 -1.388636
v -1.114679 11.978561 -1.423479
v -1.136331 12.006212 -1.451130
v -1.150233 12.041055 -1.468883
v -1.155024 12.079690 -1.475001
v -1.150233 12.118326 -1.468883
v -1.136331 12.153169 -1.451130
v -1.114679 12.180820 -1.423479
v -1.087395 12.198573 -1.388636
v -1.057150 12.204690 -1.350013
v -1.037564 12.204690 -1.325000
v -1.037564 12.229697 -1.325000
v -1.035563 12.249107 -1.322445
v -1.029696 12.267194 -1.314953
v -1.020364 12.282725 -1.303036
v -1.008202 12.294642 -1.287504
v -0.994038 12.302135 -1.269418
v -0.978840 12.304689 -1.250008
v -0.959257 12.304689 -1.225000
v -0.959257 12.329698 -1.225000
v -0.957256 12.349107 -1.222445
v -0.951389 12.367193 -1.214954
v -0.942057 12.382726 -1.203036
v -0.929895 12.394643 -1.187504
v -0.915732 12.402134 -1.169418
v -0.900533 12.404690 -1.150008
v -0.880950 12.404690 -1.125000
v -0.880950 13.167267 -1.125000
v -0.959257 13.167267 -1.225001
v -0.959257 13.230211 -1.225001
v -0.978845 13.230211 -1.250015
v -1.004980 13.233973 -1.283390
v -1.029804 13.245065 -1.315091
v -1.052073 13.262934 -1.343530
v -1.070670 13.286682 -1.367279
v -1.084663 13.315121 -1.385147
v -1.093349 13.346823 -1.396240
v -1.096294 13.380198 -1.400001
v -1.284590 13.730212 -1.640461
v -1.331214 13.730212 -1.700001
v -1.331213 13.830213 -1.700001
v -1.409520 13.830213 -1.800001
v -1.409520 13.975225 -1.800001
v -1.409520 14.157292 -1.800001
v -1.409520 14.407293 -1.800001
v -1.409520 14.571201 -1.800001
v -1.331213 14.571201 -1.700001
v -1.096294 14.571201 -1.400001
v -0.959257 14.571201 -1.225001
v -0.880950 14.571201 -1.125001
v -0.880950 14.571201 -0.994013
v -0.880950 14.571201 -0.915660
v -0.880950 14.571201 0.891461
v -0.880950 14.571201 0.966992
v -0.880950 14.571201 1.125000
v -0.959257 14.571201 1.225000
v -1.096294 14.571201 1.400000
v -1.331213 14.571201 1.700000
v -1.409520 14.571201 1.800000
v -1.409520 14.407291 1.800000
v -1.409520 14.157291 1.800000
v -1.409520 13.975224 1.800000
v -1.409520 13.830213 1.800000
v -1.331213 13.830213 1.700000
v -1.331213 13.730213 1.700000
v -1.284590 13.730213 1.640460
v -1.096293 13.380198 1.400000
v -1.093349 13.346823 1.396240
v -1.084662 13.315121 1.385147
v -1.070670 13.286682 1.367278
v -1.052073 13.262934 1.343529
v -1.029804 13.245066 1.315091
v -1.004980 13.233973 1.283390
v -0.978845 13.230211 1.250015
v -0.959257 13.230211 1.225000
v -0.959257 13.167267 1.225000
v -0.880950 13.167267 1.125000
v -0.880950 12.404690 1.125000
v -0.900533 12.404690 1.150008
v -0.915732 12.402135 1.169417
v -0.929895 12.394643 1.187504
v -0.942057 12.382726 1.203035
v -0.951389 12.367194 1.214953
v -0.957256 12.349108 1.222445
v -0.959257 12.329698 1.225000
v -0.959257 12.304690 1.225000
v -0.978840 12.304690 1.250008
v -0.994038 12.302135 1.269417
v -1.008202 12.294643 1.287504
v -1.020364 12.282725 1.303035
v -1.029696 12.267194 1.314953
v -1.035563 12.249107 1.322445
v -1.037563 12.229698 1.325000
v -1.037563 12.204690 1.325000
v -1.057150 12.204690 1.350013
v -1.087395 12.198573 1.388636
v -1.114679 12.180820 1.423478
v -1.136331 12.153169 1.451130
v -1.150233 12.118326 1.468883
v -1.155024 12.079690 1.475000
v -1.150233 12.041055 1.468883
v -1.136331 12.006212 1.451130
v -1.114679 11.978561 1.423478
v -1.087395 11.960808 1.388636
v -1.057150 11.954690 1.350013
v -1.037563 11.954690 1.325000
v -1.037563 11.929683 1.325000
v -1.035563 11.910273 1.322445
v -1.029696 11.892186 1.314953
v -1.020364 11.876655 1.303035
v -1.008202 11.864738 1.287504
v -0.994038 11.857245 1.269417
v -0.978840 11.854691 1.250008
v -0.959257 11.854691 1.225000
v -0.959257 11.829682 1.225000
v -0.957256 11.810273 1.222445
v -0.951389 11.792187 1.214953
v -0.942057 11.776655 1.203035
v -0.929895 11.764737 1.187504
v -0.915732 11.757246 1.169417
v -0.900533 11.754690 1.150008
v -0.880950 11.754690 1.125000
v -0.880950 10.852121 1.125000
v -1.098343 5.328612 -0.785000
v -1.098343 5.328612 -0.693600
v -1.098343 5.328612 -0.638927
v -1.098343 5.328612 0.622042
v -1.098343 5.328612 0.674746
v -1.098343 5.328612 0.785000
v -1.098343 1.414394 0.785001
v -1.098343 1.414394 0.674747
v -1.098343 1.414394 0.622042
v -1.098343 1.414394 -0.638926
v -1.098343 1.414394 -0.693599
v -1.098343 1.414394 -0.785000
v -1.019751 5.328612 -0.785000
v -1.019751 5.328612 -0.693600
v -1.019751 5.328612 -0.638927
v -1.019751 5.328612 0.622042
v -1.019751 5.328612 0.674746
v -1.019751 5.328612 0.785000
v -1.019751 1.414394 0.785001
v -1.019751 1.414394 0.674747
v -1.019751 1.414394 0.622042
v -1.019751 1.414394 -0.638926
v -1.019751 1.414394 -0.693599
v -1.019751 1.414394 -0.785000
v -1.000000 5.307325 -0.763713
v -1.000000 5.307325 -0.674792
v -1.000000 5.307325 -0.621601
v -1.000000 5.307325 0.605174
v -1.000000 5.307325 0.656449
v -1.000000 5.307325 0.763714
v -1.000000 1.435680 0.763714
v -1.000000 1.435680 0.656450
v -1.000000 1.435680 0.605175
v -1.000000 1.435680 -0.621601
v -1.000000 1.435680 -0.674791
v -1.000000 1.435680 -0.763713
v -0.985723 5.228612 -0.685000
v -0.985723 5.228612 -0.605243
v -0.985723 5.228612 -0.557535
v -0.985723 5.228612 0.542801
v -0.985723 5.228612 0.588791
v -0.985723 5.228612 0.685000
v -0.985723 1.514394 0.685001
v -0.985723 1.514394 0.588792
v -0.985723 1.514394 0.542801
v -0.985723 1.514394 -0.557534
v -0.985723 1.514394 -0.605243
v -0.985723 1.514394 -0.685000
v -0.958035 5.228612 -0.685000
v -0.958035 5.228612 -0.605243
v -0.958035 5.228612 -0.557535
v -0.958035 5.228612 0.542801
v -0.958035 5.228612 0.588791
v -0.958035 5.228612 0.685000
v -0.958035 1.514394 0.685001
v -0.958035 1.514394 0.588792
v -0.958035 1.514394 0.542801
v -0.958035 1.514394 -0.557534
v -0.958035 1.514394 -0.605243
v -0.958035 1.514394 -0.685000
v -1.125000 5.346525 -0.802913
v -1.125000 5.346525 -0.709427
v -1.125000 5.346525 -0.653506
v -1.125000 5.346525 0.636237
v -1.125000 5.346525 0.690144
v -1.125000 5.346525 0.802914
v -1.125000 1.396480 0.802914
v -1.125000 1.396480 0.690144
v -1.125000 1.396480 0.636237
v -1.125000 1.396480 -0.653506
v -1.125000 1.396480 -0.709427
v -1.125000 1.396480 -0.802913
v -0.798977 5.342588 1.125000
v -0.690979 5.342588 1.125000
v -0.625652 5.342588 1.125000
v 0.622829 5.342588 1.125000
v 0.693808 5.342588 1.125000
v 0.798977 5.342588 1.125000
v 0.798976 1.400418 1.125001
v 0.693808 1.400418 1.125001
v 0.622829 1.400418 1.125001
v -0.625652 1.400418 1.125001
v -0.690979 1.400418 1.125001
v -0.798977 1.400418 1.125001
v -0.785000 5.328612 1.099841
v -0.678892 5.328612 1.099841
v -0.614707 5.328612 1.099841
v 0.611934 5.328612 1.099841
v 0.681671 5.328612 1.099841
v 0.785000 5.328612 1.099841
v 0.785000 1.414394 1.099842
v 0.681671 1.414394 1.099842
v 0.611933 1.414394 1.099842
v -0.614707 1.414394 1.099842
v -0.678892 1.414394 1.099842
v -0.785000 1.414394 1.099842
v -0.785000 5.328612 1.017045
v -0.678892 5.328612 1.017045
v -0.614707 5.328612 1.017045
v 0.611934 5.328612 1.017045
v 0.681671 5.328612 1.017045
v 0.785000 5.328612 1.017045
v 0.785000 1.414394 1.017045
v 0.681671 1.414394 1.017045
v 0.611933 1.414394 1.017045
v -0.614707 1.414394 1.017045
v -0.678892 1.414394 1.017045
v -0.785000 1.414394 1.017045
v -0.777120 5.320732 1.000000
v -0.672076 5.320732 1.000000
v -0.608537 5.320732 1.000000
v 0.605790 5.320732 1.000000
v 0.674828 5.320732 1.000000
v 0.777120 5.320732 1.000000
v 0.777120 1.422275 1.000001
v 0.674828 1.422275 1.000001
v 0.605790 1.422275 1.000001
v -0.608537 1.422275 1.000001
v -0.672077 1.422275 1.000001
v -0.777120 1.422275 1.000001
v -0.694776 5.238388 1.000000
v -0.600863 5.238388 1.000000
v -0.544056 5.238388 1.000000
v 0.541601 5.238388 1.000000
v 0.603323 5.238388 1.000000
v 0.694776 5.238388 1.000000
v 0.694776 1.504618 1.000001
v 0.603323 1.504618 1.000001
v 0.541601 1.504618 1.000001
v -0.544056 1.504618 1.000001
v -0.600863 1.504618 1.000001
v -0.694776 1.504618 1.000001
v -0.685000 5.228612 0.989562
v -0.592409 5.228612 0.989562
v -0.536401 5.228612 0.989562
v 0.533980 5.228611 0.989562
v 0.594834 5.228612 0.989562
v 0.685000 5.228612 0.989562
v 0.685000 1.514394 0.989563
v 0.594834 1.514394 0.989563
v 0.533980 1.514394 0.989563
v -0.536401 1.514394 0.989563
v -0.592409 1.514394 0.989563
v -0.685000 1.514394 0.989563
v -0.685000 5.228611 0.958200
v -0.592409 5.228611 0.958200
v -0.536401 5.228611 0.958200
v 0.533980 5.228611 0.958200
v 0.594834 5.228611 0.958200
v 0.685000 5.228611 0.958200
v 0.685000 1.514394 0.958201
v 0.594834 1.514394 0.958201
v 0.533980 1.514394 0.958201
v -0.536401 1.514394 0.958200
v -0.592409 1.514394 0.958201
v -0.685000 1.514394 0.958201
v 1.117031 5.328612 0.785000
v 1.117031 5.328612 0.674746
v 1.117031 5.328612 0.622042
v 1.117031 5.328612 -0.638927
v 1.117031 5.328612 -0.693600
v 1.117031 5.328612 -0.785000
v 1.117031 1.414394 -0.785000
v 1.117031 1.414394 -0.693599
v 1.117031 1.414394 -0.638926
v 1.117030 1.414394 0.622042
v 1.117030 1.414394 0.674747
v 1.117030 1.414394 0.785001
v 1.012130 5.328612 0.785000
v 1.012130 5.328612 0.674746
v 1.012130 5.328612 0.622042
v 1.012130 5.328612 -0.638927
v 1.012130 5.328612 -0.693600
v 1.012130 5.328612 -0.785000
v 1.012130 1.414394 -0.785000
v 1.012130 1.414394 -0.693599
v 1.012130 1.414394 -0.638926
v 1.012130 1.414394 0.622042
v 1.012130 1.414394 0.674747
v 1.012130 1.414394 0.785001
v 1.000000 5.325106 0.781495
v 1.000000 5.325107 0.671733
v 1.000000 5.325106 0.619264
v 1.000000 5.325106 -0.636073
v 1.000000 5.325107 -0.690502
v 1.000000 5.325106 -0.781494
v 1.000000 1.417900 -0.781494
v 1.000000 1.417900 -0.690502
v 1.000000 1.417900 -0.636073
v 1.000000 1.417900 0.619264
v 1.000000 1.417900 0.671733
v 1.000000 1.417900 0.781495
v 1.000000 5.232227 0.688616
v 1.000000 5.232227 0.591899
v 1.000000 5.232227 0.545666
v 1.000000 5.232227 -0.560477
v 1.000000 5.232227 -0.608437
v 1.000000 5.232227 -0.688615
v 1.000000 1.510778 -0.688615
v 1.000000 1.510778 -0.608437
v 1.000000 1.510778 -0.560477
v 1.000000 1.510778 0.545666
v 1.000000 1.510778 0.591899
v 1.000000 1.510778 0.688616
v 0.992504 5.228612 0.685000
v 0.992504 5.228612 0.588791
v 0.992504 5.228612 0.542801
v 0.992504 5.228612 -0.557535
v 0.992504 5.228612 -0.605243
v 0.992504 5.228612 -0.685000
v 0.992504 1.514394 -0.685000
v 0.992504 1.514394 -0.605243
v 0.992504 1.514394 -0.557534
v 0.992504 1.514394 0.542801
v 0.992504 1.514394 0.588792
v 0.992504 1.514394 0.685001
v 0.956575 5.228612 0.685000
v 0.956575 5.228612 0.588791
v 0.956575 5.228612 0.542801
v 0.956575 5.228612 -0.557535
v 0.956575 5.228612 -0.605243
v 0.956575 5.228612 -0.685000
v 0.956575 1.514394 -0.685000
v 0.956575 1.514394 -0.605243
v 0.956575 1.514394 -0.557534
v 0.956575 1.514394 0.542801
v 0.956575 1.514394 0.588792
v 0.956575 1.514394 0.685001
v 0.785000 5.328612 -1.112180
v 0.681671 5.328612 -1.112180
v 0.611934 5.328612 -1.112180
v -0.614707 5.328612 -1.112180
v -0.678892 5.328612 -1.112180
v -0.785000 5.328612 -1.112180
v -0.785000 1.414394 -1.112179
v -0.678892 1.414394 -1.112179
v -0.614707 1.414394 -1.112179
v 0.611934 1.414394 -1.112179
v 0.681671 1.414394 -1.112179
v 0.785000 1.414394 -1.112179
v 0.785000 5.328612 -1.023779
v 0.681671 5.328612 -1.023779
v 0.611934 5.328612 -1.023779
v -0.614707 5.328612 -1.023779
v -0.678892 5.328612 -1.023779
v -0.785000 5.328612 -1.023779
v -0.785000 1.414394 -1.023779
v -0.678892 1.414394 -1.023779
v -0.614707 1.414394 -1.023779
v 0.611934 1.414394 -1.023779
v 0.681671 1.414394 -1.023779
v 0.785000 1.414394 -1.023779
v 0.685000 5.228612 -0.986416
v 0.594834 5.228612 -0.986416
v 0.533980 5.228611 -0.986416
v -0.536401 5.228612 -0.986416
v -0.592409 5.228612 -0.986416
v -0.685000 5.228612 -0.986416
v -0.685000 1.514394 -0.986416
v -0.592409 1.514394 -0.986416
v -0.536401 1.514394 -0.986416
v 0.533980 1.514394 -0.986416
v 0.594834 1.514394 -0.986416
v 0.685000 1.514394 -0.986416
v 0.693622 5.237234 -1.000000
v 0.602321 5.237234 -1.000000
v 0.540701 5.237233 -1.000000
v -0.543152 5.237234 -1.000000
v -0.599865 5.237234 -1.000000
v -0.693622 5.237234 -1.000000
v -0.693622 1.505772 -1.000000
v -0.599865 1.505772 -1.000000
v -0.543152 1.505772 -1.000000
v 0.540701 1.505772 -1.000000
v 0.602321 1.505772 -1.000000
v 0.693622 1.505772 -1.000000
v 0.685000 5.228612 -0.955012
v 0.594834 5.228612 -0.955012
v 0.533980 5.228611 -0.955012
v -0.536401 5.228612 -0.955012
v -0.592409 5.228612 -0.955012
v -0.685000 5.228612 -0.955012
v -0.685000 1.514394 -0.955011
v -0.592409 1.514394 -0.955011
v -0.536401 1.514394 -0.955011
v 0.533980 1.514394 -0.955011
v 0.594834 1.514394 -0.955011
v 0.685000 1.514394 -0.955011
v 0.768118 5.311730 -1.000000
v 0.667012 5.311730 -1.000000
v 0.598774 5.311730 -1.000000
v -0.601488 5.311730 -1.000000
v -0.664292 5.311730 -1.000000
v -0.768118 5.311730 -1.000000
v -0.768118 1.431276 -0.999999
v -0.664292 1.431276 -1.000000
v -0.601488 1.431276 -0.999999
v 0.598774 1.431276 -1.000000
v 0.667011 1.431276 -1.000000
v 0.768118 1.431276 -0.999999
v 0.792618 5.336229 -1.125000
v 0.688286 5.336229 -1.125000
v 0.617872 5.336229 -1.125000
v -0.620673 5.336229 -1.125000
v -0.685480 5.336229 -1.125000
v -0.792618 5.336229 -1.125000
v -0.792618 1.406776 -1.125000
v -0.685480 1.406776 -1.125000
v -0.620673 1.406776 -1.125000
v 0.617872 1.406776 -1.125000
v 0.688286 1.406776 -1.125000
v 0.792618 1.406776 -1.125000
v 1.125000 5.314449 0.785000
v 1.125000 5.651989 1.125000
v 0.798977 5.328325 1.125000
v 0.785000 5.314449 1.125000
v 0.785000 5.314449 1.099841
v 0.785000 5.314449 1.017045
v 0.785000 5.314449 1.000000
v 0.777120 5.306626 1.000000
v 0.694776 5.224878 1.000000
v 0.685000 5.215173 1.000000
v 0.685000 5.215173 0.989562
v 0.685000 5.215173 0.958200
v 0.685000 5.215173 0.950000
v 0.594834 5.215173 0.950000
v 0.533980 5.215173 0.950000
v -0.536401 5.215173 0.950000
v -0.592409 5.215173 0.950000
v -0.685000 5.215173 0.950000
v -0.685000 5.215173 0.958200
v -0.685000 5.215173 0.989562
v -0.685000 5.215173 1.000000
v -0.694776 5.224878 1.000000
v -0.777120 5.306626 1.000000
v -0.785000 5.314449 1.000000
v -0.785000 5.314449 1.017045
v -0.785000 5.314449 1.099841
v -0.785000 5.314449 1.125000
v -0.798977 5.328325 1.125000
v -1.125000 5.651989 1.125000
v -1.125000 5.332233 0.802914
v -1.125000 5.314449 0.785000
v -1.098343 5.314449 0.785000
v -1.019751 5.314449 0.785000
v -1.000000 5.314449 0.785000
v -1.000000 5.293317 0.763714
v -1.000000 5.215173 0.685000
v -0.985723 5.215173 0.685000
v -0.958035 5.215173 0.685000
v -0.950000 5.215173 0.685000
v -0.950000 5.215173 0.588791
v -0.950000 5.215173 0.542801
v -0.950000 5.215173 -0.557535
v -0.950000 5.215173 -0.605243
v -0.950000 5.215173 -0.685000
v -0.958035 5.215173 -0.685000
v -0.985723 5.215173 -0.685000
v -1.000000 5.215173 -0.685000
v -1.000000 5.293317 -0.763713
v -1.000000 5.314449 -0.785000
v -1.019751 5.314449 -0.785000
v -1.098343 5.314449 -0.785000
v -1.125000 5.314449 -0.785000
v -1.125000 5.332233 -0.802913
v -1.125000 5.651989 -1.125000
v -0.792618 5.322012 -1.125000
v -0.785000 5.314449 -1.125000
v -0.785000 5.314449 -1.112180
v -0.785000 5.314449 -1.023779
v -0.785000 5.314449 -1.000000
v -0.768118 5.297689 -1.000000
v -0.693622 5.223732 -1.000000
v -0.685000 5.215173 -1.000000
v -0.685000 5.215173 -0.986416
v -0.685000 5.215173 -0.955012
v -0.685000 5.215173 -0.950000
v -0.592409 5.215173 -0.950000
v -0.536401 5.215173 -0.950000
v 0.533980 5.215173 -0.950000
v 0.594834 5.215173 -0.950000
v 0.685000 5.215173 -0.950000
v 0.685000 5.215173 -0.955012
v 0.685000 5.215173 -0.986416
v 0.685000 5.215173 -1.000000
v 0.693622 5.223732 -1.000000
v 0.768118 5.297689 -1.000000
v 0.785000 5.314449 -1.000000
v 0.785000 5.314449 -1.023779
v 0.785000 5.314449 -1.112180
v 0.785000 5.314449 -1.125000
v 0.792618 5.322012 -1.125000
v 1.125000 5.651989 -1.125000
v 1.125000 5.314449 -0.785000
v 1.117031 5.314449 -0.785000
v 1.012130 5.314449 -0.785000
v 1.000000 5.314449 -0.785000
v 1.000000 5.310969 -0.781494
v 1.000000 5.218762 -0.688615
v 1.000000 5.215173 -0.685000
v 0.992504 5.215173 -0.685000
v 0.956575 5.215173 -0.685000
v 0.950000 5.215173 -0.685000
v 0.950000 5.215173 -0.605243
v 0.950000 5.215173 -0.557535
v 0.950000 5.215173 0.542801
v 0.950000 5.215173 0.588791
v 0.950000 5.215173 0.685000
v 0.956575 5.215173 0.685000
v 0.992504 5.215173 0.685000
v 1.000000 5.215173 0.685000
v 1.000000 5.218762 0.688616
v 1.000000 5.310969 0.781495
v 1.000000 5.314449 0.785000
v 1.012130 5.314449 0.785000
v 1.117031 5.314449 0.785000
v 0.785000 1.452739 1.125001
v 0.785000 1.452739 1.099842
v 0.785000 1.452739 1.017045
v 0.785000 1.452739 1.000001
v 0.777120 1.460464 1.000001
v 0.694776 1.541194 1.000001
v 0.685000 1.550779 1.000001
v 0.685000 1.550779 0.989563
v 0.685000 1.550779 0.958201
v 0.685000 1.550779 0.950001
v 0.594834 1.550779 0.950001
v 0.533980 1.550779 0.950001
v -0.536401 1.550779 0.950001
v -0.592409 1.550779 0.950001
v -0.685000 1.550779 0.950001
v -0.685000 1.550779 0.958201
v -0.685000 1.550779 0.989563
v -0.685000 1.550779 1.000001
v -0.694776 1.541194 1.000001
v -0.777120 1.460464 1.000001
v -0.785000 1.452739 1.000001
v -0.785000 1.452739 1.017045
v -0.785000 1.452739 1.099842
v -0.785000 1.452739 1.125001
v -0.798977 1.439036 1.125001
v -1.125000 1.119400 1.125001
v -1.125000 1.435176 0.802914
v -1.125000 1.452739 0.785001
v -1.098343 1.452739 0.785001
v -1.019751 1.452739 0.785001
v -1.000000 1.452739 0.785001
v -1.000000 1.473608 0.763714
v -1.000000 1.550779 0.685001
v -0.985723 1.550779 0.685001
v -0.958035 1.550779 0.685001
v -0.950000 1.550779 0.685001
v -0.950000 1.550779 0.588792
v -0.950000 1.550779 0.542801
v -0.950000 1.550779 -0.557534
v -0.950000 1.550779 -0.605243
v -0.950000 1.550779 -0.685000
v -0.958035 1.550779 -0.685000
v -0.985723 1.550779 -0.685000
v -1.000000 1.550779 -0.685000
v -1.000000 1.473608 -0.763713
v -1.000000 1.452739 -0.785000
v -1.019751 1.452739 -0.785000
v -1.098343 1.452739 -0.785000
v -1.125000 1.452739 -0.785000
v -1.125000 1.435176 -0.802913
v -1.125000 1.119400 -1.125000
v -0.792618 1.445270 -1.125000
v -0.785000 1.452739 -1.125000
v -0.785000 1.452739 -1.112179
v -0.785000 1.452739 -1.023779
v -0.785000 1.452739 -1.000000
v -0.768118 1.469290 -0.999999
v -0.693622 1.542327 -1.000000
v -0.685000 1.550779 -1.000000
v -0.685000 1.550779 -0.986416
v -0.685000 1.550779 -0.955011
v -0.685000 1.550779 -0.950000
v -0.592409 1.550779 -0.950000
v -0.536401 1.550779 -0.950000
v 0.533980 1.550779 -0.950000
v 0.594834 1.550779 -0.950000
v 0.685000 1.550779 -0.950000
v 0.685000 1.550779 -0.955011
v 0.685000 1.550779 -0.986416
v 0.685000 1.550779 -1.000000
v 0.693622 1.542327 -1.000000
v 0.768118 1.469290 -0.999999
v 0.785000 1.452739 -1.000000
v 0.785000 1.452739 -1.023779
v 0.785000 1.452739 -1.112179
v 0.785000 1.452739 -1.125000
v 0.792618 1.445270 -1.125000
v 1.125000 1.119400 -1.125000
v 1.125000 1.452739 -0.785000
v 1.117031 1.452739 -0.785000
v 1.012130 1.452739 -0.785000
v 1.000000 1.452739 -0.785000
v 1.000000 1.456176 -0.781494
v 1.000000 1.547235 -0.688615
v 1.000000 1.550779 -0.685000
v 0.992504 1.550779 -0.685000
v 0.956575 1.550779 -0.685000
v 0.950000 1.550779 -0.685000
v 0.950000 1.550779 -0.605243
v 0.950000 1.550779 -0.557534
v 0.950000 1.550779 0.542801
v 0.950000 1.550779 0.588792
v 0.950000 1.550779 0.685001
v 0.956575 1.550779 0.685001
v 0.992504 1.550779 0.685001
v 1.000000 1.550779 0.685001
v 1.000000 1.547235 0.688616
v 1.000000 1.456176 0.781495
v 1.000000 1.452739 0.785001
v 1.012130 1.452739 0.785001
v 1.117030 1.452739 0.785001
v 1.125000 1.452739 0.785001
v 1.125000 1.119400 1.125001
v 0.798976 1.439036 1.125001
v 0.958756 5.647698 -1.125000
v 0.860672 5.647698 -1.125000
v -0.864573 5.647698 -1.125000
v -0.954847 5.647698 -1.125000
v -1.104086 5.647698 -1.125000
v -1.104086 5.631227 -1.125000
v -1.104086 1.139904 -1.125000
v -1.104086 1.095307 -1.125000
v -0.954847 1.095307 -1.125000
v -0.864573 1.095307 -1.125000
v 0.860672 1.095307 -1.125000
v 0.958756 1.095307 -1.125000
v 1.104086 1.095307 -1.125000
v 1.104086 1.139904 -1.125000
v 1.104086 5.631227 -1.125000
v 1.104086 5.647698 -1.125000
v 1.125000 5.630105 -1.102957
v 1.125000 1.141011 -1.102957
v 1.125000 1.096437 -1.102957
v 1.125000 1.096437 -0.974536
v 1.125000 1.096436 -0.897718
v 1.125000 1.096436 0.873995
v 1.125000 1.096437 0.948046
v 1.125000 1.096437 1.102958
v 1.125000 1.141011 1.102958
v 1.125000 5.630105 1.102958
v 1.125000 5.646569 1.102958
v 1.125000 5.646569 0.948046
v 1.125000 5.646569 0.873995
v 1.125000 5.646569 -0.897718
v 1.125000 5.646569 -0.974537
v 1.125000 5.646569 -1.102957
v 1.109039 5.636143 1.125000
v 1.109039 1.135048 1.125001
v 1.109039 1.090355 1.125001
v 0.963057 1.090355 1.125001
v 0.864532 1.090355 1.125001
v -0.868451 1.090355 1.125001
v -0.959130 1.090355 1.125001
v -1.109039 1.090355 1.125001
v -1.109039 1.135048 1.125001
v -1.109039 5.636143 1.125000
v -1.109039 5.652651 1.125000
v -0.959130 5.652651 1.125000
v -0.868451 5.652651 1.125000
v 0.864532 5.652651 1.125000
v 0.963057 5.652651 1.125000
v 1.109039 5.652651 1.125000
v -1.125000 5.641635 1.114571
v -1.125000 1.129624 1.114572
v -1.125000 1.084823 1.114572
v -1.125000 1.084823 0.958029
v -1.125000 1.084823 0.883198
v -1.125000 1.084823 -0.907170
v -1.125000 1.084823 -0.984797
v -1.125000 1.084823 -1.114571
v -1.125000 1.129624 -1.114571
v -1.125000 5.641635 -1.114571
v -1.125000 5.658183 -1.114571
v -1.125000 5.658183 -0.984798
v -1.125000 5.658183 -0.907171
v -1.125000 5.658182 0.883197
v -1.125000 5.658182 0.958029
v -1.125000 5.658183 1.114571
v 1.725000 0.376372 1.725001
v 1.497940 0.376372 1.725001
v 1.344695 0.376372 1.725001
v -1.350790 0.376372 1.725001
v -1.491832 0.376372 1.725001
v -1.725000 0.376372 1.725001
v -1.725000 0.376372 1.482723
v -1.725000 0.376372 1.366908
v -1.725000 0.376372 -1.404011
v -1.725000 0.376372 -1.524152
v -1.725000 0.376372 -1.725000
v -1.491832 0.376372 -1.725000
v -1.350790 0.376372 -1.725000
v 1.344695 0.376372 -1.725000
v 1.497940 0.376372 -1.725000
v 1.725000 0.376372 -1.725000
v 1.725000 0.376372 -1.524152
v 1.725000 0.376371 -1.404011
v 1.725000 0.376372 1.366908
v 1.725000 0.376372 1.482723
v 1.725000 -0.063940 1.725001
v 1.497940 -0.063940 1.725001
v 1.344695 -0.063940 1.725001
v -1.350790 -0.063940 1.725001
v -1.491832 -0.063940 1.725001
v -1.725000 -0.063940 1.725001
v -1.725000 -0.063940 1.482723
v -1.725000 -0.063940 1.366908
v -1.725000 -0.063940 -1.404011
v -1.725000 -0.063940 -1.524152
v -1.725000 -0.063940 -1.725000
v -1.491832 -0.063940 -1.725000
v -1.350790 -0.063940 -1.725000
v 1.344695 -0.063940 -1.725000
v 1.497940 -0.063940 -1.725000
v 1.725000 -0.063940 -1.725000
v 1.725000 -0.063940 -1.524152
v 1.725000 -0.063940 -1.404011
v 1.725000 -0.063940 1.366908
v 1.725000 -0.063940 1.482723
v 1.689526 0.404688 1.689526
v 1.689526 0.404688 1.452230
v 1.689526 0.404688 1.338797
v 1.689526 0.404687 -1.375137
v 1.689526 0.404688 -1.492808
v 1.689526 0.404688 -1.689525
v 1.467135 0.404688 -1.689525
v 1.317041 0.404688 -1.689525
v -1.323011 0.404688 -1.689525
v -1.461152 0.404688 -1.689525
v -1.689526 0.404688 -1.689525
v -1.689526 0.404688 -1.492808
v -1.689526 0.404688 -1.375137
v -1.689526 0.404688 1.338797
v -1.689526 0.404688 1.452230
v -1.689526 0.404688 1.689526
v -1.461152 0.404688 1.689526
v -1.323011 0.404688 1.689526
v 1.317041 0.404688 1.689526
v 1.467135 0.404688 1.689526
v 1.593954 0.404688 1.593955
v 1.593954 0.404688 1.370082
v 1.593954 0.404688 1.263065
v 1.593954 0.404687 -1.297349
v 1.593954 0.404688 -1.408364
v 1.593954 0.404688 -1.593953
v 1.384143 0.404688 -1.593953
v 1.242540 0.404688 -1.593953
v -1.248172 0.404688 -1.593953
v -1.378499 0.404688 -1.593953
v -1.593954 0.404688 -1.593953
v -1.593954 0.404688 -1.408364
v -1.593954 0.404688 -1.297349
v -1.593954 0.404688 1.263065
v -1.593954 0.404688 1.370082
v -1.593954 0.404688 1.593955
v -1.378499 0.404688 1.593955
v -1.248172 0.404688 1.593955
v 1.242540 0.404688 1.593955
v 1.384143 0.404688 1.593955
v 1.575000 0.426080 1.575001
v 1.367684 0.426080 1.575001
v 1.227765 0.426080 1.575001
v -1.233330 0.426080 1.575001
v -1.362108 0.426080 1.575001
v -1.575000 0.426080 1.575001
v -1.575000 0.426080 1.353790
v -1.575000 0.426080 1.248046
v -1.575000 0.426080 -1.281923
v -1.575000 0.426080 -1.391617
v -1.575000 0.426080 -1.575000
v -1.362108 0.426080 -1.575000
v -1.233330 0.426080 -1.575000
v 1.227765 0.426080 -1.575000
v 1.367684 0.426080 -1.575000
v 1.575000 0.426080 -1.575000
v 1.575000 0.426080 -1.391617
v 1.575000 0.426079 -1.281923
v 1.575000 0.426080 1.248046
v 1.575000 0.426080 1.353790
v 1.425000 0.749713 1.425001
v 1.237429 0.749713 1.425001
v 1.110835 0.749713 1.425001
v -1.115870 0.749713 1.425001
v -1.232383 0.749713 1.425001
v -1.425000 0.749713 1.425001
v -1.425000 0.749713 1.224858
v -1.425000 0.749713 1.129184
v -1.425000 0.749713 -1.159835
v -1.425000 0.749713 -1.259082
v -1.425000 0.749713 -1.425000
v -1.232383 0.749713 -1.425000
v -1.115870 0.749713 -1.425000
v 1.110835 0.749713 -1.425000
v 1.237429 0.749713 -1.425000
v 1.425000 0.749713 -1.425000
v 1.425000 0.749713 -1.259082
v 1.425000 0.749713 -1.159835
v 1.425000 0.749713 1.129184
v 1.425000 0.749713 1.224858
v 1.425000 0.693995 1.425001
v 1.237429 0.693995 1.425001
v 1.110835 0.693995 1.425001
v -1.115870 0.693995 1.425001
v -1.232383 0.693995 1.425001
v -1.425000 0.693995 1.425001
v -1.425000 0.693995 1.224858
v -1.425000 0.693995 1.129184
v -1.425000 0.693995 -1.159835
v -1.425000 0.693995 -1.259082
v -1.425000 0.693995 -1.425000
v -1.232383 0.693995 -1.425000
v -1.115870 0.693995 -1.425000
v 1.110835 0.693995 -1.425000
v 1.237429 0.693995 -1.425000
v 1.425000 0.693995 -1.425000
v 1.425000 0.693995 -1.259082
v 1.425000 0.693995 -1.159835
v 1.425000 0.693995 1.129184
v 1.425000 0.693995 1.224858
v 1.410562 0.761167 1.410563
v 1.410562 0.761167 1.212448
v 1.410562 0.761167 1.117743
v 1.410562 0.761167 -1.148083
v 1.410562 0.761167 -1.246325
v 1.410562 0.761167 -1.410561
v 1.224891 0.761167 -1.410561
v 1.099580 0.761167 -1.410561
v -1.104564 0.761167 -1.410561
v -1.219896 0.761167 -1.410561
v -1.410562 0.761167 -1.410561
v -1.410562 0.761167 -1.246325
v -1.410562 0.761167 -1.148083
v -1.410562 0.761167 1.117743
v -1.410562 0.761167 1.212448
v -1.410562 0.761167 1.410563
v -1.219896 0.761167 1.410563
v -1.104564 0.761167 1.410563
v 1.099580 0.761167 1.410563
v 1.224891 0.761167 1.410563
v 1.225000 1.018302 1.225001
v 1.063755 1.018302 1.225001
v 0.954928 1.018302 1.225001
v -0.959257 1.018302 1.225001
v -1.059417 1.018302 1.225001
v -1.225000 1.018302 1.225001
v -1.225000 1.018302 1.052948
v -1.225000 1.018302 0.970703
v -1.225000 1.018302 -0.997051
v -1.225000 1.018303 -1.082369
v -1.225000 1.018303 -1.225000
v -1.059417 1.018302 -1.225000
v -0.959257 1.018302 -1.225000
v 0.954928 1.018302 -1.225000
v 1.063755 1.018302 -1.225000
v 1.225000 1.018302 -1.225000
v 1.225000 1.018302 -1.082369
v 1.225000 1.018302 -0.997051
v 1.225000 1.018302 0.970703
v 1.225000 1.018302 1.052948
v 1.207141 1.074394 1.207142
v 1.207141 1.074394 1.037598
v 1.207141 1.074394 0.956551
v 1.207142 1.074394 -0.982515
v 1.207142 1.074394 -1.066589
v 1.207142 1.074394 -1.207141
v 1.048247 1.074394 -1.207141
v 0.941007 1.074394 -1.207141
v -0.945273 1.074394 -1.207141
v -1.043972 1.074394 -1.207141
v -1.207142 1.074394 -1.207141
v -1.207142 1.074394 -1.066589
v -1.207142 1.074394 -0.982515
v -1.207142 1.074393 0.956551
v -1.207142 1.074393 1.037598
v -1.207142 1.074394 1.207142
v -1.043972 1.074394 1.207142
v -0.945272 1.074394 1.207142
v 0.941007 1.074394 1.207142
v 1.048246 1.074394 1.207142
v 1.137078 1.074394 1.137079
v 1.137078 1.074394 0.977375
v 1.137078 1.074394 0.901033
v 1.137078 1.074394 -0.925489
v 1.137078 1.074394 -1.004684
v 1.137078 1.074394 -1.137078
v 0.987406 1.074394 -1.137078
v 0.886390 1.074394 -1.137078
v -0.890408 1.074394 -1.137078
v -0.983380 1.074394 -1.137078
v -1.137079 1.074394 -1.137078
v -1.137079 1.074394 -1.004684
v -1.137079 1.074394 -0.925489
v -1.137079 1.074393 0.901033
v -1.137079 1.074393 0.977375
v -1.137078 1.074394 1.137079
v -0.983379 1.074394 1.137079
v -0.890408 1.074394 1.137079
v 0.886390 1.074394 1.137079
v 0.987406 1.074394 1.137079
v 1.225000 1.074394 1.205268
v 1.225000 1.018302 1.205268
v 1.225000 1.005961 1.205268
v 1.323298 1.005939 1.301982
v 1.344560 1.003619 1.322901
v 1.366393 0.996241 1.344383
v 1.385999 0.984151 1.363673
v 1.402388 0.967964 1.379798
v 1.414731 0.948502 1.391942
v 1.422399 0.926762 1.399487
v 1.425000 0.903858 1.402046
v 1.425000 0.866349 1.402046
v 1.422425 0.843488 1.399512
v 1.414827 0.821774 1.392036
v 1.402587 0.802294 1.379994
v 1.386320 0.786028 1.363989
v 1.366841 0.773788 1.344824
v 1.345127 0.766190 1.323459
v 1.322266 0.763614 1.300967
v 1.325000 0.761167 1.303657
v 1.410562 0.761167 1.387841
v 1.425000 0.761167 1.402046
v 1.425000 0.749713 1.402046
v 1.425000 0.693995 1.402046
v 1.425000 0.684495 1.402046
v 1.435014 0.684495 1.411899
v 1.466164 0.680985 1.442547
v 1.495752 0.670632 1.471658
v 1.522294 0.653955 1.497773
v 1.544460 0.631789 1.519581
v 1.561137 0.605247 1.535990
v 1.571491 0.575659 1.546177
v 1.575000 0.544509 1.549630
v 1.575000 0.426080 1.549630
v 1.575000 0.404688 1.549630
v 1.593954 0.404688 1.568278
v 1.689526 0.404688 1.662310
v 1.725000 0.404688 1.697214
v 1.725000 0.376372 1.697214
v 1.725000 -0.063940 1.697214
v 1.725000 -0.095312 1.697214
v 1.575000 -0.095312 1.549630
v 1.425000 -0.095312 1.402046
v 1.325000 -0.095312 1.303657
v 1.225000 -0.095312 1.205268
v 1.125000 -0.095312 1.106879
v 1.088617 -0.095312 1.125001
v 1.185383 -0.095312 1.225001
v 1.282149 -0.095312 1.325001
v 1.378915 -0.095312 1.425001
v 1.524064 -0.095312 1.575001
v 1.669213 -0.095312 1.725001
v 1.669213 -0.063940 1.725001
v 1.669213 0.376372 1.725001
v 1.669213 0.404688 1.725001
v 1.634886 0.404688 1.689526
v 1.542405 0.404688 1.593955
v 1.524064 0.404688 1.575001
v 1.524064 0.426080 1.575001
v 1.524064 0.544509 1.575001
v 1.520668 0.575659 1.571491
v 1.510649 0.605247 1.561138
v 1.494511 0.631789 1.544460
v 1.473062 0.653955 1.522295
v 1.447379 0.670632 1.495753
v 1.418748 0.680985 1.466165
v 1.388605 0.684495 1.435015
v 1.378915 0.684495 1.425001
v 1.378915 0.693995 1.425001
v 1.378915 0.749713 1.425001
v 1.378915 0.761167 1.425001
v 1.364944 0.761167 1.410563
v 1.282149 0.761167 1.325001
v 1.279503 0.763614 1.322267
v 1.301625 0.766190 1.345127
v 1.322636 0.773788 1.366841
v 1.341486 0.786028 1.386320
v 1.357227 0.802294 1.402588
v 1.369070 0.821774 1.414827
v 1.376423 0.843488 1.422425
v 1.378915 0.866349 1.425001
v 1.378915 0.903858 1.425001
v 1.376398 0.926762 1.422400
v 1.368978 0.948502 1.414731
v 1.357034 0.967964 1.402389
v 1.341175 0.984151 1.385999
v 1.322203 0.996241 1.366394
v 1.301076 1.003619 1.344560
v 1.280502 1.005939 1.323298
v 1.185383 1.005961 1.225001
v 1.185383 1.018302 1.225001
v 1.185383 1.074394 1.225001
v 1.168102 1.074394 1.207142
v 1.100305 1.074394 1.137079
v 1.088617 1.074394 1.125001
v 1.073172 1.090355 1.125001
v 0.773137 1.400418 1.125001
v 0.759613 1.414394 1.125001
v 0.759613 1.414394 1.099842
v 0.759613 1.414394 1.017045
v 0.759613 1.414394 1.000001
v 0.751987 1.422275 1.000001
v 0.672306 1.504619 1.000001
v 0.662847 1.514394 1.000001
v 0.662847 1.514394 0.989563
v 0.662847 1.514394 0.958200
v 0.662847 1.514394 0.950001
v 0.662847 1.550779 0.950001
v 0.662847 5.215173 0.950000
v 0.662847 5.228612 0.950000
v 0.662847 5.228611 0.958200
v 0.662847 5.228612 0.989562
v 0.662847 5.228612 1.000000
v 0.672306 5.238388 1.000000
v 0.751987 5.320732 1.000000
v 0.759613 5.328612 1.000000
v 0.759613 5.328612 1.017045
v 0.759613 5.328612 1.099841
v 0.759613 5.328612 1.125000
v 0.773137 5.342588 1.125000
v 1.073172 5.652651 1.125000
v 1.088617 5.668612 1.125000
v 1.185383 5.668612 1.225001
v 1.282149 5.668612 1.325001
v 1.378915 5.668612 1.425001
v 1.393443 5.668612 1.440014
v 1.427250 5.673211 1.474951
v 1.458754 5.686697 1.507507
v 1.485806 5.708148 1.535464
v 1.506564 5.736105 1.556916
v 1.519613 5.768661 1.570401
v 1.524064 5.803598 1.575001
v 1.524064 5.833625 1.575001
v 1.519613 5.868563 1.570401
v 1.506564 5.901119 1.556916
v 1.485806 5.929075 1.535464
v 1.458753 5.950527 1.507507
v 1.427250 5.964013 1.474951
v 1.393443 5.968612 1.440014
v 1.378915 5.968612 1.425001
v 1.378915 6.041244 1.425000
v 1.376521 6.060039 1.422526
v 1.369501 6.077553 1.415272
v 1.358334 6.092593 1.403731
v 1.343780 6.104133 1.388692
v 1.326833 6.111388 1.371178
v 1.308646 6.113862 1.352383
v 1.282149 6.113862 1.325000
v 1.282149 6.134924 1.325000
v 1.280067 6.151271 1.322848
v 1.273961 6.166504 1.316539
v 1.264248 6.179585 1.306501
v 1.251591 6.189622 1.293420
v 1.236850 6.195931 1.278187
v 1.221032 6.198084 1.261840
v 1.185383 6.198084 1.225000
v 1.185383 6.252772 1.225000
v 1.183301 6.269119 1.222848
v 1.177195 6.284352 1.216539
v 1.167482 6.297433 1.206501
v 1.154824 6.307470 1.193420
v 1.140084 6.313780 1.178187
v 1.124266 6.315932 1.161840
v 1.088617 6.315932 1.125000
v 1.088617 6.925444 1.125000
v 1.125000 6.914378 1.106878
v 1.125000 6.315932 1.106878
v 1.161840 6.315932 1.143125
v 1.178187 6.313780 1.159209
v 1.193420 6.307470 1.174196
v 1.206501 6.297433 1.187066
v 1.216538 6.284352 1.196942
v 1.222848 6.269119 1.203150
v 1.225000 6.252772 1.205268
v 1.225000 6.198084 1.205268
v 1.261840 6.198084 1.241514
v 1.278187 6.195931 1.257598
v 1.293420 6.189622 1.272585
v 1.306501 6.179585 1.285455
v 1.316538 6.166504 1.295331
v 1.322848 6.151271 1.301539
v 1.325000 6.134924 1.303657
v 1.325000 6.113862 1.303657
v 1.352382 6.113862 1.330598
v 1.371177 6.111388 1.349090
v 1.388691 6.104133 1.366322
v 1.403731 6.092593 1.381119
v 1.415271 6.077553 1.392474
v 1.422526 6.060039 1.399611
v 1.425000 6.041245 1.402046
v 1.425000 5.968612 1.402046
v 1.440014 5.968612 1.416818
v 1.474951 5.964012 1.451192
v 1.507507 5.950527 1.483224
v 1.535463 5.929075 1.510730
v 1.556916 5.901119 1.531836
v 1.570401 5.868563 1.545104
v 1.575000 5.833625 1.549630
v 1.575000 5.803598 1.549630
v 1.570401 5.768661 1.545104
v 1.556916 5.736105 1.531836
v 1.535463 5.708148 1.510730
v 1.507507 5.686697 1.483224
v 1.474951 5.673211 1.451192
v 1.440014 5.668612 1.416818
v 1.425000 5.668612 1.402046
v 1.325000 5.668612 1.303657
v 1.225000 5.668612 1.205268
v 1.125000 5.668612 1.106878
v 1.125000 5.646569 1.085191
v 1.125000 5.328612 0.772355
v 1.117031 5.328612 0.772355
v 1.012130 5.328612 0.772355
v 1.000000 5.328612 0.772355
v 1.000000 5.325106 0.768906
v 1.000000 5.232227 0.677523
v 1.000000 5.228612 0.673966
v 0.992504 5.228612 0.673966
v 0.956575 5.228612 0.673966
v 0.950000 5.228612 0.673966
v 0.950000 5.215173 0.673966
v 0.950000 1.550779 0.673966
v 0.950000 1.514394 0.673966
v 0.956575 1.514394 0.673966
v 0.992504 1.514394 0.673966
v 1.000000 1.514394 0.673966
v 1.000000 1.510778 0.677523
v 1.000000 1.417900 0.768906
v 1.000000 1.414394 0.772356
v 1.012130 1.414394 0.772356
v 1.117030 1.414394 0.772356
v 1.125000 1.414394 0.772356
v 1.125000 1.096437 1.085191
v 1.125000 1.074394 1.106879
v 1.137078 1.074394 1.118762
v 1.207141 1.074394 1.187697
v 1.095852 -0.095312 1.115940
v 1.225000 1.074394 -1.202311
v 1.225000 1.018302 -1.202311
v 1.225000 1.005961 -1.202311
v 1.323298 1.005939 -1.298788
v 1.344560 1.003619 -1.319656
v 1.366393 0.996241 -1.341085
v 1.385999 0.984151 -1.360328
v 1.402388 0.967964 -1.376413
v 1.414731 0.948502 -1.388528
v 1.422399 0.926762 -1.396054
v 1.425000 0.903858 -1.398607
v 1.425000 0.866349 -1.398607
v 1.422425 0.843488 -1.396079
v 1.414827 0.821774 -1.388622
v 1.402587 0.802294 -1.376609
v 1.386320 0.786028 -1.360643
v 1.366841 0.773788 -1.341524
v 1.345127 0.766190 -1.320212
v 1.322266 0.763614 -1.297776
v 1.325000 0.761167 -1.300459
v 1.410562 0.761167 -1.384436
v 1.425000 0.761167 -1.398607
v 1.425000 0.749713 -1.398607
v 1.425000 0.693995 -1.398607
v 1.425000 0.684495 -1.398607
v 1.435014 0.684495 -1.408435
v 1.466164 0.680985 -1.439008
v 1.495752 0.670632 -1.468048
v 1.522294 0.653955 -1.494099
v 1.544460 0.631789 -1.515854
v 1.561137 0.605247 -1.532223
v 1.571491 0.575659 -1.542384
v 1.575000 0.544509 -1.545829
v 1.575000 0.426080 -1.545829
v 1.575000 0.404688 -1.545829
v 1.593954 0.404688 -1.564431
v 1.689526 0.404688 -1.658233
v 1.725000 0.404688 -1.693051
v 1.725000 0.376372 -1.693051
v 1.725000 -0.063940 -1.693051
v 1.725000 -0.095312 -1.693051
v 1.575000 -0.095312 -1.545829
v 1.425000 -0.095312 -1.398607
v 1.325000 -0.095312 -1.300459
v 1.225000 -0.095312 -1.202311
v 1.125000 -0.095312 -1.104163
v 1.083018 -0.095312 -1.125000
v 1.179286 -0.095312 -1.225000
v 1.275554 -0.095312 -1.325000
v 1.371822 -0.095312 -1.425000
v 1.516225 -0.095312 -1.575000
v 1.660627 -0.095312 -1.725000
v 1.660627 -0.063940 -1.725000
v 1.660627 0.376372 -1.725000
v 1.660627 0.404688 -1.725000
v 1.626476 0.404688 -1.689525
v 1.534471 0.404688 -1.593953
v 1.516225 0.404688 -1.575000
v 1.516225 0.426080 -1.575000
v 1.516225 0.544509 -1.575000
v 1.512846 0.575659 -1.571490
v 1.502879 0.605247 -1.561137
v 1.486824 0.631789 -1.544459
v 1.465485 0.653955 -1.522294
v 1.439934 0.670632 -1.495751
v 1.411450 0.680985 -1.466164
v 1.381463 0.684495 -1.435014
v 1.371822 0.684495 -1.425000
v 1.371822 0.693995 -1.425000
v 1.371822 0.749713 -1.425000
v 1.371822 0.761167 -1.425000
v 1.357923 0.761167 -1.410561
v 1.275554 0.761167 -1.325000
v 1.272922 0.763614 -1.322265
v 1.294929 0.766190 -1.345126
v 1.315833 0.773788 -1.366840
v 1.334585 0.786028 -1.386319
v 1.350245 0.802294 -1.402586
v 1.362028 0.821774 -1.414826
v 1.369343 0.843488 -1.422424
v 1.371822 0.866349 -1.425000
v 1.371822 0.903858 -1.425000
v 1.369318 0.926762 -1.422399
v 1.361936 0.948502 -1.414730
v 1.350054 0.967964 -1.402387
v 1.334276 0.984151 -1.385998
v 1.315402 0.996241 -1.366392
v 1.294384 1.003619 -1.344559
v 1.273915 1.005939 -1.323297
v 1.179286 1.005961 -1.225000
v 1.179286 1.018302 -1.225000
v 1.179286 1.074395 -1.225000
v 1.162094 1.074394 -1.207141
v 1.094645 1.074394 -1.137078
v 1.083018 1.074394 -1.125000
v 1.062884 1.095307 -1.125000
v 0.763039 1.406776 -1.125000
v 0.755706 1.414394 -1.125000
v 0.755706 1.414394 -1.112179
v 0.755706 1.414394 -1.023779
v 0.755706 1.414394 -1.000000
v 0.739454 1.431276 -0.999999
v 0.667737 1.505772 -1.000000
v 0.659437 1.514394 -1.000000
v 0.659437 1.514394 -0.986416
v 0.659437 1.514394 -0.955011
v 0.659437 1.514394 -0.950000
v 0.659437 1.550779 -0.950000
v 0.659437 5.215173 -0.950000
v 0.659437 5.228612 -0.950000
v 0.659437 5.228612 -0.955012
v 0.659437 5.228612 -0.986416
v 0.659437 5.228612 -1.000000
v 0.667737 5.237234 -1.000000
v 0.739454 5.311730 -1.000000
v 0.755706 5.328612 -1.000000
v 0.755706 5.328612 -1.023779
v 0.755706 5.328612 -1.112180
v 0.755706 5.328612 -1.125000
v 0.763039 5.336229 -1.125000
v 1.062884 5.647698 -1.125000
v 1.083018 5.668612 -1.125000
v 1.179286 5.668612 -1.225000
v 1.275554 5.668612 -1.325000
v 1.371822 5.668612 -1.425000
v 1.386276 5.668612 -1.440014
v 1.419909 5.673211 -1.474951
v 1.451250 5.686697 -1.507507
v 1.478163 5.708148 -1.535463
v 1.498815 5.736105 -1.556915
v 1.511797 5.768661 -1.570401
v 1.516225 5.803598 -1.575000
v 1.516225 5.833625 -1.575000
v 1.511797 5.868563 -1.570401
v 1.498815 5.901119 -1.556915
v 1.478163 5.929075 -1.535463
v 1.451250 5.950527 -1.507507
v 1.419909 5.964013 -1.474951
v 1.386276 5.968612 -1.440014
v 1.371822 5.968612 -1.425000
v 1.371822 6.041245 -1.425000
v 1.369440 6.060040 -1.422526
v 1.362457 6.077553 -1.415271
v 1.351347 6.092593 -1.403731
v 1.336869 6.104134 -1.388691
v 1.320008 6.111388 -1.371177
v 1.301915 6.113863 -1.352383
v 1.275554 6.113863 -1.325000
v 1.275554 6.134924 -1.325000
v 1.273482 6.151271 -1.322848
v 1.267408 6.166504 -1.316538
v 1.257745 6.179585 -1.306501
v 1.245153 6.189623 -1.293420
v 1.230488 6.195932 -1.278187
v 1.214751 6.198084 -1.261840
v 1.179286 6.198084 -1.225000
v 1.179286 6.252772 -1.225000
v 1.177214 6.269119 -1.222848
v 1.171140 6.284352 -1.216538
v 1.161477 6.297433 -1.206501
v 1.148884 6.307470 -1.193420
v 1.134220 6.313780 -1.178187
v 1.118483 6.315932 -1.161840
v 1.083018 6.315932 -1.125000
v 1.083018 6.928638 -1.125000
v 1.125000 6.918127 -1.104164
v 1.125000 6.315932 -1.104164
v 1.161840 6.315932 -1.140321
v 1.178187 6.313780 -1.156366
v 1.193420 6.307470 -1.171317
v 1.206501 6.297433 -1.184155
v 1.216538 6.284352 -1.194007
v 1.222848 6.269119 -1.200199
v 1.225000 6.252772 -1.202312
v 1.225000 6.198084 -1.202312
v 1.261840 6.198084 -1.238469
v 1.278187 6.195932 -1.254514
v 1.293420 6.189623 -1.269464
v 1.306501 6.179585 -1.282303
v 1.316538 6.166504 -1.292154
v 1.322848 6.151271 -1.298347
v 1.325000 6.134924 -1.300460
v 1.325000 6.113863 -1.300460
v 1.352383 6.113863 -1.327335
v 1.371177 6.111388 -1.345781
v 1.388691 6.104134 -1.362971
v 1.403731 6.092593 -1.377732
v 1.415271 6.077553 -1.389059
v 1.422526 6.060039 -1.396179
v 1.425000 6.041245 -1.398607
v 1.425000 5.968612 -1.398607
v 1.440014 5.968612 -1.413343
v 1.474951 5.964012 -1.447633
v 1.507507 5.950527 -1.479586
v 1.535464 5.929075 -1.507025
v 1.556916 5.901119 -1.528079
v 1.570401 5.868563 -1.541315
v 1.575000 5.833625 -1.545829
v 1.575000 5.803598 -1.545829
v 1.570401 5.768661 -1.541315
v 1.556916 5.736105 -1.528079
v 1.535464 5.708148 -1.507025
v 1.507507 5.686697 -1.479586
v 1.474951 5.673211 -1.447633
v 1.440014 5.668612 -1.413343
v 1.425000 5.668612 -1.398607
v 1.325000 5.668612 -1.300460
v 1.225000 5.668612 -1.202312
v 1.125000 5.668612 -1.104164
v 1.125000 5.646569 -1.082529
v 1.125000 5.328612 -0.770461
v 1.117031 5.328612 -0.770461
v 1.012130 5.328612 -0.770461
v 1.000000 5.328612 -0.770461
v 1.000000 5.325106 -0.767020
v 1.000000 5.232227 -0.675861
v 1.000000 5.228612 -0.672313
v 0.992504 5.228612 -0.672313
v 0.956575 5.228612 -0.672313
v 0.950000 5.228612 -0.672313
v 0.950000 5.215173 -0.672313
v 0.950000 1.550779 -0.672312
v 0.950000 1.514394 -0.672312
v 0.956575 1.514394 -0.672312
v 0.992504 1.514394 -0.672312
v 1.000000 1.514394 -0.672312
v 1.000000 1.510778 -0.675861
v 1.000000 1.417900 -0.767020
v 1.000000 1.414394 -0.770460
v 1.012130 1.414394 -0.770460
v 1.117031 1.414394 -0.770460
v 1.125000 1.414394 -0.770460
v 1.125000 1.096437 -1.082529
v 1.125000 1.074394 -1.104163
v 1.137078 1.074394 -1.116018
v 1.207142 1.074395 -1.184783
v 1.093053 -0.095312 -1.114581
v -1.225001 1.074394 -1.207127
v -1.225000 1.018303 -1.207127
v -1.225000 1.005962 -1.207127
v -1.323298 1.005939 -1.303990
v -1.344560 1.003620 -1.324942
v -1.366393 0.996241 -1.346457
v -1.385999 0.984152 -1.365777
v -1.402388 0.967964 -1.381927
v -1.414731 0.948503 -1.394090
v -1.422399 0.926762 -1.401646
v -1.425000 0.903858 -1.404209
v -1.425000 0.866349 -1.404209
v -1.422425 0.843488 -1.401671
v -1.414826 0.821774 -1.394184
v -1.402587 0.802294 -1.382123
v -1.386320 0.786028 -1.366093
v -1.366841 0.773788 -1.346898
v -1.345127 0.766190 -1.325501
v -1.322266 0.763614 -1.302974
v -1.325000 0.761167 -1.305668
v -1.410562 0.761167 -1.389982
v -1.425000 0.761167 -1.404209
v -1.425000 0.749713 -1.404209
v -1.425000 0.693995 -1.404209
v -1.425000 0.684495 -1.404209
v -1.435014 0.684495 -1.414077
v -1.466164 0.680985 -1.444772
v -1.495752 0.670632 -1.473929
v -1.522294 0.653955 -1.500083
v -1.544460 0.631789 -1.521926
v -1.561137 0.605247 -1.538360
v -1.571491 0.575659 -1.548562
v -1.575000 0.544509 -1.552021
v -1.575000 0.426080 -1.552021
v -1.575000 0.404688 -1.552021
v -1.593954 0.404688 -1.570698
v -1.689526 0.404688 -1.664875
v -1.725000 0.404688 -1.699832
v -1.725000 0.376372 -1.699832
v -1.725000 -0.063940 -1.699832
v -1.725000 -0.095312 -1.699832
v -1.575000 -0.095312 -1.552021
v -1.425000 -0.095312 -1.404209
v -1.325000 -0.095312 -1.305668
v -1.225000 -0.095312 -1.207127
v -1.125000 -0.095312 -1.108586
v -1.090628 -0.095312 -1.125000
v -1.187572 -0.095312 -1.225000
v -1.284517 -0.095312 -1.325000
v -1.381462 -0.095312 -1.425000
v -1.526879 -0.095312 -1.575000
v -1.672296 -0.095312 -1.725000
v -1.672296 -0.063940 -1.725000
v -1.672296 0.376372 -1.725000
v -1.672296 0.404688 -1.725000
v -1.637905 0.404688 -1.689525
v -1.545253 0.404688 -1.593953
v -1.526879 0.404688 -1.575000
v -1.526879 0.426080 -1.575000
v -1.526879 0.544509 -1.575000
v -1.523476 0.575659 -1.571490
v -1.513439 0.605247 -1.561137
v -1.497271 0.631789 -1.544459
v -1.475783 0.653955 -1.522294
v -1.450052 0.670632 -1.495751
v -1.421368 0.680985 -1.466164
v -1.391170 0.684495 -1.435014
v -1.381462 0.684495 -1.425000
v -1.381462 0.693995 -1.425000
v -1.381462 0.749713 -1.425000
v -1.381462 0.761167 -1.425000
v -1.367465 0.761167 -1.410561
v -1.284517 0.761167 -1.325000
v -1.281866 0.763614 -1.322265
v -1.304028 0.766190 -1.345126
v -1.325079 0.773788 -1.366840
v -1.343963 0.786028 -1.386319
v -1.359733 0.802294 -1.402586
v -1.371599 0.821774 -1.414826
v -1.378965 0.843488 -1.422424
v -1.381462 0.866349 -1.425000
v -1.381462 0.903858 -1.425000
v -1.378940 0.926762 -1.422399
v -1.371506 0.948503 -1.414730
v -1.359540 0.967964 -1.402387
v -1.343652 0.984152 -1.385998
v -1.324645 0.996241 -1.366392
v -1.303479 1.003620 -1.344559
v -1.282866 1.005939 -1.323297
v -1.187572 1.005961 -1.225000
v -1.187572 1.018303 -1.225000
v -1.187573 1.074394 -1.225000
v -1.170260 1.074394 -1.207141
v -1.102337 1.074394 -1.137078
v -1.090628 1.074394 -1.125000
v -1.070353 1.095307 -1.125000
v -0.768401 1.406776 -1.125000
v -0.761016 1.414394 -1.125000
v -0.761016 1.414394 -1.112179
v -0.761016 1.414394 -1.023779
v -0.761016 1.414394 -1.000000
v -0.744650 1.431276 -0.999999
v -0.672429 1.505772 -1.000000
v -0.664071 1.514394 -1.000000
v -0.664071 1.514394 -0.986416
v -0.664071 1.514394 -0.955011
v -0.664071 1.514394 -0.950000
v -0.664071 1.550779 -0.950000
v -0.664071 5.215173 -0.950000
v -0.664071 5.228612 -0.950000
v -0.664071 5.228612 -0.955012
v -0.664071 5.228612 -0.986416
v -0.664071 5.228612 -1.000000
v -0.672429 5.237234 -1.000000
v -0.744650 5.311730 -1.000000
v -0.761016 5.328612 -1.000000
v -0.761016 5.328612 -1.023779
v -0.761016 5.328612 -1.112180
v -0.761016 5.328612 -1.125000
v -0.768401 5.336229 -1.125000
v -1.070353 5.647698 -1.125000
v -1.090628 5.668612 -1.125000
v -1.187573 5.668612 -1.225000
v -1.284517 5.668612 -1.325000
v -1.381462 5.668612 -1.425000
v -1.396017 5.668612 -1.440014
v -1.429886 5.673211 -1.474951
v -1.461448 5.686697 -1.507507
v -1.488550 5.708148 -1.535463
v -1.509347 5.736105 -1.556915
v -1.522420 5.768661 -1.570401
v -1.526879 5.803598 -1.575000
v -1.526879 5.833625 -1.575000
v -1.522420 5.868563 -1.570401
v -1.509347 5.901119 -1.556915
v -1.488550 5.929075 -1.535463
v -1.461448 5.950527 -1.507507
v -1.429886 5.964012 -1.474951
v -1.396017 5.968612 -1.440014
v -1.381462 5.968612 -1.425000
v -1.381462 6.041245 -1.425000
v -1.379063 6.060040 -1.422526
v -1.372030 6.077554 -1.415271
v -1.360842 6.092593 -1.403731
v -1.346262 6.104134 -1.388691
v -1.329283 6.111388 -1.371177
v -1.311063 6.113862 -1.352382
v -1.284517 6.113862 -1.325000
v -1.284517 6.134924 -1.325000
v -1.282431 6.151271 -1.322848
v -1.276314 6.166504 -1.316538
v -1.266583 6.179585 -1.306501
v -1.253902 6.189623 -1.293420
v -1.239134 6.195932 -1.278187
v -1.223287 6.198084 -1.261840
v -1.187573 6.198084 -1.225000
v -1.187573 6.252772 -1.225000
v -1.185486 6.269119 -1.222848
v -1.179369 6.284352 -1.216538
v -1.169639 6.297433 -1.206501
v -1.156958 6.307470 -1.193420
v -1.142190 6.313780 -1.178187
v -1.126342 6.315932 -1.161840
v -1.090628 6.315932 -1.125000
v -1.090628 6.923783 -1.125000
v -1.125000 6.915275 -1.108587
v -1.125000 6.315932 -1.108587
v -1.161840 6.315932 -1.144889
v -1.178187 6.313780 -1.160998
v -1.193421 6.307470 -1.176008
v -1.206501 6.297433 -1.188898
v -1.216539 6.284352 -1.198789
v -1.222848 6.269119 -1.205007
v -1.225001 6.252772 -1.207128
v -1.225000 6.198084 -1.207128
v -1.261840 6.198084 -1.243430
v -1.278187 6.195932 -1.259539
v -1.293420 6.189623 -1.274549
v -1.306501 6.179585 -1.287439
v -1.316539 6.166504 -1.297330
v -1.322848 6.151271 -1.303548
v -1.325000 6.134924 -1.305669
v -1.325000 6.113862 -1.305669
v -1.352383 6.113862 -1.332651
v -1.371177 6.111388 -1.351172
v -1.388691 6.104134 -1.368430
v -1.403731 6.092593 -1.383251
v -1.415272 6.077554 -1.394623
v -1.422526 6.060040 -1.401771
v -1.425000 6.041245 -1.404210
v -1.425001 5.968612 -1.404209
v -1.440014 5.968612 -1.419004
v -1.474951 5.964012 -1.453431
v -1.507507 5.950527 -1.485512
v -1.535464 5.929075 -1.513061
v -1.556916 5.901119 -1.534200
v -1.570401 5.868563 -1.547489
v -1.575001 5.833625 -1.552021
v -1.575001 5.803598 -1.552021
v -1.570401 5.768661 -1.547489
v -1.556916 5.736105 -1.534200
v -1.535464 5.708148 -1.513061
v -1.507507 5.686697 -1.485512
v -1.474951 5.673211 -1.453431
v -1.440014 5.668612 -1.419004
v -1.425000 5.668612 -1.404209
v -1.325000 5.668612 -1.305668
v -1.225000 5.668612 -1.207127
v -1.125000 5.668612 -1.108586
v -1.125000 5.658183 -1.098310
v -1.125000 5.346525 -0.791199
v -1.125000 5.328612 -0.773547
v -1.098343 5.328612 -0.773547
v -1.019751 5.328612 -0.773547
v -1.000000 5.328612 -0.773547
v -1.000000 5.307325 -0.752571
v -1.000000 5.228612 -0.675006
v -0.985723 5.228612 -0.675006
v -0.958035 5.228612 -0.675006
v -0.950000 5.228612 -0.675006
v -0.950000 5.215173 -0.675006
v -0.950000 1.550779 -0.675005
v -0.950000 1.514394 -0.675005
v -0.958035 1.514394 -0.675005
v -0.985723 1.514394 -0.675005
v -1.000000 1.514394 -0.675005
v -1.000000 1.435680 -0.752570
v -1.000000 1.414394 -0.773547
v -1.019751 1.414394 -0.773547
v -1.098343 1.414394 -0.773547
v -1.125000 1.414394 -0.773547
v -1.125000 1.396480 -0.791199
v -1.125000 1.084823 -1.098309
v -1.125000 1.074394 -1.108586
v -1.137079 1.074394 -1.120488
v -1.207142 1.074394 -1.189529
v -1.099058 -0.095312 -1.116793
v -1.425000 0.761167 1.402197
v -1.425000 0.749713 1.402197
v -1.425000 0.693995 1.402197
v -1.425000 0.684495 1.402197
v -1.435014 0.684495 1.412051
v -1.466164 0.680985 1.442702
v -1.495752 0.670632 1.471817
v -1.522294 0.653955 1.497934
v -1.544460 0.631789 1.519745
v -1.561137 0.605247 1.536156
v -1.571491 0.575659 1.546343
v -1.575000 0.544509 1.549797
v -1.575000 0.426080 1.549797
v -1.575000 0.404688 1.549797
v -1.593954 0.404688 1.568447
v -1.689526 0.404688 1.662490
v -1.725000 0.404688 1.697397
v -1.725000 0.376372 1.697397
v -1.725000 -0.063940 1.697397
v -1.725000 -0.095312 1.697397
v -1.575000 -0.095312 1.549797
v -1.425000 -0.095312 1.402197
v -1.325000 -0.095312 1.303797
v -1.225000 -0.095312 1.205398
v -1.125000 -0.095312 1.106998
v -1.092158 -0.095312 1.125001
v -1.189238 -0.095312 1.225001
v -1.286319 -0.095312 1.325001
v -1.383399 -0.095312 1.425001
v -1.529021 -0.095312 1.575001
v -1.674642 -0.095312 1.725001
v -1.674642 -0.063940 1.725001
v -1.674642 0.376372 1.725001
v -1.674642 0.404688 1.725001
v -1.640203 0.404688 1.689526
v -1.547421 0.404688 1.593955
v -1.529021 0.404688 1.575001
v -1.529021 0.426080 1.575001
v -1.529021 0.544509 1.575001
v -1.525613 0.575659 1.571491
v -1.515562 0.605247 1.561138
v -1.499372 0.631789 1.544460
v -1.477853 0.653955 1.522295
v -1.452086 0.670632 1.495753
v -1.423362 0.680985 1.466165
v -1.393121 0.684495 1.435015
v -1.383400 0.684495 1.425001
v -1.383400 0.693995 1.425001
v -1.383400 0.749713 1.425001
v -1.383400 0.761167 1.425001
v -1.369383 0.761167 1.410563
v -1.286319 0.761167 1.325001
v -1.283664 0.763614 1.322267
v -1.305858 0.766190 1.345127
v -1.326938 0.773788 1.366841
v -1.345848 0.786028 1.386320
v -1.361641 0.802294 1.402588
v -1.373523 0.821774 1.414827
v -1.380899 0.843488 1.422425
v -1.383400 0.866349 1.425001
v -1.383399 0.903858 1.425001
v -1.380875 0.926762 1.422400
v -1.373430 0.948502 1.414732
v -1.361447 0.967964 1.402389
v -1.345537 0.984151 1.385999
v -1.326503 0.996241 1.366394
v -1.305307 1.003619 1.344560
v -1.284666 1.005939 1.323298
v -1.189238 1.005961 1.225001
v -1.189238 1.018302 1.225001
v -1.189238 1.074394 1.225001
v -1.171901 1.074394 1.207142
v -1.103883 1.074394 1.137079
v -1.092158 1.074394 1.125001
v -1.076662 1.090355 1.125001
v -0.775652 1.400418 1.125001
v -0.762083 1.414394 1.125001
v -0.762083 1.414394 1.099842
v -0.762083 1.414394 1.017045
v -0.762083 1.414394 1.000001
v -0.754433 1.422275 1.000001
v -0.674493 1.504618 1.000001
v -0.665003 1.514394 1.000001
v -0.665003 1.514394 0.989563
v -0.665003 1.514394 0.958201
v -0.665003 1.514394 0.950001
v -0.665003 1.550779 0.950001
v -0.665003 5.215173 0.950000
v -0.665003 5.228612 0.950000
v -0.665003 5.228611 0.958200
v -0.665003 5.228612 0.989562
v -0.665003 5.228612 1.000000
v -0.674493 5.238388 1.000000
v -0.754433 5.320732 1.000000
v -0.762083 5.328612 1.000000
v -0.762083 5.328612 1.017045
v -0.762083 5.328612 1.099841
v -0.762083 5.328612 1.125000
v -0.775652 5.342588 1.125000
v -1.076662 5.652651 1.125000
v -1.092158 5.668612 1.125000
v -1.189238 5.668612 1.225001
v -1.286319 5.668612 1.325001
v -1.383399 5.668612 1.425001
v -1.397975 5.668612 1.440014
v -1.431892 5.673211 1.474951
v -1.463498 5.686697 1.507507
v -1.490638 5.708148 1.535464
v -1.511464 5.736105 1.556916
v -1.524555 5.768661 1.570401
v -1.529020 5.803598 1.575001
v -1.529021 5.833625 1.575001
v -1.524555 5.868563 1.570401
v -1.511464 5.901119 1.556916
v -1.490638 5.929075 1.535464
v -1.463498 5.950527 1.507507
v -1.431892 5.964012 1.474951
v -1.397975 5.968612 1.440014
v -1.383400 5.968612 1.425001
v -1.383399 6.041245 1.425000
v -1.380997 6.060040 1.422526
v -1.373955 6.077553 1.415272
v -1.362751 6.092593 1.403731
v -1.348151 6.104134 1.388692
v -1.331148 6.111388 1.371178
v -1.312902 6.113862 1.352383
v -1.286319 6.113862 1.325000
v -1.286319 6.134924 1.325000
v -1.284230 6.151271 1.322848
v -1.278104 6.166504 1.316539
v -1.268360 6.179585 1.306501
v -1.255661 6.189622 1.293420
v -1.240873 6.195931 1.278187
v -1.225003 6.198084 1.261840
v -1.189238 6.198084 1.225000
v -1.189238 6.252772 1.225000
v -1.187149 6.269119 1.222848
v -1.181023 6.284352 1.216539
v -1.171279 6.297433 1.206501
v -1.158580 6.307470 1.193420
v -1.143792 6.313780 1.178187
v -1.127922 6.315932 1.161840
v -1.092158 6.315932 1.125000
v -1.092158 6.922934 1.125000
v -1.125000 6.914314 1.106997
v -1.125000 6.315932 1.106997
v -1.161840 6.315932 1.143248
v -1.178187 6.313780 1.159333
v -1.193420 6.307470 1.174323
v -1.206501 6.297433 1.187194
v -1.216538 6.284352 1.197071
v -1.222848 6.269119 1.203279
v -1.225000 6.252772 1.205397
v -1.225000 6.198084 1.205397
v -1.261840 6.198084 1.241648
v -1.278187 6.195931 1.257733
v -1.293420 6.189622 1.272722
v -1.306501 6.179585 1.285594
v -1.316538 6.166504 1.295471
v -1.322848 6.151271 1.301679
v -1.325000 6.134924 1.303797
v -1.325000 6.113862 1.303797
v -1.352382 6.113862 1.330741
v -1.371177 6.111388 1.349235
v -1.388691 6.104134 1.366469
v -1.403731 6.092593 1.381268
v -1.415271 6.077553 1.392624
v -1.422526 6.060040 1.399762
v -1.425000 6.041245 1.402197
v -1.425000 5.968612 1.402197
v -1.440014 5.968612 1.416970
v -1.474951 5.964012 1.451348
v -1.507507 5.950527 1.483383
v -1.535464 5.929075 1.510893
v -1.556916 5.901119 1.532001
v -1.570401 5.868563 1.545271
v -1.575000 5.833625 1.549797
v -1.575000 5.803598 1.549796
v -1.570401 5.768661 1.545271
v -1.556916 5.736105 1.532001
v -1.535464 5.708148 1.510893
v -1.507507 5.686697 1.483383
v -1.474951 5.673211 1.451348
v -1.440014 5.668612 1.416970
v -1.425000 5.668612 1.402197
v -1.325000 5.668612 1.303797
v -1.225000 5.668612 1.205397
v -1.125000 5.668612 1.106998
v -1.125000 5.658183 1.096735
v -1.125000 5.346525 0.790065
v -1.125000 5.328612 0.772438
v -1.098343 5.328612 0.772438
v -1.019751 5.328612 0.772438
v -1.000000 5.328612 0.772438
v -1.000000 5.307325 0.751493
v -1.000000 5.228612 0.674039
v -0.985723 5.228612 0.674039
v -0.958035 5.228612 0.674039
v -0.950000 5.228612 0.674039
v -0.950000 5.215173 0.674039
v -0.950000 1.550779 0.674039
v -0.950000 1.514394 0.674039
v -0.958035 1.514394 0.674039
v -0.985723 1.514394 0.674039
v -1.000000 1.514394 0.674039
v -1.000000 1.435680 0.751493
v -1.000000 1.414394 0.772439
v -1.019751 1.414394 0.772439
v -1.098343 1.414394 0.772439
v -1.125000 1.414394 0.772439
v -1.125000 1.396480 0.790065
v -1.125000 1.084823 1.096736
v -1.125000 1.074394 1.106998
v -1.137078 1.074394 1.118883
v -1.207142 1.074394 1.187825
v -1.225000 1.074394 1.205398
v -1.225000 1.018302 1.205398
v -1.225000 1.005961 1.205398
v -1.323298 1.005939 1.302122
v -1.344560 1.003619 1.323044
v -1.366393 0.996241 1.344528
v -1.385999 0.984151 1.363820
v -1.402388 0.967964 1.379947
v -1.414731 0.948502 1.392092
v -1.422399 0.926762 1.399638
v -1.425000 0.903858 1.402197
v -1.425000 0.866349 1.402197
v -1.422424 0.843488 1.399663
v -1.414826 0.821774 1.392186
v -1.402587 0.802294 1.380143
v -1.386320 0.786028 1.364136
v -1.366841 0.773788 1.344968
v -1.345127 0.766190 1.323602
v -1.322266 0.763614 1.301107
v -1.325000 0.761167 1.303797
v -1.410562 0.761167 1.387990
v -1.099823 -0.095312 1.115999
v -0.979479 10.849691 -1.117276
v -0.978629 6.991618 -1.116289
v -1.115939 6.991100 -0.998816
v -1.116629 10.850251 -0.999618
v -1.116629 10.987294 -1.117276
v -1.093013 6.928077 -1.116289
v -1.115939 6.918829 -1.110879
v -1.115939 6.915340 -1.116289
v 1.115983 6.991148 -0.998912
v 1.116697 10.850213 -0.999719
v 0.982551 6.991577 -1.116276
v 0.983399 10.849754 -1.117235
v 1.116697 10.987089 -1.117235
v 1.115983 6.915460 -1.116276
v 1.115983 6.921760 -1.106507
v 1.085439 6.932883 -1.116276
v 1.116067 6.991409 0.972326
v 1.116966 10.849808 0.973168
v 0.982687 10.850054 1.116702
v 0.981864 6.991191 1.115931
v 1.090704 6.929102 1.115931
v 1.116067 6.918341 1.108997
v 1.116966 10.988400 1.116702
v 1.116067 6.914634 1.115931
v -0.977942 6.991225 1.115941
v -0.978769 10.849998 1.116737
v -1.116892 10.849853 0.973068
v -1.116020 6.991353 0.972229
v -1.116892 10.988576 1.116737
v -1.116020 6.914521 1.115941
v -1.116020 6.918194 1.109072
v -1.094214 6.926635 1.115941
v 1.201471 13.167267 -1.201472
v 1.201471 13.167267 -1.061581
v 1.201471 13.167267 -0.977901
v 1.201471 13.167267 0.952057
v 1.201471 13.167267 1.032723
v 1.201471 13.167267 1.201471
v 1.043323 13.167267 1.201471
v 0.936587 13.167267 1.201471
v -0.940832 13.167267 1.201471
v -1.039069 13.167267 1.201471
v -1.201472 13.167267 1.201471
v -1.201472 13.167267 1.032723
v -1.201472 13.167267 0.952057
v -1.201472 13.167267 -0.977901
v -1.201472 13.167267 -1.061581
v -1.201472 13.167267 -1.201472
v -1.039069 13.167267 -1.201472
v -0.940832 13.167267 -1.201472
v 0.936587 13.167266 -1.201472
v 1.043323 13.167266 -1.201472
v 1.225000 13.176718 -1.225001
v 1.063754 13.176717 -1.225001
v 0.954928 13.176717 -1.225001
v -0.959257 13.176718 -1.225001
v -1.059417 13.176718 -1.225001
v -1.225000 13.176718 -1.225001
v -1.225000 13.176718 -1.082370
v -1.225000 13.176718 -0.997052
v -1.225000 13.176718 0.970702
v -1.225000 13.176718 1.052947
v -1.225000 13.176718 1.225000
v -1.059417 13.176718 1.225000
v -0.959257 13.176718 1.225000
v 0.954928 13.176718 1.225000
v 1.063754 13.176718 1.225000
v 1.225000 13.176718 1.225000
v 1.225000 13.176718 1.052947
v 1.225000 13.176718 0.970702
v 1.225000 13.176718 -0.997052
v 1.225000 13.176718 -1.082370
v 1.688850 13.730211 -1.688851
v 1.688850 13.730211 -1.492212
v 1.688850 13.730211 -1.374588
v 1.688850 13.730211 1.338261
v 1.688850 13.730211 1.451649
v 1.688850 13.730211 1.688850
v 1.466548 13.730211 1.688850
v 1.316515 13.730211 1.688850
v -1.322482 13.730213 1.688850
v -1.460569 13.730213 1.688850
v -1.688850 13.730213 1.688850
v -1.688850 13.730213 1.451649
v -1.688850 13.730213 1.338261
v -1.688851 13.730212 -1.374588
v -1.688851 13.730212 -1.492212
v -1.688851 13.730212 -1.688851
v -1.460569 13.730212 -1.688851
v -1.322483 13.730212 -1.688851
v 1.316515 13.730211 -1.688851
v 1.466549 13.730211 -1.688851
v 1.700000 13.744339 -1.700001
v 1.700000 13.744339 -1.502064
v 1.700000 13.744339 -1.383663
v 1.700000 13.744339 1.347096
v 1.700000 13.744339 1.461233
v 1.700000 13.744339 1.700000
v 1.476231 13.744339 1.700000
v 1.325206 13.744339 1.700000
v -1.331213 13.744339 1.700000
v -1.470211 13.744339 1.700000
v -1.700000 13.744339 1.700000
v -1.700000 13.744339 1.461233
v -1.700000 13.744339 1.347096
v -1.700001 13.744339 -1.383663
v -1.700001 13.744339 -1.502064
v -1.700001 13.744339 -1.700001
v -1.470212 13.744339 -1.700001
v -1.331214 13.744339 -1.700001
v 1.325207 13.744339 -1.700001
v 1.476231 13.744339 -1.700001
v 1.700000 13.811002 -1.700001
v 1.700000 13.811002 -1.502064
v 1.700000 13.811002 -1.383663
v 1.700000 13.811002 1.347096
v 1.700000 13.811002 1.461233
v 1.700000 13.811002 1.700000
v 1.476231 13.811002 1.700000
v 1.325206 13.811002 1.700000
v -1.331213 13.811003 1.700000
v -1.470211 13.811002 1.700000
v -1.700000 13.811002 1.700000
v -1.700000 13.811003 1.461233
v -1.700000 13.811002 1.347096
v -1.700000 13.811002 -1.383663
v -1.700000 13.811002 -1.502064
v -1.700000 13.811002 -1.700001
v -1.470211 13.811002 -1.700001
v -1.331213 13.811002 -1.700001
v 1.325207 13.811002 -1.700001
v 1.476231 13.811002 -1.700001
v 1.708207 13.830213 -1.708207
v 1.708207 13.830213 -1.509315
v 1.708207 13.830213 -1.390343
v 1.708207 13.830213 1.353599
v 1.708207 13.830213 1.468287
v 1.708207 13.830213 1.708207
v 1.483357 13.830213 1.708207
v 1.331604 13.830213 1.708207
v -1.337640 13.830213 1.708207
v -1.477309 13.830213 1.708207
v -1.708207 13.830213 1.708207
v -1.708207 13.830213 1.468287
v -1.708207 13.830213 1.353599
v -1.708207 13.830213 -1.390343
v -1.708207 13.830213 -1.509315
v -1.708207 13.830213 -1.708207
v -1.477309 13.830213 -1.708207
v -1.337640 13.830213 -1.708207
v 1.331604 13.830213 -1.708207
v 1.483357 13.830213 -1.708207
v 1.784628 13.830213 -1.784628
v 1.784628 13.830213 -1.576838
v 1.784628 13.830213 -1.452543
v 1.784628 13.830213 1.414156
v 1.784628 13.830213 1.533974
v 1.784628 13.830213 1.784627
v 1.549718 13.830213 1.784627
v 1.391176 13.830213 1.784627
v -1.397482 13.830213 1.784627
v -1.543400 13.830213 1.784627
v -1.784628 13.830213 1.784627
v -1.784628 13.830213 1.533974
v -1.784628 13.830213 1.414156
v -1.784628 13.830213 -1.452543
v -1.784628 13.830213 -1.576838
v -1.784628 13.830213 -1.784628
v -1.543400 13.830213 -1.784628
v -1.397482 13.830213 -1.784628
v 1.391176 13.830213 -1.784628
v 1.549719 13.830213 -1.784628
v 1.800000 13.840219 -1.800001
v 1.800000 13.840219 -1.590421
v 1.800000 13.840219 -1.465055
v 1.800000 13.840219 1.426337
v 1.800000 13.840219 1.547188
v 1.800000 13.840219 1.800000
v 1.563068 13.840219 1.800000
v 1.403160 13.840219 1.800000
v -1.409520 13.840219 1.800000
v -1.556694 13.840219 1.800000
v -1.800000 13.840219 1.800000
v -1.800000 13.840219 1.547188
v -1.800000 13.840219 1.426337
v -1.800000 13.840219 -1.465055
v -1.800000 13.840219 -1.590421
v -1.800000 13.840219 -1.800001
v -1.556694 13.840219 -1.800001
v -1.409520 13.840219 -1.800001
v 1.403160 13.840219 -1.800001
v 1.563068 13.840219 -1.800001
v 1.800000 14.545959 -1.800001
v 1.563068 14.545959 -1.800001
v 1.403160 14.545959 -1.800001
v -1.409520 14.545959 -1.800001
v -1.556694 14.545959 -1.800001
v -1.800000 14.545959 -1.800001
v -1.800000 14.545959 -1.590421
v -1.800000 14.545959 -1.465056
v -1.800000 14.545959 1.426337
v -1.800000 14.545959 1.547188
v -1.800000 14.545959 1.800000
v -1.556694 14.545959 1.800000
v -1.409520 14.545959 1.800000
v 1.403160 14.545959 1.800000
v 1.563068 14.545959 1.800000
v 1.800000 14.545959 1.800000
v 1.800000 14.545959 1.547188
v 1.800000 14.545959 1.426337
v 1.800000 14.545959 -1.465056
v 1.800000 14.545959 -1.590421
v 1.468883 12.118326 1.429366
v 1.475000 12.079690 1.435319
v 1.468883 12.041054 1.429366
v 1.451130 12.006212 1.412090
v 1.423479 11.978561 1.385183
v 1.388636 11.960808 1.351278
v 1.350013 11.954690 1.313694
v 1.325000 11.954690 1.289354
v 1.325000 11.929683 1.289354
v 1.322445 11.910273 1.286867
v 1.314953 11.892186 1.279577
v 1.303036 11.876655 1.267980
v 1.287504 11.864738 1.252867
v 1.269418 11.857245 1.235267
v 1.250008 11.854691 1.216379
v 1.225000 11.854691 1.192044
v 1.225000 11.829682 1.192044
v 1.222445 11.810273 1.189558
v 1.214953 11.792187 1.182267
v 1.203036 11.776654 1.170671
v 1.187504 11.764737 1.155557
v 1.169418 11.757246 1.137957
v 1.150008 11.754690 1.119069
v 1.125000 11.754690 1.094735
v 1.125000 10.975466 1.094735
v 1.116966 10.961853 1.089209
v 1.070875 10.940912 1.116702
v 1.074171 10.952321 1.125000
v 1.074171 11.754690 1.125000
v 1.098049 11.754690 1.150008
v 1.116581 11.757246 1.169417
v 1.133851 11.764737 1.187504
v 1.148681 11.776654 1.203035
v 1.160060 11.792187 1.214953
v 1.167213 11.810273 1.222445
v 1.169653 11.829682 1.225000
v 1.169653 11.854691 1.225000
v 1.193531 11.854691 1.250008
v 1.212063 11.857245 1.269417
v 1.229333 11.864738 1.287504
v 1.244162 11.876655 1.303035
v 1.255542 11.892186 1.314953
v 1.262695 11.910273 1.322445
v 1.265135 11.929683 1.325000
v 1.265135 11.954690 1.325000
v 1.289018 11.954690 1.350013
v 1.325896 11.960808 1.388636
v 1.359164 11.978561 1.423479
v 1.385566 12.006212 1.451130
v 1.402517 12.041054 1.468883
v 1.408357 12.079690 1.475000
v 1.402516 12.118326 1.468883
v 1.385565 12.153169 1.451130
v 1.359163 12.180820 1.423478
v 1.325895 12.198573 1.388636
v 1.289017 12.204690 1.350013
v 1.265135 12.204690 1.325000
v 1.265135 12.229698 1.325000
v 1.262695 12.249107 1.322445
v 1.255541 12.267194 1.314953
v 1.244162 12.282725 1.303035
v 1.229333 12.294643 1.287504
v 1.212063 12.302135 1.269417
v 1.193531 12.304690 1.250008
v 1.169653 12.304690 1.225000
v 1.169653 12.329698 1.225000
v 1.167213 12.349108 1.222445
v 1.160060 12.367194 1.214953
v 1.148680 12.382726 1.203035
v 1.133851 12.394643 1.187504
v 1.116581 12.402135 1.169417
v 1.098049 12.404690 1.150008
v 1.074171 12.404690 1.125000
v 1.074171 13.167267 1.125000
v 1.147187 13.167267 1.201471
v 1.169653 13.167267 1.225000
v 1.169653 13.176718 1.225000
v 1.169653 13.230211 1.225000
v 1.193537 13.230211 1.250015
v 1.225404 13.233973 1.283390
v 1.255673 13.245066 1.315091
v 1.282827 13.262934 1.343529
v 1.305502 13.286682 1.367278
v 1.322564 13.315121 1.385147
v 1.333156 13.346823 1.396240
v 1.336746 13.380198 1.400000
v 1.566342 13.730211 1.640460
v 1.612545 13.730211 1.688850
v 1.623192 13.730211 1.700000
v 1.623191 13.744339 1.700000
v 1.623192 13.811002 1.700000
v 1.623192 13.830213 1.700000
v 1.631028 13.830213 1.708207
v 1.703996 13.830213 1.784627
v 1.718674 13.830213 1.800000
v 1.718674 13.840219 1.800000
v 1.718674 13.975224 1.800000
v 1.718673 14.157291 1.800000
v 1.718673 14.407291 1.800000
v 1.718674 14.545959 1.800000
v 1.718674 14.571201 1.800000
v 1.623192 14.571201 1.700000
v 1.336746 14.571201 1.400000
v 1.169653 14.571201 1.225000
v 1.074171 14.571201 1.125000
v 1.125000 14.571201 1.094734
v 1.225000 14.571201 1.192044
v 1.400000 14.571201 1.362336
v 1.700000 14.571201 1.654265
v 1.800000 14.571201 1.751575
v 1.800000 14.545959 1.751575
v 1.800000 14.407291 1.751575
v 1.800000 14.157291 1.751575
v 1.800000 13.975224 1.751575
v 1.800000 13.840219 1.751575
v 1.800000 13.830213 1.751575
v 1.784628 13.830213 1.736616
v 1.708207 13.830213 1.662251
v 1.700000 13.830213 1.654265
v 1.700000 13.811002 1.654265
v 1.700000 13.744339 1.654265
v 1.700000 13.730211 1.654265
v 1.688850 13.730211 1.643415
v 1.640460 13.730211 1.596327
v 1.400000 13.380198 1.362336
v 1.396240 13.346823 1.358677
v 1.385147 13.315121 1.347883
v 1.367278 13.286682 1.330495
v 1.343529 13.262934 1.307384
v 1.315091 13.245066 1.279711
v 1.283390 13.233973 1.248863
v 1.250015 13.230211 1.216386
v 1.225000 13.230211 1.192044
v 1.225000 13.176718 1.192044
v 1.225000 13.167267 1.192044
v 1.201471 13.167267 1.169148
v 1.125000 13.167267 1.094734
v 1.125000 12.404690 1.094734
v 1.150008 12.404690 1.119069
v 1.169417 12.402135 1.137957
v 1.187504 12.394643 1.155557
v 1.203035 12.382726 1.170670
v 1.214953 12.367194 1.182267
v 1.222445 12.349108 1.189558
v 1.225000 12.329698 1.192044
v 1.225000 12.304690 1.192044
v 1.250008 12.304690 1.216379
v 1.269417 12.302135 1.235267
v 1.287504 12.294643 1.252867
v 1.303035 12.282725 1.267980
v 1.314953 12.267194 1.279577
v 1.322445 12.249107 1.286867
v 1.325000 12.229698 1.289354
v 1.325000 12.204690 1.289354
v 1.350013 12.204690 1.313694
v 1.388636 12.198573 1.351278
v 1.423478 12.180820 1.385183
v 1.451130 12.153169 1.412090
v 1.085692 14.571201 1.109867
v 1.443653 12.041055 -1.468883
v 1.426205 12.006212 -1.451130
v 1.399028 11.978561 -1.423479
v 1.364784 11.960808 -1.388636
v 1.326825 11.954690 -1.350013
v 1.302242 11.954690 -1.325001
v 1.302242 11.929682 -1.325001
v 1.299730 11.910273 -1.322445
v 1.292367 11.892186 -1.314954
v 1.280654 11.876655 -1.303036
v 1.265389 11.864737 -1.287504
v 1.247613 11.857245 -1.269418
v 1.228537 11.854690 -1.250008
v 1.203959 11.854690 -1.225001
v 1.203959 11.829682 -1.225001
v 1.201448 11.810273 -1.222445
v 1.194085 11.792187 -1.214953
v 1.182372 11.776655 -1.203036
v 1.167107 11.764737 -1.187504
v 1.149331 11.757246 -1.169418
v 1.130255 11.754690 -1.150008
v 1.105677 11.754690 -1.125000
v 1.105677 10.984781 -1.125000
v 1.099303 10.969169 -1.117235
v 1.116697 10.951465 -1.086649
v 1.125000 10.964981 -1.090909
v 1.125000 11.754690 -1.090909
v 1.150008 11.754690 -1.115159
v 1.169418 11.757246 -1.133980
v 1.187504 11.764737 -1.151519
v 1.203035 11.776655 -1.166579
v 1.214953 11.792187 -1.178136
v 1.222445 11.810273 -1.185401
v 1.225000 11.829682 -1.187879
v 1.225000 11.854690 -1.187879
v 1.250008 11.854690 -1.212129
v 1.269417 11.857245 -1.230950
v 1.287504 11.864737 -1.248488
v 1.303035 11.876655 -1.263549
v 1.314953 11.892186 -1.275106
v 1.322445 11.910273 -1.282370
v 1.325000 11.929682 -1.284848
v 1.325000 11.954690 -1.284848
v 1.350013 11.954690 -1.309103
v 1.388636 11.960808 -1.346556
v 1.423479 11.978561 -1.380343
v 1.451130 12.006212 -1.407156
v 1.468883 12.041054 -1.424371
v 1.475000 12.079691 -1.430303
v 1.468883 12.118326 -1.424371
v 1.451130 12.153169 -1.407156
v 1.423478 12.180820 -1.380342
v 1.388636 12.198573 -1.346555
v 1.350013 12.204690 -1.309103
v 1.325000 12.204690 -1.284848
v 1.325000 12.229697 -1.284848
v 1.322445 12.249106 -1.282370
v 1.314953 12.267194 -1.275106
v 1.303035 12.282724 -1.263549
v 1.287504 12.294642 -1.248488
v 1.269417 12.302134 -1.230950
v 1.250008 12.304689 -1.212129
v 1.225000 12.304689 -1.187878
v 1.225000 12.329698 -1.187879
v 1.222445 12.349107 -1.185401
v 1.214953 12.367193 -1.178136
v 1.203035 12.382725 -1.166579
v 1.187504 12.394642 -1.151519
v 1.169417 12.402134 -1.133980
v 1.150008 12.404690 -1.115159
v 1.125000 12.404690 -1.090909
v 1.125000 13.167267 -1.090909
v 1.201471 13.167267 -1.165063
v 1.225000 13.167267 -1.187879
v 1.225000 13.176718 -1.187879
v 1.225000 13.230211 -1.187879
v 1.250015 13.230211 -1.212135
v 1.283390 13.233973 -1.244499
v 1.315091 13.245064 -1.275240
v 1.343529 13.262934 -1.302816
v 1.367278 13.286682 -1.325845
v 1.385147 13.315121 -1.343172
v 1.396240 13.346822 -1.353929
v 1.400000 13.380197 -1.357576
v 1.640460 13.730211 -1.590749
v 1.688850 13.730211 -1.637673
v 1.700000 13.730211 -1.648485
v 1.700000 13.744339 -1.648485
v 1.700000 13.811002 -1.648485
v 1.700000 13.830213 -1.648485
v 1.708207 13.830213 -1.656443
v 1.784628 13.830213 -1.730548
v 1.800000 13.830213 -1.745454
v 1.800000 13.840219 -1.745454
v 1.800000 13.975225 -1.745455
v 1.800000 14.157292 -1.745455
v 1.800000 14.407292 -1.745455
v 1.800000 14.545959 -1.745455
v 1.800000 14.571201 -1.745455
v 1.700000 14.571201 -1.648485
v 1.400000 14.571201 -1.357576
v 1.225000 14.571201 -1.187879
v 1.125000 14.571201 -1.090909
v 1.105677 14.571201 -1.125001
v 1.203959 14.571201 -1.225001
v 1.375953 14.571201 -1.400001
v 1.670800 14.571201 -1.700001
v 1.769083 14.571201 -1.800001
v 1.769083 14.545959 -1.800001
v 1.769083 14.407292 -1.800001
v 1.769083 14.157292 -1.800001
v 1.769083 13.975225 -1.800001
v 1.769083 13.840219 -1.800001
v 1.769083 13.830213 -1.800001
v 1.753974 13.830213 -1.784628
v 1.678866 13.830213 -1.708207
v 1.670800 13.830213 -1.700001
v 1.670800 13.811002 -1.700001
v 1.670800 13.744339 -1.700001
v 1.670800 13.730211 -1.700001
v 1.659842 13.730211 -1.688851
v 1.612283 13.730211 -1.640461
v 1.375953 13.380197 -1.400001
v 1.372257 13.346822 -1.396240
v 1.361355 13.315121 -1.385147
v 1.343793 13.286682 -1.367279
v 1.320452 13.262934 -1.343530
v 1.292503 13.245065 -1.315091
v 1.261346 13.233973 -1.283390
v 1.228544 13.230211 -1.250015
v 1.203959 13.230211 -1.225001
v 1.203959 13.176718 -1.225001
v 1.203959 13.167267 -1.225001
v 1.180835 13.167267 -1.201472
v 1.105677 13.167267 -1.125000
v 1.105677 12.404690 -1.125000
v 1.130255 12.404690 -1.150008
v 1.149331 12.402134 -1.169418
v 1.167107 12.394643 -1.187504
v 1.182371 12.382725 -1.203036
v 1.194085 12.367193 -1.214954
v 1.201448 12.349107 -1.222445
v 1.203959 12.329698 -1.225000
v 1.203959 12.304689 -1.225000
v 1.228537 12.304689 -1.250008
v 1.247613 12.302135 -1.269418
v 1.265389 12.294642 -1.287504
v 1.280654 12.282725 -1.303036
v 1.292367 12.267194 -1.314953
v 1.299730 12.249107 -1.322445
v 1.302241 12.229697 -1.325000
v 1.302241 12.204690 -1.325000
v 1.326824 12.204690 -1.350013
v 1.364784 12.198573 -1.388636
v 1.399028 12.180820 -1.423479
v 1.426204 12.153169 -1.451130
v 1.443653 12.118326 -1.468883
v 1.449665 12.079691 -1.475001
v 1.115339 14.571201 -1.098180
v -1.475000 12.079690 -1.451337
v -1.468883 12.041055 -1.445318
v -1.451130 12.006212 -1.427849
v -1.423479 11.978560 -1.400642
v -1.388636 11.960808 -1.366358
v -1.350013 11.954690 -1.328355
v -1.325000 11.954690 -1.303743
v -1.325000 11.929682 -1.303743
v -1.322445 11.910273 -1.301229
v -1.314953 11.892186 -1.293857
v -1.303036 11.876655 -1.282131
v -1.287504 11.864737 -1.266849
v -1.269418 11.857245 -1.249052
v -1.250008 11.854690 -1.229954
v -1.225000 11.854690 -1.205348
v -1.225000 11.829682 -1.205348
v -1.222445 11.810273 -1.202833
v -1.214953 11.792187 -1.195462
v -1.203036 11.776655 -1.183735
v -1.187504 11.764737 -1.168453
v -1.169418 11.757245 -1.150656
v -1.150008 11.754690 -1.131559
v -1.125000 11.754690 -1.106952
v -1.125000 10.983667 -1.106952
v -1.116629 10.968411 -1.101064
v -1.080217 10.950762 -1.117276
v -1.084628 10.964184 -1.125000
v -1.084628 11.754690 -1.125000
v -1.108739 11.754690 -1.150008
v -1.127451 11.757245 -1.169418
v -1.144889 11.764737 -1.187504
v -1.159863 11.776655 -1.203036
v -1.171353 11.792187 -1.214953
v -1.178576 11.810273 -1.222445
v -1.181040 11.829682 -1.225001
v -1.181040 11.854690 -1.225001
v -1.205150 11.854690 -1.250008
v -1.223863 11.857245 -1.269418
v -1.241300 11.864737 -1.287504
v -1.256274 11.876655 -1.303036
v -1.267764 11.892186 -1.314953
v -1.274987 11.910273 -1.322445
v -1.277451 11.929682 -1.325001
v -1.277451 11.954690 -1.325001
v -1.301566 11.954690 -1.350013
v -1.338803 11.960808 -1.388636
v -1.372395 11.978560 -1.423479
v -1.399054 12.006212 -1.451130
v -1.416170 12.041055 -1.468883
v -1.422068 12.079690 -1.475001
v -1.416170 12.118326 -1.468883
v -1.399054 12.153169 -1.451130
v -1.372395 12.180820 -1.423479
v -1.338803 12.198573 -1.388636
v -1.301566 12.204690 -1.350013
v -1.277451 12.204690 -1.325000
v -1.277451 12.229697 -1.325000
v -1.274987 12.249107 -1.322445
v -1.267764 12.267194 -1.314953
v -1.256275 12.282725 -1.303036
v -1.241300 12.294642 -1.287504
v -1.223863 12.302135 -1.269418
v -1.205150 12.304689 -1.250008
v -1.181040 12.304689 -1.225000
v -1.181040 12.329698 -1.225000
v -1.178576 12.349107 -1.222445
v -1.171353 12.367194 -1.214954
v -1.159863 12.382725 -1.203036
v -1.144889 12.394643 -1.187504
v -1.127452 12.402134 -1.169418
v -1.108739 12.404690 -1.150008
v -1.084628 12.404690 -1.125000
v -1.084628 13.167266 -1.125000
v -1.158355 13.167266 -1.201472
v -1.181040 13.167266 -1.225001
v -1.181040 13.176718 -1.225001
v -1.181040 13.230211 -1.225001
v -1.205157 13.230211 -1.250015
v -1.237334 13.233973 -1.283390
v -1.267897 13.245065 -1.315091
v -1.295315 13.262934 -1.343530
v -1.318212 13.286682 -1.367279
v -1.335439 13.315121 -1.385147
v -1.346134 13.346822 -1.396240
v -1.349759 13.380198 -1.400001
v -1.581590 13.730212 -1.640461
v -1.628244 13.730212 -1.688851
v -1.638994 13.730212 -1.700001
v -1.638994 13.744339 -1.700001
v -1.638994 13.811002 -1.700001
v -1.638994 13.830213 -1.700001
v -1.646906 13.830213 -1.708207
v -1.720584 13.830213 -1.784628
v -1.735405 13.830213 -1.800001
v -1.735405 13.840219 -1.800001
v -1.735405 13.975225 -1.800001
v -1.735405 14.157292 -1.800001
v -1.735405 14.407292 -1.800001
v -1.735405 14.545959 -1.800001
v -1.735405 14.571201 -1.800001
v -1.638994 14.571201 -1.700001
v -1.349759 14.571201 -1.400001
v -1.181040 14.571201 -1.225001
v -1.084628 14.571201 -1.125001
v -1.125000 14.571201 -1.106952
v -1.225000 14.571201 -1.205348
v -1.400000 14.571201 -1.377540
v -1.700000 14.571201 -1.672727
v -1.800000 14.571201 -1.771123
v -1.800000 14.545959 -1.771123
v -1.800000 14.407292 -1.771123
v -1.800000 14.157292 -1.771123
v -1.800000 13.975225 -1.771123
v -1.800000 13.840219 -1.771123
v -1.800000 13.830213 -1.771123
v -1.784628 13.830213 -1.755997
v -1.708207 13.830213 -1.680802
v -1.700000 13.830213 -1.672727
v -1.700000 13.811002 -1.672727
v -1.700001 13.744339 -1.672727
v -1.700001 13.730212 -1.672727
v -1.688851 13.730212 -1.661756
v -1.640460 13.730212 -1.614142
v -1.400000 13.380197 -1.377540
v -1.396240 13.346822 -1.373840
v -1.385147 13.315121 -1.362925
v -1.367278 13.286682 -1.345343
v -1.343529 13.262934 -1.321975
v -1.315091 13.245065 -1.293993
v -1.283390 13.233973 -1.262800
v -1.250015 13.230211 -1.229961
v -1.225000 13.230211 -1.205348
v -1.225000 13.176718 -1.205348
v -1.225000 13.167266 -1.205348
v -1.201472 13.167266 -1.182196
v -1.125000 13.167266 -1.106952
v -1.125000 12.404690 -1.106952
v -1.150008 12.404690 -1.131558
v -1.169418 12.402134 -1.150656
v -1.187504 12.394643 -1.168453
v -1.203036 12.382725 -1.183735
v -1.214953 12.367194 -1.195462
v -1.222445 12.349107 -1.202833
v -1.225001 12.329698 -1.205347
v -1.225000 12.304689 -1.205347
v -1.250008 12.304689 -1.229954
v -1.269418 12.302135 -1.249052
v -1.287504 12.294642 -1.266849
v -1.303036 12.282725 -1.282131
v -1.314953 12.267194 -1.293857
v -1.322445 12.249107 -1.301229
v -1.325000 12.229697 -1.303743
v -1.325000 12.204690 -1.303743
v -1.350013 12.204690 -1.328354
v -1.388636 12.198573 -1.366358
v -1.423479 12.180820 -1.400642
v -1.451130 12.153169 -1.427849
v -1.468883 12.118326 -1.445318
v -1.093553 14.571201 -1.115976
v -1.444038 12.118326 1.468883
v -1.426585 12.153169 1.451130
v -1.399402 12.180820 1.423478
v -1.365149 12.198573 1.388636
v -1.327179 12.204690 1.350013
v -1.302589 12.204690 1.325000
v -1.302589 12.229698 1.325000
v -1.300077 12.249107 1.322445
v -1.292712 12.267194 1.314953
v -1.280996 12.282725 1.303035
v -1.265727 12.294643 1.287504
v -1.247946 12.302135 1.269417
v -1.228865 12.304690 1.250008
v -1.204280 12.304690 1.225000
v -1.204280 12.329698 1.225000
v -1.201768 12.349108 1.222445
v -1.194403 12.367194 1.214953
v -1.182687 12.382726 1.203035
v -1.167419 12.394643 1.187504
v -1.149638 12.402135 1.169417
v -1.130557 12.404690 1.150008
v -1.105972 12.404690 1.125000
v -1.105972 13.167267 1.125000
v -1.181150 13.167267 1.201471
v -1.204280 13.167267 1.225000
v -1.204280 13.176718 1.225000
v -1.204280 13.230211 1.225000
v -1.228872 13.230211 1.250015
v -1.261682 13.233973 1.283390
v -1.292848 13.245066 1.315091
v -1.320805 13.262934 1.343529
v -1.344152 13.286682 1.367278
v -1.361719 13.315121 1.385147
v -1.372624 13.346823 1.396240
v -1.376320 13.380198 1.400000
v -1.612713 13.730213 1.640460
v -1.660285 13.730213 1.688850
v -1.671246 13.730213 1.700000
v -1.671246 13.744339 1.700000
v -1.671246 13.811002 1.700000
v -1.671246 13.830213 1.700000
v -1.679314 13.830213 1.708207
v -1.754442 13.830213 1.784627
v -1.769555 13.830213 1.800000
v -1.769555 13.840219 1.800000
v -1.769555 13.975224 1.800000
v -1.769555 14.157291 1.800000
v -1.769555 14.407291 1.800000
v -1.769555 14.545959 1.800000
v -1.769555 14.571201 1.800000
v -1.671246 14.571201 1.700000
v -1.376321 14.571201 1.400000
v -1.204280 14.571201 1.225000
v -1.105972 14.571201 1.125000
v -1.125000 14.571201 1.084564
v -1.225000 14.571201 1.180969
v -1.400000 14.571201 1.349679
v -1.700000 14.571201 1.638896
v -1.800000 14.571201 1.735302
v -1.800000 14.545959 1.735302
v -1.800000 14.407291 1.735302
v -1.800000 14.157291 1.735302
v -1.800000 13.975224 1.735302
v -1.800000 13.840219 1.735302
v -1.800000 13.830213 1.735302
v -1.784628 13.830213 1.720482
v -1.708207 13.830213 1.646808
v -1.700000 13.830213 1.638897
v -1.700000 13.811002 1.638897
v -1.700000 13.744339 1.638897
v -1.700000 13.730213 1.638897
v -1.688850 13.730213 1.628147
v -1.640460 13.730213 1.581496
v -1.400000 13.380198 1.349679
v -1.396240 13.346822 1.346054
v -1.385147 13.315121 1.335360
v -1.367278 13.286682 1.318133
v -1.343529 13.262934 1.295238
v -1.315091 13.245066 1.267822
v -1.283390 13.233973 1.237260
v -1.250015 13.230211 1.205085
v -1.225000 13.230211 1.180969
v -1.225000 13.176718 1.180969
v -1.225000 13.167267 1.180969
v -1.201472 13.167267 1.158286
v -1.125000 13.167267 1.084564
v -1.125000 12.404691 1.084564
v -1.150008 12.404691 1.108673
v -1.169418 12.402135 1.127384
v -1.187504 12.394643 1.144821
v -1.203036 12.382726 1.159794
v -1.214953 12.367194 1.171284
v -1.222445 12.349107 1.178506
v -1.225000 12.329698 1.180970
v -1.225000 12.304690 1.180969
v -1.250008 12.304690 1.205079
v -1.269418 12.302135 1.223790
v -1.287504 12.294642 1.241227
v -1.303036 12.282725 1.256200
v -1.314953 12.267194 1.267689
v -1.322445 12.249107 1.274912
v -1.325000 12.229698 1.277375
v -1.325000 12.204690 1.277375
v -1.350013 12.204690 1.301489
v -1.388636 12.198573 1.338724
v -1.423479 12.180820 1.372314
v -1.451130 12.153169 1.398971
v -1.468883 12.118325 1.416086
v -1.475000 12.079690 1.421984
v -1.468883 12.041055 1.416086
v -1.451130 12.006211 1.398971
v -1.423479 11.978560 1.372314
v -1.388636 11.960808 1.338724
v -1.350013 11.954690 1.301489
v -1.325000 11.954690 1.277375
v -1.325000 11.929683 1.277375
v -1.322445 11.910273 1.274912
v -1.314953 11.892186 1.267689
v -1.303036 11.876655 1.256200
v -1.287504 11.864738 1.241227
v -1.269418 11.857245 1.223790
v -1.250008 11.854691 1.205078
v -1.225000 11.854691 1.180969
v -1.225000 11.829683 1.180969
v -1.222445 11.810273 1.178506
v -1.214953 11.792186 1.171284
v -1.203036 11.776655 1.159794
v -1.187504 11.764737 1.144821
v -1.169418 11.757246 1.127385
v -1.150008 11.754690 1.108673
v -1.125000 11.754690 1.084564
v -1.125000 10.965646 1.084564
v -1.116892 10.953074 1.079970
v -1.099608 10.971235 1.116737
v -1.105972 10.985599 1.125000
v -1.105972 11.754690 1.125000
v -1.130557 11.754690 1.150008
v -1.149638 11.757246 1.169417
v -1.167419 11.764737 1.187504
v -1.182687 11.776655 1.203035
v -1.194403 11.792187 1.214953
v -1.201768 11.810273 1.222445
v -1.204280 11.829682 1.225000
v -1.204280 11.854691 1.225000
v -1.228865 11.854691 1.250008
v -1.247946 11.857245 1.269417
v -1.265727 11.864738 1.287504
v -1.280996 11.876655 1.303035
v -1.292712 11.892186 1.314953
v -1.300077 11.910273 1.322445
v -1.302589 11.929683 1.325000
v -1.302589 11.954690 1.325000
v -1.327179 11.954690 1.350013
v -1.365149 11.960808 1.388636
v -1.399402 11.978561 1.423478
v -1.426585 12.006212 1.451130
v -1.444038 12.041055 1.468883
v -1.450052 12.079690 1.475000
v -1.115486 14.571201 1.092972
vn -0.4807 -0.0000 0.8769
vn -0.1473 -0.9518 0.2689
vn -0.0000 -0.9570 0.2901
vn -0.0000 -0.0000 1.0000
vn -0.0000 1.0000 -0.0000
vn -0.1343 -0.9502 -0.2812
vn -0.4309 -0.0000 -0.9024
vn -0.0000 -0.0000 -1.0000
vn -0.0000 -0.9581 -0.2864
vn -0.0000 -1.0000 -0.0000
vn 0.3332 -0.9428 -0.0000
vn 0.1891 -0.9820 -0.0001
vn 1.0000 -0.0000 -0.0000
vn -0.3336 -0.9427 -0.0000
vn -1.0000 -0.0000 -0.0000
vn -0.5646 0.8254 -0.0000
vn -0.2024 0.9070 0.3693
vn -0.1842 0.9041 -0.3856
vn -0.0000 0.8018 -0.5975
vn 0.5648 0.8252 -0.0000
vn 0.7377 0.6751 -0.0000
vn -0.0000 0.8041 0.5945
vn -0.0872 0.9962 -0.0000
vn -0.0286 0.9982 0.0520
vn -0.0261 0.9982 -0.0545
vn -0.0000 0.9955 -0.0949
vn 0.0872 0.9962 -0.0000
vn 0.1384 0.9904 -0.0000
vn -0.0000 0.9956 0.0942
vn -0.9765 0.2156 -0.0000
vn -0.7940 0.1754 -0.5820
vn -0.8065 -0.0000 -0.5912
vn 0.2308 0.1328 -0.9639
vn 0.2329 0.0001 -0.9725
vn -0.0000 0.1364 -0.9907
vn 0.9841 0.1778 -0.0000
vn 0.9841 0.1778 0.0003
vn 0.3794 -0.0000 0.9252
vn 0.3714 0.2042 0.9058
vn -0.0002 0.2198 0.9755
vn -0.9967 0.0817 -0.0000
vn -0.4741 0.1267 0.8713
vn -0.4762 0.0052 0.8793
vn -0.9999 0.0108 0.0058
vn -0.4252 0.1243 -0.8965
vn -0.4403 0.0047 -0.8978
vn -0.0061 0.0110 -0.9999
vn -0.0000 0.0750 -0.9972
vn 0.9967 0.0817 -0.0000
vn 0.9988 0.0498 -0.0002
vn 0.9977 0.0023 0.0679
vn 0.9999 0.0107 0.0058
vn 0.0001 0.0756 0.9971
vn -0.0063 0.0114 0.9999
vn -0.9050 -0.0030 0.4254
vn -0.9049 -0.0656 0.4204
vn -0.9993 -0.0378 -0.0001
vn -1.0000 -0.0054 0.0052
vn -0.0000 -0.0375 -0.9993
vn 0.0001 -0.0277 -0.9996
vn -0.0545 -0.0014 -0.9985
vn -0.0052 -0.0052 -1.0000
vn 1.0000 -0.0044 0.0043
vn 0.9978 -0.0019 0.0663
vn 0.9997 -0.0258 -0.0000
vn 0.9992 -0.0398 0.0001
vn -0.0037 -0.0037 1.0000
vn -0.0000 -0.0419 0.9991
vn -0.9028 0.0661 0.4249
vn -0.8861 -0.2027 0.4169
vn -0.9919 -0.1273 -0.0001
vn -0.9992 0.0410 -0.0000
vn -0.0000 -0.1264 -0.9920
vn 0.0001 -0.0986 -0.9951
vn -0.0000 0.0316 -0.9995
vn -0.0001 0.0407 -0.9992
vn 0.9991 0.0431 -0.0000
vn 0.9996 0.0293 -0.0001
vn 0.9958 -0.0912 -0.0000
vn 0.9910 -0.1339 0.0001
vn 0.0001 0.0454 0.9990
vn -0.0000 -0.1407 0.9901
vn -0.9048 -0.0000 0.4258
vn -0.3289 0.9316 0.1548
vn -0.3227 0.9465 -0.0000
vn -0.0000 0.9477 -0.3192
vn -0.0000 0.9704 -0.2413
vn 0.2266 0.9740 -0.0000
vn 0.3491 0.9371 -0.0000
vn -0.0000 0.9244 0.3815
vn -0.2822 0.7979 0.5326
vn -0.3570 0.9341 -0.0000
vn -0.2496 0.7229 -0.6443
vn -0.0000 0.7128 -0.7013
vn 0.9207 0.3904 -0.0000
vn 0.6271 0.7789 -0.0000
vn -0.0000 0.8053 0.5929
vn -0.0368 0.9993 -0.0000
vn -0.0157 0.9995 0.0286
vn -0.0143 0.9994 -0.0299
vn -0.0000 0.9995 -0.0309
vn 0.0367 0.9993 -0.0000
vn 0.0163 0.9999 -0.0000
vn -0.0000 0.9995 0.0314
vn -0.0038 1.0000 0.0070
vn -0.0136 0.9999 -0.0000
vn -0.0035 1.0000 -0.0073
vn -0.0000 0.9999 -0.0168
vn 0.0342 0.9994 -0.0000
vn 0.0136 0.9999 -0.0000
vn -0.0000 0.9999 0.0165
vn -0.2320 0.8759 0.4231
vn -0.0000 0.7517 0.6596
vn -0.2108 0.8722 -0.4414
vn -0.0000 0.7491 -0.6625
vn 0.7919 0.6106 -0.0000
vn 0.6305 0.7762 -0.0000
vn -0.6303 0.7764 -0.0000
vn -0.0443 -0.9990 -0.0000
vn -0.0226 -0.9985 0.0492
vn -0.0215 -0.9976 -0.0664
vn -0.0000 -0.9935 -0.1136
vn 0.0932 -0.9957 -0.0000
vn 0.2645 -0.9644 -0.0000
vn -0.0000 -0.9964 0.0852
vn 0.0982 0.9952 -0.0000
vn 0.2645 0.9644 -0.0000
vn 0.2091 0.9779 -0.0000
vn 0.0793 0.9968 -0.0000
vn 0.4707 0.8823 -0.0000
vn 0.4222 0.9065 -0.0000
vn 0.6524 0.7579 -0.0000
vn 0.6144 0.7890 -0.0000
vn 0.8012 0.5984 -0.0000
vn 0.7758 0.6310 -0.0000
vn 0.9109 0.4127 -0.0000
vn 0.8979 0.4401 -0.0000
vn 0.9777 0.2102 -0.0000
vn 0.9741 0.2261 -0.0000
vn 0.9997 0.0224 -0.0000
vn 0.9997 0.0238 -0.0000
vn -0.4622 0.2750 0.8431
vn -0.4805 0.0300 0.8765
vn -0.0000 0.0227 0.9997
vn -0.0000 0.2137 0.9769
vn -0.4117 0.5161 0.7511
vn -0.0000 0.4185 0.9082
vn -0.3412 0.7045 0.6223
vn -0.0000 0.6053 0.7960
vn -0.2618 0.8387 0.4775
vn -0.0000 0.7644 0.6448
vn -0.1805 0.9268 0.3292
vn -0.0000 0.8874 0.4610
vn -0.0999 0.9782 0.1823
vn -0.0000 0.9673 0.2535
vn -0.0360 0.9972 0.0656
vn -0.0000 0.9955 0.0951
vn -0.9777 0.2102 -0.0000
vn -0.9997 0.0224 -0.0000
vn -0.9109 0.4126 -0.0000
vn -0.8012 0.5983 -0.0000
vn -0.6525 0.7578 -0.0000
vn -0.4708 0.8822 -0.0000
vn -0.2646 0.9644 -0.0000
vn -0.0982 0.9952 -0.0000
vn -0.4308 0.0295 -0.9020
vn -0.4149 0.2704 -0.8688
vn -0.0000 0.2140 -0.9768
vn -0.0000 0.0227 -0.9997
vn -0.3709 0.5093 -0.7766
vn -0.0000 0.4191 -0.9080
vn -0.3086 0.6981 -0.6461
vn -0.0000 0.6059 -0.7955
vn -0.2377 0.8342 -0.4977
vn -0.0000 0.7650 -0.6440
vn -0.1644 0.9244 -0.3441
vn -0.0000 0.8879 -0.4601
vn -0.0911 0.9774 -0.1908
vn -0.0000 0.9676 -0.2524
vn -0.0328 0.9971 -0.0687
vn -0.0000 0.9955 -0.0948
vn -0.4800 -0.0552 0.8755
vn -0.4622 -0.2750 0.8431
vn -0.0000 -0.2137 0.9769
vn -0.0000 -0.0415 0.9991
vn -0.4117 -0.5162 0.7510
vn -0.0000 -0.4186 0.9082
vn -0.3412 -0.7046 0.6223
vn -0.0000 -0.6053 0.7960
vn -0.2618 -0.8388 0.4774
vn -0.0000 -0.7645 0.6446
vn -0.1804 -0.9269 0.3291
vn -0.0000 -0.8875 0.4609
vn -0.0999 -0.9782 0.1821
vn -0.0000 -0.9674 0.2533
vn -0.0834 -0.9848 0.1522
vn -0.0000 -0.9719 0.2355
vn -0.2644 -0.9644 -0.0000
vn -0.2340 -0.9722 -0.0000
vn -0.4706 -0.8823 -0.0000
vn -0.6523 -0.7579 -0.0000
vn -0.8012 -0.5984 -0.0000
vn -0.9109 -0.4127 -0.0000
vn -0.9776 -0.2103 -0.0000
vn -0.9992 -0.0412 -0.0000
vn -0.0761 -0.9843 -0.1593
vn -0.0911 -0.9774 -0.1907
vn -0.0000 -0.9677 -0.2522
vn -0.0000 -0.9718 -0.2357
vn -0.1643 -0.9245 -0.3440
vn -0.0000 -0.8880 -0.4599
vn -0.2376 -0.8343 -0.4975
vn -0.0000 -0.7651 -0.6439
vn -0.3086 -0.6981 -0.6460
vn -0.0000 -0.6060 -0.7955
vn -0.3709 -0.5094 -0.7765
vn -0.0000 -0.4191 -0.9079
vn -0.4149 -0.2705 -0.8687
vn -0.0000 -0.2140 -0.9768
vn -0.4303 -0.0542 -0.9011
vn -0.0000 -0.0416 -0.9991
vn -0.0978 0.9791 0.1783
vn -0.0000 0.9685 0.2490
vn -0.1772 0.9296 0.3232
vn -0.0000 0.8917 0.4527
vn -0.2593 0.8421 0.4730
vn -0.0000 0.7689 0.6393
vn -0.3395 0.7080 0.6193
vn -0.0000 0.6092 0.7930
vn -0.4109 0.5192 0.7494
vn -0.0000 0.4214 0.9069
vn -0.4619 0.2768 0.8426
vn -0.0000 0.2152 0.9766
vn -0.4800 0.0557 0.8755
vn -0.0000 0.0419 0.9991
vn -0.9773 0.2117 -0.0000
vn -0.9991 0.0415 -0.0000
vn -0.9096 0.4154 -0.0000
vn -0.7983 0.6022 -0.0000
vn -0.6472 0.7623 -0.0000
vn -0.4626 0.8866 -0.0000
vn -0.2595 0.9657 -0.0000
vn -0.4303 0.0547 -0.9010
vn -0.4147 0.2723 -0.8683
vn -0.0000 0.2156 -0.9765
vn -0.0000 0.0420 -0.9991
vn -0.3701 0.5123 -0.7750
vn -0.0000 0.4220 -0.9066
vn -0.3071 0.7016 -0.6430
vn -0.0000 0.6098 -0.7925
vn -0.2354 0.8376 -0.4929
vn -0.0000 0.7696 -0.6386
vn -0.1613 0.9273 -0.3378
vn -0.0000 0.8922 -0.4517
vn -0.0892 0.9784 -0.1867
vn -0.0000 0.9687 -0.2480
vn 0.9991 0.0435 -0.0000
vn 0.9737 0.2278 -0.0000
vn 0.9773 0.2118 -0.0000
vn 0.9991 0.0415 -0.0000
vn 0.8964 0.4433 -0.0000
vn 0.9096 0.4155 -0.0000
vn 0.7724 0.6352 -0.0000
vn 0.7983 0.6023 -0.0000
vn 0.6083 0.7937 -0.0000
vn 0.6471 0.7624 -0.0000
vn 0.4132 0.9107 -0.0000
vn 0.4626 0.8866 -0.0000
vn 0.2063 0.9785 -0.0000
vn 0.2594 0.9658 -0.0000
vn 0.2453 -0.9694 -0.0000
vn 0.2090 -0.9779 -0.0000
vn 0.2643 -0.9644 -0.0000
vn 0.2340 -0.9722 -0.0000
vn 0.4220 -0.9066 -0.0000
vn 0.4705 -0.8824 -0.0000
vn 0.6143 -0.7891 -0.0000
vn 0.6523 -0.7580 -0.0000
vn 0.7757 -0.6311 -0.0000
vn 0.8011 -0.5985 -0.0000
vn 0.8979 -0.4402 -0.0000
vn 0.9108 -0.4128 -0.0000
vn 0.9741 -0.2261 -0.0000
vn 0.9776 -0.2103 -0.0000
vn 0.9991 -0.0431 -0.0000
vn 0.9992 -0.0412 -0.0000
vn -0.4787 -0.0918 0.8732
vn -0.4564 -0.3140 0.8325
vn -0.0000 -0.2469 0.9690
vn -0.0000 -0.0690 0.9976
vn -0.3918 -0.5794 0.7147
vn -0.0000 -0.4803 0.8771
vn -0.3050 -0.7730 0.5563
vn -0.0000 -0.6856 0.7280
vn -0.2109 -0.8986 0.3847
vn -0.0000 -0.8482 0.5297
vn -0.1167 -0.9701 0.2129
vn -0.0000 -0.9556 0.2946
vn -0.0407 -0.9964 0.0742
vn -0.0000 -0.9944 0.1057
vn -0.3073 -0.9516 -0.0000
vn -0.1100 -0.9939 -0.0000
vn -0.5404 -0.8414 -0.0000
vn -0.7355 -0.6775 -0.0000
vn -0.8812 -0.4728 -0.0000
vn -0.9702 -0.2423 -0.0000
vn -0.9977 -0.0684 -0.0000
vn -0.0372 -0.9963 -0.0778
vn -0.1064 -0.9690 -0.2228
vn -0.0000 -0.9560 -0.2933
vn -0.0000 -0.9944 -0.1052
vn -0.1919 -0.8954 -0.4017
vn -0.0000 -0.8488 -0.5287
vn -0.2764 -0.7674 -0.5786
vn -0.0000 -0.6864 -0.7273
vn -0.3534 -0.5725 -0.7399
vn -0.0000 -0.4810 -0.8767
vn -0.4098 -0.3090 -0.8582
vn -0.0000 -0.2473 -0.9689
vn -0.4292 -0.0902 -0.8987
vn -0.0000 -0.0691 -0.9976
vn -0.0407 0.9964 0.0742
vn -0.1167 0.9701 0.2129
vn -0.0000 0.9556 0.2946
vn -0.0000 0.9944 0.1057
vn -0.2109 0.8986 0.3847
vn -0.0000 0.8482 0.5297
vn -0.3050 0.7730 0.5563
vn -0.0000 0.6856 0.7280
vn -0.3918 0.5794 0.7147
vn -0.0000 0.4803 0.8771
vn -0.4564 0.3140 0.8325
vn -0.0000 0.2469 0.9690
vn -0.4787 0.0918 0.8732
vn -0.0000 0.0690 0.9976
vn -0.9702 0.2423 -0.0000
vn -0.9977 0.0685 -0.0000
vn -0.8812 0.4728 -0.0000
vn -0.7355 0.6775 -0.0000
vn -0.5404 0.8414 -0.0000
vn -0.3073 0.9516 -0.0000
vn -0.1100 0.9939 -0.0000
vn -0.4292 0.0902 -0.8987
vn -0.4098 0.3090 -0.8582
vn -0.0000 0.2473 -0.9689
vn -0.0000 0.0691 -0.9976
vn -0.3534 0.5725 -0.7399
vn -0.0000 0.4810 -0.8767
vn -0.2764 0.7673 -0.5786
vn -0.0000 0.6864 -0.7272
vn -0.1919 0.8954 -0.4017
vn -0.0000 0.8488 -0.5287
vn -0.1064 0.9690 -0.2228
vn -0.0000 0.9560 -0.2933
vn -0.0372 0.9963 -0.0778
vn -0.0000 0.9944 -0.1053
vn 0.9975 0.0713 -0.0000
vn 0.9646 0.2635 -0.0000
vn 0.9702 0.2423 -0.0000
vn 0.9977 0.0684 -0.0000
vn 0.8614 0.5079 -0.0000
vn 0.8811 0.4728 -0.0000
vn 0.6983 0.7158 -0.0000
vn 0.7355 0.6776 -0.0000
vn 0.4874 0.8732 -0.0000
vn 0.5403 0.8415 -0.0000
vn 0.2436 0.9699 -0.0000
vn 0.3072 0.9517 -0.0000
vn 0.0844 0.9964 -0.0000
vn 0.1100 0.9939 -0.0000
vn 0.0844 -0.9964 -0.0000
vn 0.2436 -0.9699 -0.0000
vn 0.3072 -0.9517 -0.0000
vn 0.1100 -0.9939 -0.0000
vn 0.4874 -0.8732 -0.0000
vn 0.5403 -0.8415 -0.0000
vn 0.6983 -0.7158 -0.0000
vn 0.7355 -0.6776 -0.0000
vn 0.8614 -0.5079 -0.0000
vn 0.8811 -0.4728 -0.0000
vn 0.9646 -0.2635 -0.0000
vn 0.9702 -0.2423 -0.0000
vn 0.9975 -0.0713 -0.0000
vn 0.9977 -0.0684 -0.0000
vn -0.4426 0.3897 0.8076
vn -0.9611 0.2760 -0.0000
vn -0.3979 0.3837 -0.8333
vn -0.0000 0.2549 -0.9670
vn 0.9842 0.1769 -0.0000
vn 0.9612 0.2759 -0.0000
vn -0.0000 0.2568 0.9665
vn -0.0315 0.9979 0.0574
vn -0.1165 0.9702 0.2126
vn -0.0000 0.9558 0.2940
vn -0.0000 0.9974 0.0726
vn -0.2108 0.8988 0.3845
vn -0.0000 0.8484 0.5293
vn -0.3048 0.7732 0.5561
vn -0.0000 0.6859 0.7277
vn -0.3917 0.5797 0.7145
vn -0.0000 0.4806 0.8770
vn -0.4564 0.3142 0.8324
vn -0.0000 0.2470 0.9690
vn -0.4804 0.0343 0.8764
vn -0.0000 0.0261 0.9997
vn -0.9702 0.2424 -0.0000
vn -0.9997 0.0257 -0.0000
vn -0.8811 0.4730 -0.0000
vn -0.7353 0.6778 -0.0000
vn -0.5400 0.8417 -0.0000
vn -0.3068 0.9518 -0.0000
vn -0.0800 0.9968 -0.0000
vn -0.4307 0.0337 -0.9019
vn -0.4099 0.3092 -0.8582
vn -0.0000 0.2475 -0.9689
vn -0.0000 0.0261 -0.9997
vn -0.3533 0.5727 -0.7397
vn -0.0000 0.4813 -0.8766
vn -0.2762 0.7676 -0.5784
vn -0.0000 0.6867 -0.7269
vn -0.1917 0.8956 -0.4014
vn -0.0000 0.8491 -0.5283
vn -0.1063 0.9691 -0.2225
vn -0.0000 0.9562 -0.2928
vn -0.0287 0.9978 -0.0601
vn -0.0000 0.9974 -0.0719
vn 0.9996 0.0275 -0.0000
vn 0.9646 0.2637 -0.0000
vn 0.9702 0.2425 -0.0000
vn 0.9997 0.0257 -0.0000
vn 0.8613 0.5081 -0.0000
vn 0.8810 0.4731 -0.0000
vn 0.6980 0.7161 -0.0000
vn 0.7352 0.6779 -0.0000
vn 0.4869 0.8734 -0.0000
vn 0.5399 0.8417 -0.0000
vn 0.2430 0.9700 -0.0000
vn 0.3067 0.9518 -0.0000
vn 0.0457 0.9990 -0.0000
vn 0.0799 0.9968 -0.0000
vn -0.1684 0.9367 0.3071
vn -0.4825 0.8759 -0.0000
vn -0.1533 0.9346 -0.3210
vn -0.0000 0.8574 -0.5146
vn 0.6607 0.7506 -0.0000
vn 0.4827 0.8758 -0.0000
vn -0.0000 0.8592 0.5116
vn -0.0000 -0.6347 -0.7728
vn -0.0000 -0.5186 -0.8550
vn -0.8016 -0.4637 0.3773
vn -0.8578 -0.5140 -0.0000
vn -0.0000 -0.4437 0.8962
vn 0.8769 -0.4807 -0.0000
vn 0.7515 -0.6598 -0.0000
vn -0.6342 -0.7133 0.2985
vn -0.6513 -0.7588 -0.0000
vn -0.0000 -0.8475 -0.5308
vn -0.0000 -0.7627 -0.6467
vn 0.6842 -0.7293 -0.0000
vn 0.5054 -0.8629 -0.0000
vn -0.0000 -0.6935 0.7205
vn -0.0000 -0.5436 0.8393
vn -0.6583 -0.6860 0.3098
vn -0.9048 0.0001 0.4258
vn -0.8631 -0.5050 -0.0000
vn -0.0000 -0.5022 -0.8648
vn -0.0001 -0.4117 -0.9113
vn 0.9228 -0.3853 -0.0000
vn 0.8516 -0.5242 -0.0000
vn -0.6878 -0.6497 0.3236
vn -0.8834 -0.4686 -0.0000
vn -0.0000 -0.3789 -0.9254
vn -0.0000 -0.4658 -0.8849
vn 0.8732 -0.4873 -0.0000
vn 0.9352 -0.3540 -0.0000
vn -0.0000 -0.5063 0.8624
vn -0.0000 -0.2106 0.9776
vn -0.0000 -0.5455 0.8381
vn -0.6826 -0.6563 0.3213
vn -0.8712 -0.2698 0.4100
vn -0.0000 -0.4132 0.9107
vn -0.7791 -0.5084 0.3667
vn -0.0000 -0.5990 0.8008
vn -0.6486 -0.6972 0.3053
vn -0.0000 -0.7584 0.6517
vn -0.4998 -0.8336 0.2352
vn -0.0000 -0.8827 0.4699
vn -0.3457 -0.9241 0.1627
vn -0.0000 -0.9646 0.2636
vn -0.1918 -0.9773 0.0903
vn -0.0000 -0.9965 0.0840
vn -0.0614 -0.9977 0.0289
vn -0.2495 -0.9684 -0.0000
vn -0.0774 -0.9970 -0.0000
vn -0.4575 -0.8892 -0.0000
vn -0.6419 -0.7668 -0.0000
vn -0.7941 -0.6078 -0.0000
vn -0.9072 -0.4207 -0.0000
vn -0.9766 -0.2149 -0.0000
vn -0.8393 -0.5436 -0.0000
vn -0.0000 -0.9970 -0.0769
vn -0.0000 -0.9686 -0.2485
vn -0.0000 -0.9757 -0.2192
vn -0.0000 -0.9980 -0.0625
vn -0.0000 -0.8897 -0.4566
vn -0.0000 -0.9024 -0.4309
vn -0.0000 -0.7674 -0.6412
vn -0.0000 -0.7837 -0.6211
vn -0.0000 -0.6084 -0.7937
vn -0.0000 -0.6254 -0.7803
vn -0.0000 -0.4212 -0.9070
vn -0.0000 -0.4356 -0.9002
vn -0.0000 -0.2152 -0.9766
vn -0.0000 -0.2235 -0.9747
vn -0.0000 -0.5435 -0.8394
vn -0.0000 -0.5385 -0.8426
vn 0.0585 -0.9983 -0.0000
vn 0.2115 -0.9774 -0.0000
vn 0.2564 -0.9666 -0.0000
vn 0.0807 -0.9967 -0.0000
vn 0.4242 -0.9056 -0.0000
vn 0.4635 -0.8861 -0.0000
vn 0.6159 -0.7878 -0.0000
vn 0.6467 -0.7627 -0.0000
vn 0.7768 -0.6298 -0.0000
vn 0.7973 -0.6035 -0.0000
vn 0.8984 -0.4391 -0.0000
vn 0.9089 -0.4170 -0.0000
vn 0.9742 -0.2255 -0.0000
vn 0.9771 -0.2128 -0.0000
vn 0.8436 -0.5370 -0.0000
vn 0.8387 -0.5446 -0.0000
vn -0.5350 -0.8064 0.2518
vn -0.7400 -0.6726 -0.0000
vn -0.0000 -0.6713 -0.7412
vn -0.0000 -0.6377 -0.7703
vn 0.7765 -0.6302 -0.0000
vn 0.7312 -0.6822 -0.0000
vn -0.0000 -0.6929 0.7210
vn -0.0000 -0.2863 0.9581
vn -0.8445 -0.3590 0.3975
vn -0.0000 -0.5535 0.8329
vn -0.6875 -0.6501 0.3236
vn -0.0000 -0.7767 0.6298
vn -0.4838 -0.8450 0.2277
vn -0.0000 -0.9313 0.3643
vn -0.2690 -0.9548 0.1266
vn -0.0000 -0.9926 0.1218
vn -0.0885 -0.9952 0.0416
vn -0.3453 -0.9385 -0.0000
vn -0.1132 -0.9936 -0.0000
vn -0.6153 -0.7883 -0.0000
vn -0.8245 -0.5659 -0.0000
vn -0.9556 -0.2946 -0.0000
vn -0.0000 -0.9936 -0.1126
vn -0.0000 -0.9390 -0.3440
vn -0.0000 -0.9524 -0.3047
vn -0.0000 -0.9956 -0.0933
vn -0.0000 -0.7891 -0.6142
vn -0.0000 -0.8114 -0.5845
vn -0.0000 -0.5667 -0.8239
vn -0.0000 -0.5904 -0.8071
vn -0.0000 -0.2952 -0.9554
vn -0.0000 -0.3107 -0.9505
vn -0.0000 0.9313 0.3643
vn -0.0000 0.9926 0.1217
vn -0.0885 0.9952 0.0416
vn -0.2690 0.9548 0.1266
vn -0.0000 0.7767 0.6298
vn -0.4838 0.8450 0.2277
vn -0.0000 0.5535 0.8329
vn -0.6875 0.6501 0.3236
vn -0.0000 0.2863 0.9581
vn -0.8445 0.3590 0.3975
vn -0.9556 0.2946 -0.0000
vn -0.8245 0.5659 -0.0000
vn -0.6153 0.7883 -0.0000
vn -0.3453 0.9385 -0.0000
vn -0.1132 0.9936 -0.0000
vn -0.0000 0.2952 -0.9554
vn -0.0000 0.3107 -0.9505
vn -0.0000 0.5668 -0.8239
vn -0.0000 0.5904 -0.8071
vn -0.0000 0.7891 -0.6142
vn -0.0000 0.8114 -0.5845
vn -0.0000 0.9390 -0.3440
vn -0.0000 0.9524 -0.3047
vn -0.0000 0.9936 -0.1126
vn -0.0000 0.9956 -0.0933
vn 0.9493 0.3144 -0.0000
vn 0.9568 0.2906 -0.0000
vn 0.8028 0.5962 -0.0000
vn 0.8286 0.5599 -0.0000
vn 0.5767 0.8170 -0.0000
vn 0.6224 0.7827 -0.0000
vn 0.2943 0.9557 -0.0000
vn 0.3546 0.9350 -0.0000
vn 0.0878 0.9961 -0.0000
vn 0.1175 0.9931 -0.0000
vn 0.0878 -0.9961 -0.0000
vn 0.2943 -0.9557 -0.0000
vn 0.3546 -0.9350 -0.0000
vn 0.1175 -0.9931 -0.0000
vn 0.5767 -0.8170 -0.0000
vn 0.6224 -0.7827 -0.0000
vn 0.8028 -0.5963 -0.0000
vn 0.8286 -0.5599 -0.0000
vn 0.9493 -0.3145 -0.0000
vn 0.9568 -0.2906 -0.0000
vn -0.4022 -0.8958 0.1893
vn -0.6246 -0.7809 -0.0000
vn -0.4022 0.8958 0.1893
vn -0.6246 0.7809 -0.0000
vn -0.0000 0.7786 -0.6275
vn -0.0000 0.6945 -0.7195
vn -0.0000 -0.6945 -0.7195
vn -0.0000 -0.7786 -0.6275
vn 0.6051 -0.7961 -0.0000
vn 0.7461 -0.6658 -0.0000
vn 0.7461 0.6658 -0.0000
vn 0.6051 0.7961 -0.0000
vn -0.0000 -0.8105 0.5857
vn -0.0000 0.8105 0.5857
vn -0.0000 -0.2429 0.9701
vn -0.0000 -0.0554 0.9985
vn -0.9024 -0.0726 0.4247
vn -0.8607 -0.3085 0.4051
vn -0.0000 -0.4738 0.8806
vn -0.7423 -0.5719 0.3493
vn -0.0000 -0.6786 0.7345
vn -0.5807 -0.7669 0.2733
vn -0.0000 -0.8424 0.5389
vn -0.4032 -0.8952 0.1898
vn -0.0000 -0.9522 0.3055
vn -0.2236 -0.9690 0.1053
vn -0.0000 -0.9966 0.0830
vn -0.0628 -0.9976 0.0296
vn -0.2892 -0.9573 -0.0000
vn -0.0739 -0.9973 -0.0000
vn -0.5253 -0.8509 -0.0000
vn -0.7248 -0.6889 -0.0000
vn -0.8754 -0.4834 -0.0000
vn -0.9686 -0.2487 -0.0000
vn -0.9984 -0.0561 -0.0000
vn -0.0000 -0.9973 -0.0732
vn -0.0000 -0.9576 -0.2881
vn -0.0000 -0.9671 -0.2544
vn -0.0000 -0.9985 -0.0553
vn -0.0000 -0.8515 -0.5243
vn -0.0000 -0.8681 -0.4963
vn -0.0000 -0.6896 -0.7241
vn -0.0000 -0.7097 -0.7045
vn -0.0000 -0.4840 -0.8751
vn -0.0000 -0.5024 -0.8647
vn -0.0000 -0.2491 -0.9685
vn -0.0000 -0.2602 -0.9656
vn -0.0000 -0.0562 -0.9984
vn -0.0000 -0.0576 -0.9983
vn 0.0507 -0.9987 -0.0000
vn 0.2456 -0.9694 -0.0000
vn 0.2972 -0.9548 -0.0000
vn 0.0783 -0.9969 -0.0000
vn 0.4890 -0.8723 -0.0000
vn 0.5319 -0.8468 -0.0000
vn 0.6994 -0.7147 -0.0000
vn 0.7296 -0.6839 -0.0000
vn 0.8620 -0.5069 -0.0000
vn 0.8780 -0.4787 -0.0000
vn 0.9648 -0.2630 -0.0000
vn 0.9693 -0.2459 -0.0000
vn 0.9983 -0.0580 -0.0000
vn 0.9984 -0.0558 -0.0000
vn -0.0000 0.9522 0.3055
vn -0.0000 0.9966 0.0830
vn -0.0628 0.9976 0.0296
vn -0.2236 0.9690 0.1053
vn -0.0000 0.8424 0.5389
vn -0.4032 0.8952 0.1898
vn -0.0000 0.6786 0.7345
vn -0.5807 0.7669 0.2733
vn -0.0000 0.4738 0.8806
vn -0.7423 0.5719 0.3493
vn -0.0000 0.2429 0.9701
vn -0.8607 0.3086 0.4051
vn -0.0000 0.0554 0.9985
vn -0.9024 0.0726 0.4247
vn -0.9686 0.2487 -0.0000
vn -0.9984 0.0561 -0.0000
vn -0.8754 0.4834 -0.0000
vn -0.7248 0.6889 -0.0000
vn -0.5253 0.8509 -0.0000
vn -0.2892 0.9573 -0.0000
vn -0.0739 0.9973 -0.0000
vn -0.0000 0.0562 -0.9984
vn -0.0000 0.2491 -0.9685
vn -0.0000 0.2602 -0.9656
vn -0.0000 0.0576 -0.9983
vn -0.0000 0.4840 -0.8751
vn -0.0000 0.5024 -0.8647
vn -0.0000 0.6896 -0.7241
vn -0.0000 0.7097 -0.7045
vn -0.0000 0.8515 -0.5243
vn -0.0000 0.8681 -0.4963
vn -0.0000 0.9576 -0.2881
vn -0.0000 0.9671 -0.2544
vn -0.0000 0.9973 -0.0732
vn -0.0000 0.9985 -0.0552
vn 0.9983 0.0580 -0.0000
vn 0.9648 0.2629 -0.0000
vn 0.9693 0.2459 -0.0000
vn 0.9984 0.0558 -0.0000
vn 0.8620 0.5069 -0.0000
vn 0.8780 0.4787 -0.0000
vn 0.6994 0.7147 -0.0000
vn 0.7296 0.6839 -0.0000
vn 0.4890 0.8723 -0.0000
vn 0.5319 0.8468 -0.0000
vn 0.2456 0.9694 -0.0000
vn 0.2972 0.9548 -0.0000
vn 0.0507 0.9987 -0.0000
vn 0.0783 0.9969 -0.0000
vn -0.9024 -0.0727 0.4247
vn -0.8607 -0.3086 0.4051
vn -0.0000 -0.4739 0.8806
vn -0.7422 -0.5719 0.3493
vn -0.2236 -0.9690 0.1052
vn -0.0000 -0.9966 0.0829
vn -0.0738 -0.9973 -0.0000
vn -0.5252 -0.8510 -0.0000
vn -0.7248 -0.6890 -0.0000
vn -0.9686 -0.2488 -0.0000
vn -0.0000 -0.9576 -0.2880
vn -0.0000 -0.9671 -0.2543
vn -0.0000 -0.9985 -0.0552
vn -0.0000 -0.8516 -0.5243
vn -0.0000 -0.8682 -0.4963
vn -0.0000 -0.6897 -0.7241
vn -0.0000 -0.4841 -0.8750
vn -0.0000 -0.2492 -0.9685
vn -0.0000 -0.2603 -0.9655
vn 0.0506 -0.9987 -0.0000
vn 0.2455 -0.9694 -0.0000
vn 0.0782 -0.9969 -0.0000
vn 0.4889 -0.8723 -0.0000
vn 0.7295 -0.6840 -0.0000
vn 0.8779 -0.4788 -0.0000
vn -0.0000 0.9966 0.0829
vn -0.2236 0.9690 0.1052
vn -0.5806 0.7669 0.2733
vn -0.0000 0.4739 0.8806
vn -0.7422 0.5719 0.3494
vn -0.9686 0.2488 -0.0000
vn -0.7248 0.6890 -0.0000
vn -0.5252 0.8510 -0.0000
vn -0.0738 0.9973 -0.0000
vn -0.0000 0.2492 -0.9685
vn -0.0000 0.2603 -0.9655
vn -0.0000 0.4841 -0.8750
vn -0.0000 0.6897 -0.7241
vn -0.0000 0.8516 -0.5243
vn -0.0000 0.8682 -0.4963
vn -0.0000 0.9576 -0.2880
vn -0.0000 0.9671 -0.2543
vn 0.9648 0.2630 -0.0000
vn 0.8779 0.4788 -0.0000
vn 0.7295 0.6840 -0.0000
vn 0.4889 0.8723 -0.0000
vn 0.2455 0.9694 -0.0000
vn 0.0506 0.9987 -0.0000
vn 0.0782 0.9969 -0.0000
vn -0.4020 -0.8959 0.1892
vn -0.6244 -0.7811 -0.0000
vn -0.0000 -0.7788 -0.6273
vn -0.0000 -0.6947 -0.7193
vn 0.7459 -0.6661 -0.0000
vn 0.6049 -0.7963 -0.0000
vn -0.0000 -0.8107 0.5855
vn -0.4020 0.8959 0.1892
vn -0.6244 0.7811 -0.0000
vn -0.0000 0.6947 -0.7193
vn -0.0000 0.7788 -0.6273
vn 0.6049 0.7963 -0.0000
vn 0.7459 0.6661 -0.0000
vn -0.0000 0.8107 0.5855
vn -0.0268 0.9984 0.0489
vn -0.1166 0.9702 0.2126
vn -0.0000 0.9983 0.0586
vn -0.3048 0.7732 0.5560
vn -0.0000 0.4806 0.8769
vn -0.4804 0.0384 0.8762
vn -0.0000 0.0292 0.9996
vn -0.9996 0.0288 -0.0000
vn -0.8810 0.4731 -0.0000
vn -0.0660 0.9978 -0.0000
vn -0.4306 0.0377 -0.9017
vn -0.0000 0.0292 -0.9996
vn -0.2763 0.7676 -0.5784
vn -0.0245 0.9984 -0.0513
vn -0.0000 0.9983 -0.0579
vn 0.9995 0.0308 -0.0000
vn 0.9996 0.0288 -0.0000
vn 0.0338 0.9994 -0.0000
vn 0.0659 0.9978 -0.0000
vn -0.0000 0.9983 0.0585
vn -0.2108 0.8988 0.3844
vn -0.0000 0.8485 0.5293
vn -0.4794 0.0741 0.8745
vn -0.0000 0.0559 0.9984
vn -0.9985 0.0553 -0.0000
vn -0.7352 0.6778 -0.0000
vn -0.5399 0.8417 -0.0000
vn -0.3067 0.9518 -0.0000
vn -0.4298 0.0728 -0.9000
vn -0.0000 0.0560 -0.9984
vn -0.0000 0.4813 -0.8765
vn -0.2762 0.7676 -0.5783
vn -0.0000 0.8491 -0.5282
vn -0.0000 0.9562 -0.2927
vn -0.0245 0.9984 -0.0512
vn -0.0000 0.9983 -0.0578
vn 0.9983 0.0581 -0.0000
vn 0.9985 0.0553 -0.0000
vn 0.8613 0.5082 -0.0000
vn 0.4869 0.8735 -0.0000
vn 0.5398 0.8418 -0.0000
vn 0.3066 0.9518 -0.0000
vn 0.0660 0.9978 -0.0000
vn -0.7268 0.6869 -0.0000
vn -0.2804 0.8122 0.5115
vn -0.2543 0.8072 -0.5326
vn -0.0000 0.6553 -0.7554
vn 0.7270 0.6867 -0.0000
vn 0.8607 0.5091 -0.0000
vn -0.0000 0.6582 0.7528
vn -0.5475 -0.0000 0.8368
vn -0.4471 -0.0000 -0.8945
vn 0.7254 -0.0000 -0.6884
vn 0.4433 0.7035 -0.5554
vn 0.8096 -0.0000 0.5870
vn 0.5041 0.7238 0.4711
vn -0.6847 0.7288 -0.0000
vn -0.7880 0.1918 -0.5851
vn -0.0000 0.3113 -0.9503
vn -0.7077 -0.0000 -0.7065
vn -0.8203 -0.3796 -0.4279
vn -0.6847 -0.7288 -0.0000
vn -0.0000 -0.6636 -0.7481
vn -0.7077 -0.0000 0.7065
vn -0.7838 0.1778 0.5950
vn -0.0000 0.2862 0.9582
vn 0.5085 -0.8611 -0.0000
vn 0.3215 -0.5444 -0.7748
vn -0.0000 -0.7971 -0.6038
vn -0.7494 -0.0000 -0.6621
vn -0.4956 0.3786 -0.7817
vn -0.7946 0.6071 -0.0000
vn 0.5343 0.3342 -0.7765
vn 0.8478 0.5303 -0.0000
vn -0.0000 0.7971 -0.6038
vn 0.7494 -0.0000 -0.6621
vn 0.9999 0.0150 -0.0000
vn 0.9997 0.0240 0.0002
vn 0.9999 0.0042 0.0109
vn 0.9999 -0.0002 0.0156
vn -0.0000 0.3546 0.9350
vn 0.9997 -0.0240 -0.0000
vn 0.9999 -0.0150 0.0001
vn 0.9999 -0.0000 -0.0156
vn 0.9999 0.0037 -0.0113
vn 0.0001 0.3132 -0.9497
vn 0.8584 0.5131 -0.0000
vn 0.5635 0.3368 0.7544
vn -0.0000 0.8128 0.5825
vn -0.5440 0.3602 0.7578
vn -0.7705 -0.0000 0.6375
vn -0.8338 0.5521 -0.0000
vn 0.3441 -0.5568 0.7560
vn 0.5258 -0.8506 -0.0000
vn -0.0000 -0.8128 0.5826
vn 0.7705 -0.0000 0.6375
vn -0.5491 0.8358 -0.0000
vn -0.5594 0.2581 -0.7877
vn -0.4840 -0.0000 -0.8750
vn -0.6019 -0.5299 -0.5974
vn -0.5491 -0.8358 -0.0000
vn -0.4840 -0.0000 0.8750
vn -0.5541 0.2383 0.7976
vn 0.4580 -0.7756 -0.4343
vn -0.0000 -0.8895 -0.4570
vn -0.9394 -0.0000 -0.3427
vn -0.7124 0.5443 -0.4430
vn 0.7625 0.4770 -0.4371
vn -0.0000 0.8895 -0.4569
vn 0.9394 -0.0000 -0.3427
vn 0.1756 0.9845 -0.0000
vn 0.3111 0.9504 -0.0000
vn 0.1830 0.3485 0.9193
vn 0.1474 -0.0000 0.9891
vn 0.3111 -0.9504 -0.0000
vn 0.1756 -0.9845 -0.0000
vn 0.1474 -0.0000 -0.9891
vn 0.1793 0.3081 -0.9343
vn 0.8185 0.4892 0.3014
vn -0.0000 0.9491 0.3150
vn -0.7943 0.5259 0.3042
vn -0.9728 -0.0000 0.2316
vn 0.5011 -0.8109 0.3022
vn -0.0000 -0.9491 0.3150
vn 0.9728 -0.0000 0.2316
vn -0.9924 0.1231 -0.0000
vn -0.9956 0.0271 -0.0899
vn -0.0000 0.2885 -0.9575
vn -0.9929 0.0001 -0.1188
vn -0.9966 -0.0522 -0.0640
vn -0.9924 -0.1231 -0.0001
vn -0.0000 -0.6321 -0.7749
vn -0.9929 -0.0000 0.1188
vn -0.9955 0.0252 0.0918
vn -0.0000 0.2649 0.9643
vn 0.5404 -0.8414 -0.0000
vn 0.3260 -0.5077 -0.7975
vn -0.0000 -0.7770 -0.6295
vn -0.7271 -0.0000 -0.6865
vn -0.4913 0.3452 -0.7996
vn -0.8182 0.5749 -0.0000
vn 0.5272 0.3033 -0.7938
vn 0.8668 0.4986 -0.0000
vn -0.0000 0.7769 -0.6296
vn 0.7271 -0.0000 -0.6865
vn 0.5555 0.8315 -0.0000
vn 0.3859 0.9225 -0.0000
vn 0.6781 0.2420 0.6940
vn 0.5824 -0.0000 0.8129
vn -0.0000 0.3293 0.9442
vn 0.3859 -0.9225 -0.0000
vn 0.5555 -0.8315 -0.0000
vn 0.5824 -0.0000 -0.8129
vn 0.6704 0.2153 -0.7101
vn 0.0001 0.2902 -0.9570
vn 0.8763 0.4817 -0.0000
vn 0.4055 0.2229 0.8865
vn -0.0000 0.6383 0.7698
vn -0.3915 0.2384 0.8887
vn -0.5831 -0.0000 0.8124
vn -0.8541 0.5201 -0.0000
vn 0.2535 -0.3772 0.8908
vn 0.5578 -0.8300 -0.0000
vn -0.0000 -0.6383 0.7698
vn 0.5831 -0.0000 0.8124
vn -0.0000 0.9222 -0.3867
vn -0.0001 0.9232 -0.3843
vn -0.0000 -0.6904 -0.7234
vn -0.0000 -0.6877 -0.7260
vn -0.0000 -0.5078 -0.8615
vn -0.0000 -0.5090 -0.8607
vn -0.0000 -0.4406 -0.8977
vn -0.0000 -0.4379 -0.8990
vn -0.0000 -0.6925 -0.7214
vn -0.0000 -0.6932 -0.7207
vn -0.0000 -0.5454 -0.8382
vn -0.0000 -0.2110 -0.9775
vn -0.0000 -0.2111 -0.9775
vn -0.0000 -0.4136 -0.9104
vn -0.0000 -0.4139 -0.9103
vn -0.0000 -0.5991 -0.8007
vn -0.0000 -0.5994 -0.8004
vn -0.0000 -0.7582 -0.6520
vn -0.0000 -0.7585 -0.6516
vn -0.0000 -0.8824 -0.4706
vn -0.0000 -0.8826 -0.4701
vn -0.0000 -0.9644 -0.2646
vn -0.0000 -0.9645 -0.2641
vn -0.0000 -0.9964 -0.0845
vn -0.0000 -0.9964 -0.0842
vn -0.0000 -0.5451 -0.8384
vn -0.0000 -0.5464 -0.8375
vn -0.0000 -0.1412 -0.9900
vn 0.0001 -0.1417 -0.9899
vn -0.0001 0.0457 -0.9990
vn -0.0000 0.0456 -0.9990
vn -0.0000 0.9965 -0.0837
vn -0.0000 0.9965 -0.0833
vn -0.0000 0.9518 -0.3067
vn -0.0000 0.9520 -0.3061
vn -0.0000 0.8420 -0.5396
vn -0.0000 0.8423 -0.5391
vn -0.0000 0.6785 -0.7346
vn -0.0000 0.6789 -0.7342
vn -0.0000 0.4742 -0.8804
vn -0.0000 0.4746 -0.8802
vn -0.0000 0.2434 -0.9699
vn -0.0000 0.2436 -0.9699
vn -0.0000 0.0555 -0.9985
vn -0.0000 0.8127 -0.5826
vn -0.0000 0.8118 -0.5839
vn -0.0000 0.9965 -0.0836
vn -0.0000 0.9518 -0.3066
vn -0.0000 0.9520 -0.3060
vn -0.0000 0.8420 -0.5395
vn -0.0000 0.8423 -0.5390
vn -0.0000 0.6786 -0.7345
vn -0.0000 0.4743 -0.8804
vn -0.0000 0.8126 -0.5829
vn -0.0000 0.8116 -0.5842
vn -0.0000 0.9925 -0.1224
vn -0.0000 0.9925 -0.1221
vn -0.0000 0.9308 -0.3656
vn -0.0000 0.9311 -0.3649
vn -0.0000 0.7763 -0.6303
vn -0.0000 0.7768 -0.6298
vn -0.0000 0.5537 -0.8327
vn -0.0000 0.5542 -0.8324
vn -0.0000 0.2869 -0.9580
vn -0.0000 0.2873 -0.9579
vn -0.0000 -0.2869 -0.9580
vn -0.0000 -0.2873 -0.9579
vn -0.0000 -0.5537 -0.8327
vn -0.0000 -0.5542 -0.8324
vn -0.0000 -0.7763 -0.6303
vn -0.0000 -0.7768 -0.6298
vn -0.0000 -0.9308 -0.3656
vn -0.0000 -0.9311 -0.3649
vn -0.0000 -0.9925 -0.1224
vn -0.0000 -0.9925 -0.1221
vn -0.0000 -0.8116 -0.5842
vn -0.0000 -0.8126 -0.5829
vn -0.0000 -0.0555 -0.9985
vn -0.0000 -0.2434 -0.9699
vn -0.0000 -0.2436 -0.9699
vn -0.0000 -0.4743 -0.8804
vn -0.0000 -0.4746 -0.8802
vn -0.0000 -0.6786 -0.7345
vn -0.0000 -0.6789 -0.7342
vn -0.0000 -0.8420 -0.5395
vn -0.0000 -0.8423 -0.5390
vn -0.0000 -0.9518 -0.3066
vn -0.0000 -0.9520 -0.3060
vn -0.0000 -0.9965 -0.0836
vn -0.0000 -0.9965 -0.0833
vn -0.0000 -0.8118 -0.5840
vn -0.0000 -0.8127 -0.5827
vn -0.0000 -0.4742 -0.8804
vn -0.0000 -0.6785 -0.7346
vn -0.0000 -0.8419 -0.5396
vn -0.0000 -0.8423 -0.5391
vn -0.0000 -0.9518 -0.3067
vn -0.0000 -0.9520 -0.3061
vn -0.0000 -0.9965 -0.0837
vn -0.0000 -0.9965 -0.0834
vn -0.0000 -0.0385 -0.9993
vn 0.0001 -0.0386 -0.9993
vn -0.0001 0.0765 -0.9971
vn -0.0000 0.0763 -0.9971
vn -0.0000 0.9978 -0.0660
vn -0.0000 0.9979 -0.0654
vn -0.0000 0.9519 -0.3065
vn -0.0000 0.8420 -0.5394
vn -0.0000 0.8423 -0.5389
vn -0.0000 0.6790 -0.7342
vn -0.0000 0.2437 -0.9699
vn -0.0000 0.0289 -0.9996
vn -0.0000 0.6865 -0.7271
vn -0.0000 0.6853 -0.7283
vn -0.0000 0.9978 -0.0658
vn -0.0000 0.9521 -0.3059
vn -0.0000 0.8424 -0.5389
vn -0.0000 0.6790 -0.7341
vn -0.0000 0.4747 -0.8802
vn -0.0000 0.2435 -0.9699
vn -0.0000 0.8757 -0.4829
vn -0.0000 0.8750 -0.4841
vn -0.0000 0.9968 -0.0798
vn -0.0000 0.9968 -0.0796
vn -0.0000 0.0258 -0.9997
vn 0.0002 0.2758 -0.9612
vn -0.0000 0.2749 -0.9615
vn -0.0000 0.9939 -0.1099
vn -0.0000 0.9940 -0.1098
vn -0.0000 0.9517 -0.3070
vn -0.0000 0.9519 -0.3064
vn -0.0000 0.8418 -0.5399
vn -0.0000 0.8421 -0.5394
vn -0.0000 0.6783 -0.7348
vn -0.0000 0.6787 -0.7344
vn -0.0000 0.4740 -0.8805
vn -0.0000 0.4744 -0.8803
vn -0.0000 0.2433 -0.9700
vn -0.0000 0.0686 -0.9976
vn -0.0000 -0.0686 -0.9976
vn -0.0000 -0.2433 -0.9700
vn -0.0000 -0.2435 -0.9699
vn -0.0000 -0.4740 -0.8805
vn -0.0000 -0.4744 -0.8803
vn -0.0000 -0.6783 -0.7348
vn -0.0000 -0.6787 -0.7344
vn -0.0000 -0.8418 -0.5399
vn -0.0000 -0.8421 -0.5394
vn -0.0000 -0.9517 -0.3070
vn -0.0000 -0.9519 -0.3065
vn -0.0000 -0.9939 -0.1099
vn -0.0000 -0.9940 -0.1098
vn -0.0000 -0.9960 -0.0895
vn -0.0000 -0.9961 -0.0886
vn -0.0000 -0.7716 -0.6362
vn -0.0000 -0.7726 -0.6349
vn -0.0000 -0.9170 -0.3988
vn -0.0000 -0.9159 -0.4013
vn -0.0000 -0.7500 -0.6615
vn -0.0000 -0.7511 -0.6602
vn -0.0001 0.1364 -0.9907
vn -0.0000 0.7511 -0.6602
vn -0.0000 0.7500 -0.6615
vn -0.0000 0.9159 -0.4013
vn -0.0000 0.9171 -0.3988
vn -0.0000 0.7726 -0.6349
vn -0.0000 0.7716 -0.6362
vn -0.0000 0.7910 -0.6118
vn -0.0000 0.7942 -0.6076
vn -0.0000 0.9962 -0.0873
vn -0.0000 0.9962 -0.0876
vn -0.0000 0.9993 -0.0367
vn -0.0000 0.9993 -0.0365
vn -0.0000 0.9658 -0.2593
vn -0.0000 0.9659 -0.2588
vn -0.0000 0.8868 -0.4622
vn -0.0000 0.8870 -0.4618
vn -0.0000 0.7628 -0.6466
vn -0.0000 0.7631 -0.6462
vn -0.0000 0.6031 -0.7977
vn -0.0000 0.6034 -0.7974
vn -0.0000 0.4165 -0.9091
vn -0.0000 0.4168 -0.9090
vn -0.0000 0.2125 -0.9772
vn -0.0000 0.2127 -0.9771
vn -0.0000 0.0416 -0.9991
vn -0.0000 -0.0413 -0.9991
vn -0.0000 -0.2112 -0.9774
vn -0.0000 -0.4138 -0.9104
vn -0.0000 -0.4140 -0.9103
vn -0.0000 -0.5993 -0.8005
vn -0.0000 -0.5996 -0.8003
vn -0.0000 -0.7584 -0.6518
vn -0.0000 -0.7587 -0.6514
vn -0.0000 -0.8825 -0.4702
vn -0.0000 -0.8828 -0.4698
vn -0.0000 -0.9645 -0.2642
vn -0.0000 -0.9646 -0.2637
vn -0.0001 -0.9724 -0.2334
vn -0.0000 -0.9724 -0.2334
vn -0.0000 0.9999 -0.0138
vn -0.0000 0.9999 -0.0139
vn -0.0000 0.8251 -0.5649
vn -0.0000 0.8243 -0.5662
vn -0.0000 0.9952 -0.0981
vn -0.0000 0.9952 -0.0980
vn -0.0000 0.9644 -0.2644
vn -0.0000 0.9646 -0.2639
vn -0.0000 0.8825 -0.4704
vn -0.0000 0.8827 -0.4699
vn -0.0000 0.7583 -0.6519
vn -0.0000 0.7586 -0.6515
vn -0.0000 0.5992 -0.8006
vn -0.0000 0.5995 -0.8003
vn -0.0000 0.4137 -0.9104
vn -0.0000 0.4140 -0.9103
vn -0.0000 0.2110 -0.9775
vn -0.0000 0.2112 -0.9774
vn -0.0000 0.0225 -0.9997
vn -0.0000 0.7761 -0.6306
vn -0.0000 0.7751 -0.6319
vn -0.0000 -0.9429 -0.3330
vn -0.0000 -0.9437 -0.3308
vn -0.0000 -0.9429 0.3330
vn -0.0000 -0.9437 0.3308
vn -0.0000 0.7751 0.6319
vn -0.0000 0.7761 0.6306
vn -0.0000 0.0225 0.9997
vn -0.0000 0.2112 0.9774
vn -0.0000 0.2110 0.9775
vn -0.0000 0.4140 0.9103
vn -0.0000 0.4137 0.9104
vn -0.0000 0.5995 0.8003
vn -0.0000 0.5992 0.8006
vn -0.0000 0.7586 0.6515
vn -0.0000 0.7583 0.6519
vn -0.0000 0.8827 0.4700
vn -0.0000 0.8825 0.4704
vn -0.0000 0.9646 0.2639
vn -0.0000 0.9644 0.2644
vn -0.0000 0.9952 0.0980
vn -0.0000 0.9952 0.0981
vn -0.0000 0.8242 0.5662
vn -0.0000 0.8251 0.5649
vn -0.0000 0.9999 0.0139
vn -0.0000 0.9999 0.0138
vn -0.0000 -0.9724 0.2334
vn -0.0001 -0.9724 0.2334
vn -0.0000 -0.9645 0.2642
vn -0.0000 -0.9646 0.2637
vn -0.0000 -0.8825 0.4702
vn -0.0000 -0.8828 0.4698
vn -0.0000 -0.7584 0.6518
vn -0.0000 -0.7587 0.6514
vn -0.0000 -0.5993 0.8005
vn -0.0000 -0.5996 0.8003
vn -0.0000 -0.4138 0.9104
vn -0.0000 -0.4140 0.9103
vn -0.0000 -0.2111 0.9775
vn -0.0000 -0.2112 0.9774
vn -0.0000 -0.0413 0.9991
vn -0.0000 0.0416 0.9991
vn -0.0000 0.2125 0.9772
vn -0.0000 0.2127 0.9771
vn -0.0000 0.4165 0.9091
vn -0.0000 0.4168 0.9090
vn -0.0000 0.6031 0.7977
vn -0.0000 0.6034 0.7974
vn -0.0000 0.7628 0.6466
vn -0.0000 0.7631 0.6462
vn -0.0000 0.8867 0.4623
vn -0.0000 0.8870 0.4618
vn -0.0000 0.9658 0.2593
vn -0.0000 0.9659 0.2588
vn -0.0000 0.9993 0.0367
vn -0.0000 0.9993 0.0365
vn -0.0000 0.9962 0.0876
vn -0.0000 0.9962 0.0873
vn -0.0000 0.8607 0.5092
vn -0.0000 0.8631 0.5051
vn -0.0000 0.7908 0.6121
vn -0.0000 0.7918 0.6107
vn -0.0000 0.9617 0.2740
vn -0.0000 0.9612 0.2759
vn -0.0000 0.6090 0.7932
vn -0.0000 0.6103 0.7922
vn -0.0000 0.2198 0.9755
vn 0.0001 0.2198 0.9755
vn -0.0000 -0.6103 0.7922
vn -0.0000 -0.6090 0.7932
vn -0.0000 -0.9612 0.2758
vn -0.0000 -0.9618 0.2739
vn -0.0000 -0.7918 0.6107
vn -0.0000 -0.7908 0.6121
vn -0.0000 -0.9976 0.0686
vn -0.0001 -0.9977 0.0678
vn -0.0000 -0.9939 0.1100
vn -0.0000 -0.9940 0.1098
vn -0.0000 -0.9517 0.3070
vn -0.0000 -0.9519 0.3064
vn -0.0000 -0.8418 0.5399
vn -0.0000 -0.8421 0.5394
vn -0.0000 -0.6783 0.7348
vn -0.0000 -0.6787 0.7344
vn -0.0000 -0.4740 0.8805
vn -0.0000 -0.4744 0.8803
vn -0.0000 -0.2433 0.9700
vn -0.0000 -0.2435 0.9699
vn -0.0000 -0.0686 0.9976
vn -0.0000 0.0686 0.9976
vn -0.0000 0.2433 0.9700
vn -0.0000 0.2435 0.9699
vn -0.0000 0.4740 0.8805
vn -0.0000 0.4744 0.8803
vn -0.0000 0.6783 0.7348
vn -0.0000 0.6787 0.7344
vn -0.0000 0.8418 0.5399
vn -0.0000 0.8421 0.5394
vn -0.0000 0.9517 0.3070
vn -0.0000 0.9519 0.3064
vn -0.0000 0.9939 0.1100
vn -0.0000 0.9940 0.1098
vn -0.0000 0.2749 0.9615
vn -0.0000 0.2758 0.9612
vn -0.0000 0.0258 0.9997
vn -0.0000 0.2434 0.9699
vn -0.0000 0.2437 0.9699
vn -0.0000 0.4743 0.8804
vn -0.0000 0.4746 0.8802
vn -0.0000 0.6790 0.7342
vn -0.0000 0.8420 0.5394
vn -0.0000 0.8423 0.5389
vn -0.0000 0.9519 0.3065
vn -0.0000 0.9521 0.3059
vn -0.0000 0.9968 0.0798
vn -0.0000 0.9968 0.0795
vn -0.0000 0.8750 0.4841
vn -0.0000 0.8757 0.4829
vn -0.0000 0.0555 0.9985
vn -0.0000 0.4747 0.8802
vn -0.0000 0.6790 0.7341
vn -0.0000 0.9978 0.0660
vn -0.0000 0.9979 0.0654
vn -0.0000 0.6853 0.7283
vn -0.0000 0.6865 0.7271
vn -0.0000 0.0289 0.9996
vn -0.0000 0.9520 0.3060
vn -0.0000 0.0763 0.9971
vn 0.0001 0.0765 0.9971
vn -0.0001 -0.0386 0.9993
vn -0.0000 -0.0385 0.9993
vn -0.0000 -0.9965 0.0837
vn -0.0000 -0.9965 0.0834
vn -0.0000 -0.9518 0.3067
vn -0.0000 -0.9520 0.3061
vn -0.0000 -0.8419 0.5396
vn -0.0000 -0.8423 0.5391
vn -0.0000 -0.6785 0.7346
vn -0.0000 -0.6789 0.7342
vn -0.0000 -0.4742 0.8804
vn -0.0000 -0.4746 0.8802
vn -0.0000 -0.2434 0.9699
vn -0.0000 -0.2436 0.9699
vn -0.0000 -0.0555 0.9985
vn -0.0000 -0.8127 0.5827
vn -0.0000 -0.8118 0.5840
vn -0.0000 -0.9965 0.0836
vn -0.0000 -0.9965 0.0833
vn -0.0000 -0.9518 0.3066
vn -0.0000 -0.9520 0.3060
vn -0.0000 -0.8420 0.5395
vn -0.0000 -0.8423 0.5390
vn -0.0000 -0.4743 0.8804
vn -0.0000 -0.8126 0.5829
vn -0.0000 -0.8116 0.5842
vn -0.0000 -0.9925 0.1224
vn -0.0000 -0.9925 0.1221
vn -0.0000 -0.9308 0.3656
vn -0.0000 -0.9311 0.3649
vn -0.0000 -0.7763 0.6303
vn -0.0000 -0.7768 0.6298
vn -0.0000 -0.5537 0.8327
vn -0.0000 -0.5542 0.8324
vn -0.0000 -0.2869 0.9580
vn -0.0000 -0.2873 0.9579
vn -0.0000 0.2869 0.9580
vn -0.0000 0.2873 0.9579
vn -0.0000 0.5537 0.8327
vn -0.0000 0.5542 0.8324
vn -0.0000 0.7763 0.6303
vn -0.0000 0.7768 0.6298
vn -0.0000 0.9308 0.3656
vn -0.0000 0.9311 0.3649
vn -0.0000 0.9925 0.1224
vn -0.0000 0.9925 0.1221
vn -0.0000 0.8116 0.5842
vn -0.0000 0.8126 0.5829
vn -0.0000 0.2436 0.9699
vn -0.0000 0.6789 0.7342
vn -0.0000 0.8420 0.5395
vn -0.0000 0.8423 0.5390
vn -0.0000 0.9518 0.3066
vn -0.0000 0.9965 0.0836
vn -0.0000 0.9965 0.0833
vn -0.0000 0.8118 0.5839
vn -0.0000 0.8127 0.5827
vn -0.0000 0.4742 0.8804
vn -0.0000 0.6785 0.7346
vn -0.0000 0.8419 0.5396
vn -0.0000 0.8423 0.5391
vn -0.0000 0.9518 0.3067
vn -0.0000 0.9965 0.0837
vn -0.0000 0.0456 0.9990
vn 0.0001 0.0457 0.9990
vn -0.0001 -0.1417 0.9899
vn -0.0000 -0.1412 0.9900
vn -0.0000 -0.5464 0.8375
vn -0.0000 -0.5451 0.8384
vn -0.0000 -0.9964 0.0845
vn -0.0000 -0.9964 0.0842
vn -0.0000 -0.9644 0.2646
vn -0.0000 -0.9645 0.2641
vn -0.0000 -0.8824 0.4706
vn -0.0000 -0.8826 0.4701
vn -0.0000 -0.7582 0.6520
vn -0.0000 -0.7585 0.6516
vn -0.0000 -0.5991 0.8007
vn -0.0000 -0.5994 0.8004
vn -0.0000 -0.4136 0.9104
vn -0.0000 -0.4139 0.9103
vn -0.0000 -0.2110 0.9775
vn -0.0000 -0.5454 0.8382
vn -0.0000 -0.6932 0.7207
vn -0.0000 -0.6925 0.7214
vn -0.0000 -0.4379 0.8990
vn -0.0000 -0.4406 0.8977
vn -0.0000 -0.5090 0.8607
vn -0.0000 -0.5078 0.8615
vn -0.0000 -0.6877 0.7260
vn -0.0000 -0.6904 0.7234
vn 0.0001 0.9222 0.3867
vn -0.0000 0.9232 0.3843
vn -0.3752 0.9269 -0.0000
vn -0.2330 0.9725 -0.0000
vn -0.7137 -0.7004 -0.0000
vn -0.5167 -0.8562 -0.0000
vn -0.8644 -0.5029 -0.0000
vn -0.9308 -0.3654 -0.0000
vn -0.8927 -0.4506 -0.0000
vn -0.7611 -0.6486 -0.0000
vn -0.7229 -0.6909 -0.0000
vn -0.7737 -0.6335 -0.0000
vn -0.8382 -0.5454 -0.0000
vn -0.8431 -0.5377 -0.0000
vn -0.9775 -0.2109 -0.0000
vn -0.9744 -0.2246 -0.0000
vn -0.9103 -0.4139 -0.0000
vn -0.8992 -0.4375 -0.0000
vn -0.8001 -0.5998 -0.0000
vn -0.7783 -0.6278 -0.0000
vn -0.6508 -0.7592 -0.0000
vn -0.6183 -0.7860 -0.0000
vn -0.4688 -0.8833 -0.0000
vn -0.4273 -0.9041 -0.0000
vn -0.2623 -0.9650 -0.0000
vn -0.2150 -0.9766 -0.0000
vn -0.0834 -0.9965 -0.0000
vn -0.0603 -0.9982 -0.0000
vn -0.8416 -0.5401 -0.0000
vn -0.9176 -0.3974 -0.0000
vn -0.9902 -0.1395 -0.0000
vn -0.9955 -0.0946 -0.0000
vn -0.9990 0.0450 -0.0000
vn -0.9995 0.0303 0.0001
vn -0.0821 0.9966 -0.0000
vn -0.0528 0.9986 -0.0000
vn -0.3040 0.9527 -0.0000
vn -0.2496 0.9684 -0.0000
vn -0.5377 0.8432 -0.0000
vn -0.4923 0.8704 -0.0000
vn -0.7336 0.6796 -0.0000
vn -0.7018 0.7124 -0.0000
vn -0.8802 0.4747 -0.0000
vn -0.8632 0.5049 -0.0000
vn -0.9699 0.2434 -0.0000
vn -0.9651 0.2618 -0.0000
vn -0.9985 0.0554 -0.0000
vn -0.9983 0.0578 -0.0000
vn -0.5889 0.8082 -0.0000
vn -0.7337 0.6795 -0.0000
vn -0.0527 0.9986 -0.0000
vn -0.3039 0.9527 -0.0000
vn -0.2495 0.9684 -0.0000
vn -0.5376 0.8432 -0.0000
vn -0.4923 0.8705 -0.0000
vn -0.7017 0.7125 -0.0000
vn -0.8801 0.4747 -0.0000
vn -0.9985 0.0555 -0.0000
vn -0.5892 0.8080 -0.0000
vn -0.7339 0.6793 -0.0000
vn -0.1210 0.9927 -0.0000
vn -0.0903 0.9959 -0.0000
vn -0.3626 0.9320 -0.0000
vn -0.2990 0.9542 -0.0000
vn -0.6285 0.7778 -0.0000
vn -0.5802 0.8145 -0.0000
vn -0.8321 0.5547 -0.0000
vn -0.8048 0.5936 -0.0000
vn -0.9579 0.2871 -0.0000
vn -0.9498 0.3128 -0.0000
vn -0.9579 -0.2871 -0.0000
vn -0.9498 -0.3128 -0.0000
vn -0.8321 -0.5547 -0.0000
vn -0.8047 -0.5936 -0.0000
vn -0.6285 -0.7778 -0.0000
vn -0.5802 -0.8145 -0.0000
vn -0.3626 -0.9320 -0.0000
vn -0.2990 -0.9542 -0.0000
vn -0.1210 -0.9927 -0.0000
vn -0.0903 -0.9959 -0.0000
vn -0.5892 -0.8080 -0.0000
vn -0.7339 -0.6792 -0.0000
vn -0.9985 -0.0554 -0.0000
vn -0.9983 -0.0578 -0.0000
vn -0.9699 -0.2434 -0.0000
vn -0.9651 -0.2618 -0.0000
vn -0.8801 -0.4747 -0.0000
vn -0.8632 -0.5049 -0.0000
vn -0.7336 -0.6796 -0.0000
vn -0.7017 -0.7125 -0.0000
vn -0.5376 -0.8432 -0.0000
vn -0.4923 -0.8705 -0.0000
vn -0.3039 -0.9527 -0.0000
vn -0.0821 -0.9966 -0.0000
vn -0.0527 -0.9986 -0.0000
vn -0.5889 -0.8082 -0.0000
vn -0.7337 -0.6795 -0.0000
vn -0.9985 -0.0555 -0.0000
vn -0.9651 -0.2617 -0.0000
vn -0.8802 -0.4747 -0.0000
vn -0.7018 -0.7124 -0.0000
vn -0.5377 -0.8432 -0.0000
vn -0.4923 -0.8704 -0.0000
vn -0.3040 -0.9527 -0.0000
vn -0.0528 -0.9986 -0.0000
vn -0.9991 -0.0415 -0.0000
vn -0.9996 -0.0268 -0.0000
vn -1.0000 -0.0037 -0.0043
vn -0.9975 -0.0018 -0.0703
vn -0.9967 0.0811 -0.0000
vn -0.9986 0.0524 0.0001
vn -0.9974 0.0020 -0.0718
vn -0.9999 0.0106 -0.0068
vn -0.0364 0.9993 -0.0000
vn -0.0654 0.9979 -0.0000
vn -0.2490 0.9685 -0.0000
vn -0.3054 0.9522 -0.0000
vn -0.4919 0.8707 -0.0000
vn -0.5389 0.8424 -0.0000
vn -0.7014 0.7127 -0.0000
vn -0.7345 0.6787 -0.0000
vn -0.8630 0.5051 -0.0000
vn -0.8806 0.4738 -0.0000
vn -0.9651 0.2619 -0.0000
vn -0.9701 0.2429 -0.0000
vn -0.9995 0.0306 -0.0000
vn -0.7295 0.6840 -0.0000
vn -0.8481 0.5298 -0.0000
vn -0.0363 0.9993 -0.0000
vn -0.4918 0.8707 -0.0000
vn -0.5388 0.8424 -0.0000
vn -0.7014 0.7128 -0.0000
vn -0.8630 0.5052 -0.0000
vn -0.8806 0.4739 -0.0000
vn -0.4855 0.8743 -0.0000
vn -0.6402 0.7682 -0.0000
vn -0.0487 0.9988 -0.0000
vn -0.0792 0.9969 -0.0000
vn -0.9996 0.0273 -0.0000
vn -0.9617 0.2740 -0.0000
vn -0.9825 0.1865 0.0001
vn -0.0873 0.9962 -0.0000
vn -0.1096 0.9940 -0.0000
vn -0.2496 0.9683 -0.0000
vn -0.3060 0.9520 -0.0000
vn -0.5393 0.8421 -0.0000
vn -0.7347 0.6784 -0.0000
vn -0.8807 0.4736 -0.0000
vn -0.9701 0.2427 -0.0000
vn -0.9975 0.0710 -0.0000
vn -0.9976 0.0685 -0.0000
vn -0.9977 -0.0685 -0.0000
vn -0.9975 -0.0710 -0.0000
vn -0.9701 -0.2427 -0.0000
vn -0.8807 -0.4736 -0.0000
vn -0.7347 -0.6784 -0.0000
vn -0.5393 -0.8421 -0.0000
vn -0.2496 -0.9683 -0.0000
vn -0.3060 -0.9520 -0.0000
vn -0.0873 -0.9962 -0.0000
vn -0.1096 -0.9940 -0.0000
vn -0.0455 -0.9990 -0.0000
vn -0.1173 -0.9931 -0.0001
vn -0.5275 -0.8496 -0.0000
vn -0.6818 -0.7316 -0.0000
vn -0.7560 -0.6545 -0.0000
vn -0.5558 -0.8313 -0.0000
vn -0.9828 -0.1845 -0.0000
vn -0.9923 -0.1241 -0.0001
vn -0.9765 0.2156 -0.0003
vn -0.9923 0.1241 -0.0000
vn -0.9828 0.1845 0.0003
vn -0.5558 0.8313 -0.0000
vn -0.7560 0.6545 -0.0000
vn -0.6818 0.7315 -0.0000
vn -0.5275 0.8496 -0.0000
vn -0.3650 0.9310 -0.0000
vn -0.7129 0.7012 -0.0000
vn -0.0879 0.9961 -0.0000
vn -0.1312 0.9914 -0.0000
vn -0.0176 0.9998 -0.0000
vn -0.0362 0.9993 -0.0000
vn -0.2114 0.9774 -0.0000
vn -0.2584 0.9660 -0.0000
vn -0.4178 0.9086 -0.0000
vn -0.4616 0.8871 -0.0000
vn -0.6119 0.7909 -0.0000
vn -0.6464 0.7630 -0.0000
vn -0.7747 0.6323 -0.0000
vn -0.7978 0.6029 -0.0000
vn -0.8976 0.4409 -0.0000
vn -0.9093 0.4161 -0.0000
vn -0.9740 0.2265 -0.0000
vn -0.9772 0.2121 -0.0000
vn -0.9991 0.0433 -0.0000
vn -0.9991 -0.0429 -0.0000
vn -0.9744 -0.2248 -0.0000
vn -0.9776 -0.2106 -0.0000
vn -0.8990 -0.4378 -0.0000
vn -0.9106 -0.4133 -0.0000
vn -0.7780 -0.6283 -0.0000
vn -0.8006 -0.5991 -0.0000
vn -0.6178 -0.7864 -0.0000
vn -0.6515 -0.7586 -0.0000
vn -0.4265 -0.9045 -0.0000
vn -0.4696 -0.8829 -0.0000
vn -0.2142 -0.9768 -0.0000
vn -0.2633 -0.9647 -0.0000
vn -0.2437 -0.9699 -0.0000
vn -0.2342 -0.9722 -0.0000
vn -0.0313 0.9995 -0.0000
vn -0.0139 0.9999 -0.0000
vn -0.5676 0.8233 -0.0000
vn -0.7191 0.6949 -0.0000
vn -0.0816 0.9967 -0.0000
vn -0.0979 0.9952 -0.0000
vn -0.2143 0.9768 -0.0000
vn -0.2634 0.9647 -0.0000
vn -0.4267 0.9044 -0.0000
vn -0.4698 0.8828 -0.0000
vn -0.6179 0.7863 -0.0000
vn -0.6517 0.7585 -0.0000
vn -0.7781 0.6282 -0.0000
vn -0.8007 0.5991 -0.0000
vn -0.8991 0.4378 -0.0000
vn -0.9106 0.4133 -0.0000
vn -0.9744 0.2247 -0.0000
vn -0.9776 0.2106 -0.0000
vn -0.9997 0.0237 -0.0000
vn -0.9997 0.0225 -0.0000
vn -0.6333 0.7739 -0.0000
vn -0.7754 0.6314 -0.0000
vn -0.3284 -0.9445 -0.0000
vn -0.1973 -0.9803 0.0001
vn 0.3132 -0.9497 -0.0000
vn 0.1379 -0.9507 -0.2778
vn 0.4446 -0.0001 -0.8957
vn 0.2167 0.8732 -0.4365
vn 0.6428 0.7660 -0.0000
vn 0.4446 -0.0000 -0.8957
vn 0.9773 0.2117 -0.0000
vn 0.9997 0.0226 -0.0000
vn 0.4444 0.0296 -0.8953
vn 0.4279 0.2717 -0.8620
vn 0.9097 0.4152 -0.0000
vn 0.3821 0.5113 -0.7698
vn 0.7990 0.6014 -0.0000
vn 0.3175 0.6999 -0.6397
vn 0.6491 0.7607 -0.0000
vn 0.2443 0.8355 -0.4922
vn 0.4665 0.8845 -0.0000
vn 0.1688 0.9252 -0.3400
vn 0.2598 0.9657 -0.0000
vn 0.0936 0.9776 -0.1885
vn 0.0969 0.9953 -0.0000
vn 0.0337 0.9971 -0.0679
vn 0.1892 0.9050 -0.3811
vn 0.5774 0.8165 -0.0000
vn 0.0036 1.0000 -0.0072
vn 0.0148 0.9999 -0.0000
vn 0.0782 -0.9845 -0.1573
vn 0.2347 -0.9721 -0.0001
vn 0.0935 -0.9776 -0.1883
vn 0.2596 -0.9657 -0.0000
vn 0.1687 -0.9252 -0.3399
vn 0.4664 -0.8846 -0.0000
vn 0.2443 -0.8356 -0.4921
vn 0.6490 -0.7608 -0.0000
vn 0.3175 -0.7000 -0.6396
vn 0.7989 -0.6015 -0.0000
vn 0.3821 -0.5113 -0.7698
vn 0.9097 -0.4153 -0.0000
vn 0.4279 -0.2718 -0.8620
vn 0.9773 -0.2118 -0.0000
vn 0.4439 -0.0545 -0.8944
vn 0.9991 -0.0414 -0.0000
vn 0.9991 0.0417 -0.0000
vn 0.4439 0.0549 -0.8944
vn 0.4276 0.2736 -0.8615
vn 0.9770 0.2133 -0.0000
vn 0.3813 0.5143 -0.7682
vn 0.9084 0.4181 -0.0000
vn 0.3160 0.7035 -0.6366
vn 0.7960 0.6053 -0.0000
vn 0.2420 0.8389 -0.4875
vn 0.6438 0.7652 -0.0000
vn 0.1657 0.9280 -0.3338
vn 0.4583 0.8888 -0.0000
vn 0.0915 0.9786 -0.1843
vn 0.2550 0.9670 -0.0000
vn 0.0147 0.9995 -0.0296
vn 0.0343 0.9994 -0.0000
vn 0.0268 0.9982 -0.0538
vn 0.0901 0.9959 -0.0000
vn 0.4446 0.0001 -0.8957
vn 0.6655 0.7464 -0.0000
vn 0.9999 0.0155 -0.0000
vn 0.1878 0.9822 -0.0000
vn 0.5429 0.8398 -0.0000
vn 0.8766 0.1584 0.4543
vn 0.8878 -0.0000 0.4602
vn 0.7156 -0.4795 0.5079
vn 0.5429 -0.8398 -0.0000
vn -0.0000 -0.6865 0.7272
vn 0.1999 -0.7018 0.6837
vn 0.1878 -0.9822 -0.0000
vn 0.9999 -0.0074 0.0072
vn 0.9999 -0.0155 0.0001
vn -0.0000 -0.7163 0.6978
vn 0.0416 -0.9972 -0.0616
vn 0.1031 -0.9947 -0.0000
vn 0.1081 -0.9941 -0.0000
vn 0.0381 -0.9963 -0.0768
vn 0.1093 -0.9693 -0.2201
vn 0.3018 -0.9534 -0.0000
vn 0.1971 -0.8964 -0.3971
vn 0.5357 -0.8444 -0.0000
vn 0.2842 -0.7690 -0.5726
vn 0.7322 -0.6811 -0.0000
vn 0.3639 -0.5745 -0.7332
vn 0.8794 -0.4761 -0.0000
vn 0.4227 -0.3104 -0.8515
vn 0.9697 -0.2443 -0.0000
vn 0.4428 -0.0907 -0.8920
vn 0.9976 -0.0687 -0.0000
vn 0.9976 0.0687 -0.0000
vn 0.4428 0.0907 -0.8920
vn 0.4227 0.3104 -0.8515
vn 0.9697 0.2443 -0.0000
vn 0.3639 0.5745 -0.7332
vn 0.8794 0.4761 -0.0000
vn 0.2842 0.7690 -0.5726
vn 0.7322 0.6811 -0.0000
vn 0.1971 0.8964 -0.3971
vn 0.5357 0.8444 -0.0000
vn 0.1093 0.9693 -0.2201
vn 0.3018 0.9534 -0.0000
vn 0.0381 0.9963 -0.0768
vn 0.1081 0.9941 -0.0000
vn 0.4102 0.3854 -0.8266
vn 0.9635 0.2677 -0.0000
vn 0.9997 0.0259 -0.0000
vn 0.4444 0.0338 -0.8952
vn 0.4226 0.3106 -0.8514
vn 0.9697 0.2444 -0.0000
vn 0.3638 0.5747 -0.7330
vn 0.8793 0.4763 -0.0000
vn 0.2841 0.7692 -0.5723
vn 0.7320 0.6813 -0.0000
vn 0.1969 0.8965 -0.3968
vn 0.5353 0.8447 -0.0000
vn 0.1091 0.9694 -0.2198
vn 0.3012 0.9536 -0.0000
vn 0.0295 0.9978 -0.0594
vn 0.0767 0.9971 -0.0000
vn 0.1575 0.9352 -0.3172
vn 0.4949 0.8690 -0.0000
vn 0.9985 0.0556 -0.0000
vn 0.4434 0.0732 -0.8933
vn 0.3638 0.5748 -0.7330
vn 0.8792 0.4764 -0.0000
vn 0.2841 0.7693 -0.5723
vn 0.7319 0.6814 -0.0000
vn 0.1970 0.8966 -0.3967
vn 0.0251 0.9984 -0.0506
vn 0.0627 0.9980 -0.0000
vn 0.2615 0.8087 -0.5269
vn 0.7381 0.6747 -0.0000
vn 0.9996 0.0290 -0.0000
vn 0.4443 0.0380 -0.8951
vn 0.3639 0.5747 -0.7330
vn 0.8793 0.4764 -0.0000
vn 0.1970 0.8965 -0.3968
vn 0.5353 0.8446 -0.0000
vn 0.0628 0.9980 -0.0000
vn 0.4380 0.1246 -0.8903
vn 0.9969 0.0790 -0.0000
vn 0.9999 0.0107 -0.0069
vn 0.4516 0.0050 -0.8922
vn 0.8771 -0.0028 -0.4802
vn 0.8707 -0.0672 -0.4872
vn 0.9993 -0.0377 0.0001
vn 1.0000 -0.0053 -0.0062
vn 0.0590 -0.9977 -0.0334
vn 0.0736 -0.9973 -0.0000
vn 0.2102 -0.9704 -0.1192
vn 0.2888 -0.9574 -0.0000
vn 0.3802 -0.8994 -0.2156
vn 0.5249 -0.8511 -0.0000
vn 0.5504 -0.7744 -0.3120
vn 0.7246 -0.6892 -0.0000
vn 0.7079 -0.5811 -0.4014
vn 0.8753 -0.4836 -0.0000
vn 0.8256 -0.3153 -0.4680
vn 0.9685 -0.2489 -0.0000
vn 0.8675 -0.0744 -0.4918
vn 0.9984 -0.0561 -0.0000
vn 0.3791 -0.9001 -0.2149
vn 0.6254 -0.7803 -0.0000
vn 0.0589 -0.9977 -0.0334
vn 0.2101 -0.9704 -0.1192
vn 0.5249 -0.8512 -0.0000
vn 0.5503 -0.7745 -0.3120
vn 0.7079 -0.5812 -0.4013
vn 0.9984 -0.0562 -0.0000
vn 0.3793 -0.9000 -0.2150
vn 0.6256 -0.7801 -0.0000
vn 0.0831 -0.9954 -0.0471
vn 0.1130 -0.9936 -0.0000
vn 0.2530 -0.9568 -0.1434
vn 0.3449 -0.9387 -0.0000
vn 0.4572 -0.8508 -0.2592
vn 0.6149 -0.7886 -0.0000
vn 0.6543 -0.6591 -0.3709
vn 0.8243 -0.5662 -0.0000
vn 0.8093 -0.3666 -0.4588
vn 0.9556 -0.2948 -0.0000
vn 0.8700 -0.0000 -0.4931
vn 0.8093 0.3666 -0.4588
vn 0.9556 0.2948 -0.0000
vn 0.6543 0.6591 -0.3709
vn 0.8243 0.5662 -0.0000
vn 0.4572 0.8508 -0.2592
vn 0.6149 0.7886 -0.0000
vn 0.2530 0.9568 -0.1434
vn 0.3449 0.9387 -0.0000
vn 0.0831 0.9954 -0.0471
vn 0.1130 0.9936 -0.0000
vn 0.3793 0.9000 -0.2150
vn 0.6256 0.7801 -0.0000
vn 0.8675 0.0744 -0.4918
vn 0.9984 0.0562 -0.0000
vn 0.8256 0.3153 -0.4680
vn 0.9685 0.2489 -0.0000
vn 0.7079 0.5812 -0.4013
vn 0.8753 0.4836 -0.0000
vn 0.5503 0.7745 -0.3120
vn 0.7246 0.6892 -0.0000
vn 0.3802 0.8994 -0.2156
vn 0.5249 0.8512 -0.0000
vn 0.2102 0.9704 -0.1192
vn 0.2888 0.9574 -0.0000
vn 0.0589 0.9977 -0.0334
vn 0.0736 0.9973 -0.0000
vn 0.3791 0.9001 -0.2149
vn 0.6254 0.7803 -0.0000
vn 0.9984 0.0561 -0.0000
vn 0.7080 0.5811 -0.4013
vn 0.5504 0.7744 -0.3120
vn 0.3803 0.8994 -0.2155
vn 0.5249 0.8511 -0.0000
vn 0.2102 0.9704 -0.1191
vn 0.2889 0.9574 -0.0000
vn 0.0590 0.9977 -0.0334
vn 0.8679 0.0677 -0.4920
vn 0.9992 0.0409 -0.0000
vn 0.8510 -0.2074 -0.4825
vn 0.9919 -0.1270 -0.0002
vn 0.6257 -0.6948 -0.3547
vn 0.8637 -0.5040 -0.0000
vn 0.0577 -0.9978 -0.0327
vn 0.0772 -0.9970 -0.0000
vn 0.1802 -0.9783 -0.1022
vn 0.2491 -0.9685 -0.0000
vn 0.3256 -0.9273 -0.1846
vn 0.4572 -0.8894 -0.0000
vn 0.4725 -0.8396 -0.2679
vn 0.6417 -0.7670 -0.0000
vn 0.6163 -0.7058 -0.3493
vn 0.7940 -0.6080 -0.0000
vn 0.7444 -0.5175 -0.4220
vn 0.9071 -0.4208 -0.0000
vn 0.8362 -0.2759 -0.4740
vn 0.9766 -0.2150 -0.0000
vn 0.6495 -0.6653 -0.3682
vn 0.8394 -0.5436 -0.0000
vn 0.5063 -0.8132 -0.2870
vn 0.7404 -0.6722 -0.0000
vn 0.7667 -0.4725 -0.4346
vn 0.8568 -0.5157 -0.0000
vn 0.6545 -0.6588 -0.3710
vn 0.8840 -0.4676 -0.0000
vn 0.6022 -0.7217 -0.3413
vn 0.6497 -0.7602 -0.0000
vn 0.3096 0.9345 -0.1755
vn 0.3214 0.9469 -0.0001
vn -0.3965 0.9180 -0.0000
vn -0.7360 -0.6770 -0.0000
vn -0.8578 -0.5139 -0.0000
vn -0.9040 -0.4276 -0.0000
vn -0.7177 -0.6963 -0.0000
vn -0.8380 -0.5457 -0.0000
vn -0.9110 -0.4125 -0.0000
vn -0.8016 -0.5978 -0.0000
vn -0.6534 -0.7570 -0.0000
vn -0.4723 -0.8814 -0.0000
vn -0.2665 -0.9638 -0.0000
vn -0.0854 -0.9964 -0.0000
vn -0.8343 -0.5513 -0.0000
vn -0.9897 -0.1435 0.0001
vn -0.9989 0.0463 0.0001
vn -0.0849 0.9964 -0.0000
vn -0.3088 0.9511 -0.0000
vn -0.5415 0.8407 -0.0000
vn -0.7360 0.6770 -0.0000
vn -0.9702 0.2425 -0.0000
vn -0.5777 0.8163 -0.0000
vn -0.5414 0.8408 -0.0000
vn -0.7359 0.6770 -0.0000
vn -0.5779 0.8161 -0.0000
vn -0.1235 0.9923 -0.0000
vn -0.3681 0.9298 -0.0000
vn -0.6324 0.7747 -0.0000
vn -0.8339 0.5519 -0.0000
vn -0.9583 0.2857 -0.0000
vn -0.9583 -0.2857 -0.0000
vn -0.8339 -0.5519 -0.0000
vn -0.6324 -0.7747 -0.0000
vn -0.3681 -0.9298 -0.0000
vn -0.1235 -0.9923 -0.0000
vn -0.5779 -0.8161 -0.0000
vn -0.9985 -0.0553 -0.0000
vn -0.9702 -0.2425 -0.0000
vn -0.5414 -0.8408 -0.0000
vn -0.3088 -0.9511 -0.0000
vn -0.0849 -0.9964 -0.0000
vn -0.5777 -0.8163 -0.0000
vn -0.3089 -0.9511 -0.0000
vn -0.9992 -0.0391 0.0001
vn -0.9970 0.0775 -0.0002
vn -0.0674 0.9977 -0.0000
vn -0.3087 0.9512 -0.0000
vn -0.5413 0.8408 -0.0000
vn -0.7359 0.6771 -0.0000
vn -0.7227 0.6912 -0.0000
vn -0.0673 0.9977 -0.0000
vn -0.8811 0.4729 -0.0000
vn -0.9701 0.2425 -0.0000
vn -0.4781 0.8783 -0.0000
vn -0.0811 0.9967 -0.0000
vn -0.9603 0.2791 -0.0001
vn -0.1107 0.9939 -0.0000
vn -0.3092 0.9510 -0.0000
vn -0.5417 0.8406 -0.0000
vn -0.7362 0.6768 -0.0000
vn -0.8813 0.4726 -0.0000
vn -0.9976 -0.0685 -0.0000
vn -0.8813 -0.4726 -0.0000
vn -0.7362 -0.6768 -0.0000
vn -0.5417 -0.8406 -0.0000
vn -0.3092 -0.9510 -0.0000
vn -0.1107 -0.9939 -0.0000
vn -0.0427 -0.9991 -0.0000
vn -0.6890 -0.7247 -0.0000
vn -0.5386 -0.8426 -0.0000
vn -0.9926 -0.1217 -0.0000
vn -0.9765 0.2156 0.0001
vn -0.9926 0.1217 0.0001
vn -0.5386 0.8426 -0.0000
vn -0.6890 0.7247 -0.0000
vn -0.3449 0.9386 -0.0000
vn -0.0862 0.9963 -0.0000
vn -0.0377 0.9993 -0.0000
vn -0.2611 0.9653 -0.0000
vn -0.4640 0.8858 -0.0000
vn -0.6480 0.7616 -0.0000
vn -0.7987 0.6018 -0.0000
vn -0.9773 0.2119 -0.0000
vn -0.9776 -0.2104 -0.0000
vn -0.9109 -0.4126 -0.0000
vn -0.8015 -0.5980 -0.0000
vn -0.6531 -0.7572 -0.0000
vn -0.4720 -0.8816 -0.0000
vn -0.2661 -0.9639 -0.0000
vn -0.2332 -0.9724 0.0001
vn -0.0133 0.9999 -0.0000
vn -0.5600 0.8285 -0.0000
vn -0.0987 0.9951 -0.0000
vn -0.2663 0.9639 -0.0000
vn -0.4721 0.8815 -0.0000
vn -0.6533 0.7571 -0.0000
vn -0.8016 0.5979 -0.0000
vn -0.9776 0.2104 -0.0000
vn -0.6257 0.7801 -0.0000
vn -0.3418 -0.9398 -0.0002
vn 0.3418 -0.9398 -0.0000
vn 0.1988 -0.9800 -0.0000
vn 0.7725 0.6351 -0.0000
vn 0.6257 0.7801 -0.0000
vn 0.9776 0.2104 -0.0000
vn 0.9997 0.0237 -0.0000
vn 0.9745 0.2245 -0.0000
vn 0.9109 0.4126 -0.0000
vn 0.8993 0.4374 -0.0000
vn 0.8016 0.5979 -0.0000
vn 0.7785 0.6276 -0.0000
vn 0.6533 0.7571 -0.0000
vn 0.6185 0.7858 -0.0000
vn 0.4721 0.8815 -0.0000
vn 0.4276 0.9040 -0.0000
vn 0.2663 0.9639 -0.0000
vn 0.2153 0.9765 -0.0000
vn 0.0987 0.9951 -0.0000
vn 0.0819 0.9966 -0.0000
vn 0.7158 0.6983 -0.0000
vn 0.5599 0.8285 -0.0000
vn 0.0308 0.9995 -0.0000
vn 0.0134 0.9999 -0.0000
vn 0.2433 -0.9699 -0.0000
vn 0.2332 -0.9724 -0.0001
vn 0.2151 -0.9766 -0.0000
vn 0.2661 -0.9639 -0.0000
vn 0.4274 -0.9041 -0.0000
vn 0.4720 -0.8816 -0.0000
vn 0.6184 -0.7859 -0.0000
vn 0.6531 -0.7572 -0.0000
vn 0.7785 -0.6277 -0.0000
vn 0.8015 -0.5980 -0.0000
vn 0.8992 -0.4374 -0.0000
vn 0.9109 -0.4126 -0.0000
vn 0.9745 -0.2246 -0.0000
vn 0.9776 -0.2104 -0.0000
vn 0.9991 -0.0429 -0.0000
vn 0.9991 0.0433 -0.0000
vn 0.9741 0.2262 -0.0000
vn 0.9773 0.2119 -0.0000
vn 0.8978 0.4405 -0.0000
vn 0.9096 0.4154 -0.0000
vn 0.7751 0.6318 -0.0000
vn 0.7987 0.6018 -0.0000
vn 0.6125 0.7904 -0.0000
vn 0.6480 0.7616 -0.0000
vn 0.4186 0.9082 -0.0000
vn 0.4640 0.8858 -0.0000
vn 0.2123 0.9772 -0.0000
vn 0.2611 0.9653 -0.0000
vn 0.0179 0.9998 -0.0000
vn 0.0377 0.9993 -0.0000
vn 0.1300 0.9915 -0.0000
vn 0.0862 0.9963 -0.0000
vn 0.9029 0.4299 -0.0000
vn 0.6114 0.7913 -0.0000
vn 0.9999 0.0149 -0.0000
vn 0.9997 0.0226 -0.0001
vn 0.1708 0.9853 -0.0000
vn 0.2968 0.9549 -0.0000
vn 0.5603 0.8283 -0.0000
vn 0.4073 0.9133 -0.0000
vn 0.9841 0.1778 0.0002
vn 0.4073 -0.9133 -0.0000
vn 0.5603 -0.8283 -0.0000
vn 0.2968 -0.9549 -0.0000
vn 0.1708 -0.9853 -0.0000
vn 0.9997 -0.0226 -0.0000
vn 0.9999 -0.0149 0.0002
vn 0.2372 -0.9715 -0.0000
vn 0.0894 -0.9960 -0.0001
vn 0.1107 -0.9939 -0.0000
vn 0.2507 -0.9681 -0.0000
vn 0.3092 -0.9510 -0.0000
vn 0.4932 -0.8699 -0.0000
vn 0.5417 -0.8406 -0.0000
vn 0.7024 -0.7118 -0.0000
vn 0.7362 -0.6768 -0.0000
vn 0.8635 -0.5043 -0.0000
vn 0.8813 -0.4726 -0.0000
vn 0.9652 -0.2614 -0.0000
vn 0.9702 -0.2424 -0.0000
vn 0.9975 -0.0710 -0.0000
vn 0.9977 -0.0685 -0.0000
vn 0.9977 0.0685 -0.0000
vn 0.9975 0.0710 -0.0000
vn 0.9652 0.2614 -0.0000
vn 0.9702 0.2424 -0.0000
vn 0.8635 0.5043 -0.0000
vn 0.8813 0.4726 -0.0000
vn 0.7024 0.7118 -0.0000
vn 0.7362 0.6768 -0.0000
vn 0.4932 0.8699 -0.0000
vn 0.5417 0.8406 -0.0000
vn 0.2507 0.9681 -0.0000
vn 0.3092 0.9510 -0.0000
vn 0.1107 0.9939 -0.0000
vn 0.9821 0.1882 -0.0000
vn 0.9603 0.2791 -0.0000
vn 0.9996 0.0273 -0.0000
vn 0.9652 0.2616 -0.0000
vn 0.8634 0.5046 -0.0000
vn 0.8811 0.4729 -0.0000
vn 0.7020 0.7121 -0.0000
vn 0.7359 0.6771 -0.0000
vn 0.4927 0.8702 -0.0000
vn 0.5413 0.8408 -0.0000
vn 0.2501 0.9682 -0.0000
vn 0.3087 0.9512 -0.0000
vn 0.0492 0.9988 -0.0000
vn 0.0811 0.9967 -0.0000
vn 0.6366 0.7712 -0.0000
vn 0.4781 0.8783 -0.0000
vn 0.9985 0.0554 -0.0000
vn 0.9983 0.0578 -0.0000
vn 0.9701 0.2425 -0.0000
vn 0.8633 0.5046 -0.0000
vn 0.7020 0.7122 -0.0000
vn 0.2500 0.9682 -0.0000
vn 0.0368 0.9993 -0.0000
vn 0.0674 0.9977 -0.0000
vn 0.8458 0.5335 -0.0000
vn 0.7227 0.6912 -0.0000
vn 0.9995 0.0306 -0.0000
vn 0.8812 0.4728 -0.0000
vn 0.4928 0.8702 -0.0000
vn 0.9986 0.0528 -0.0000
vn 0.9970 0.0775 0.0001
vn 0.9975 0.0019 -0.0713
vn 0.9975 -0.0016 -0.0703
vn 0.9992 -0.0391 -0.0002
vn 0.9996 -0.0275 -0.0000
vn 0.0849 -0.9964 -0.0000
vn 0.0550 -0.9985 -0.0000
vn 0.2538 -0.9672 -0.0000
vn 0.3089 -0.9511 -0.0000
vn 0.4958 -0.8684 -0.0000
vn 0.5415 -0.8407 -0.0000
vn 0.7042 -0.7100 -0.0000
vn 0.7360 -0.6770 -0.0000
vn 0.8645 -0.5027 -0.0000
vn 0.8812 -0.4728 -0.0000
vn 0.9655 -0.2604 -0.0000
vn 0.9702 -0.2425 -0.0000
vn 0.9983 -0.0576 -0.0000
vn 0.9985 -0.0553 -0.0000
vn 0.5777 -0.8163 -0.0000
vn 0.7210 -0.6929 -0.0000
vn 0.0549 -0.9985 -0.0000
vn 0.2538 -0.9673 -0.0000
vn 0.3088 -0.9511 -0.0000
vn 0.5414 -0.8408 -0.0000
vn 0.9655 -0.2605 -0.0000
vn 0.5779 -0.8161 -0.0000
vn 0.7212 -0.6927 -0.0000
vn 0.1235 -0.9923 -0.0000
vn 0.0929 -0.9957 -0.0000
vn 0.3040 -0.9527 -0.0000
vn 0.3681 -0.9298 -0.0000
vn 0.5839 -0.8118 -0.0000
vn 0.6324 -0.7747 -0.0000
vn 0.8068 -0.5908 -0.0000
vn 0.8339 -0.5519 -0.0000
vn 0.9504 -0.3110 -0.0000
vn 0.9583 -0.2857 -0.0000
vn 0.9504 0.3110 -0.0000
vn 0.9583 0.2857 -0.0000
vn 0.8068 0.5908 -0.0000
vn 0.8339 0.5519 -0.0000
vn 0.5839 0.8118 -0.0000
vn 0.6324 0.7747 -0.0000
vn 0.3040 0.9527 -0.0000
vn 0.3681 0.9298 -0.0000
vn 0.0929 0.9957 -0.0000
vn 0.1235 0.9923 -0.0000
vn 0.7212 0.6927 -0.0000
vn 0.5779 0.8161 -0.0000
vn 0.9983 0.0577 -0.0000
vn 0.9655 0.2604 -0.0000
vn 0.8644 0.5028 -0.0000
vn 0.7041 0.7101 -0.0000
vn 0.7359 0.6770 -0.0000
vn 0.4958 0.8684 -0.0000
vn 0.5414 0.8408 -0.0000
vn 0.2538 0.9673 -0.0000
vn 0.3088 0.9511 -0.0000
vn 0.0549 0.9985 -0.0000
vn 0.0849 0.9964 -0.0000
vn 0.7210 0.6929 -0.0000
vn 0.5777 0.8163 -0.0000
vn 0.9983 0.0576 -0.0000
vn 0.8645 0.5026 -0.0000
vn 0.7042 0.7100 -0.0000
vn 0.7360 0.6770 -0.0000
vn 0.5415 0.8407 -0.0000
vn 0.2538 0.9672 -0.0000
vn 0.0550 0.9985 -0.0000
vn 0.9995 0.0315 -0.0000
vn 0.9989 0.0463 0.0001
vn 0.9897 -0.1435 -0.0003
vn 0.9952 -0.0981 -0.0000
vn 0.8343 -0.5513 -0.0000
vn 0.9121 -0.4099 -0.0000
vn 0.0854 -0.9964 -0.0000
vn 0.0622 -0.9981 -0.0000
vn 0.2187 -0.9758 -0.0000
vn 0.2665 -0.9638 -0.0000
vn 0.4305 -0.9026 -0.0000
vn 0.4723 -0.8814 -0.0000
vn 0.6208 -0.7840 -0.0000
vn 0.6534 -0.7570 -0.0000
vn 0.7800 -0.6257 -0.0000
vn 0.8016 -0.5978 -0.0000
vn 0.9000 -0.4358 -0.0000
vn 0.9110 -0.4125 -0.0000
vn 0.9747 -0.2236 -0.0000
vn 0.8427 -0.5385 -0.0000
vn 0.8380 -0.5457 -0.0000
vn 0.7177 -0.6963 -0.0000
vn 0.7707 -0.6371 -0.0000
vn 0.9040 -0.4276 -0.0000
vn 0.7713 -0.6364 -0.0000
vn 0.8579 -0.5139 -0.0000
vn 0.9261 -0.3773 -0.0000
vn 0.5290 -0.8486 0.0001
vn 0.3964 0.9181 -0.0000
vn 0.2403 0.9707 -0.0000
vn -0.0000 0.9675 0.2528
vn -0.0000 0.9562 0.2928
vn -0.0000 0.9711 -0.2385
vn -0.0000 0.9255 -0.3787
vn -0.0000 -0.8505 -0.5259
vn -0.0000 -0.6965 -0.7175
vn -0.0000 -0.3743 -0.9273
vn -0.0000 -0.5048 -0.8632
vn -0.0000 -0.6395 -0.7688
vn -0.0000 -0.4467 -0.8947
vn -0.0000 -0.6363 -0.7715
vn -0.0000 -0.6920 -0.7219
vn -0.0000 -0.5382 -0.8428
vn -0.0000 -0.5455 -0.8381
vn -0.0000 -0.2238 -0.9746
vn -0.0000 -0.2108 -0.9775
vn -0.0000 -0.4362 -0.8998
vn -0.0000 -0.4135 -0.9105
vn -0.0000 -0.6263 -0.7796
vn -0.0000 -0.7845 -0.6202
vn -0.0000 -0.7588 -0.6514
vn -0.0000 -0.9030 -0.4297
vn -0.0000 -0.8830 -0.4694
vn -0.0000 -0.9760 -0.2178
vn -0.0000 -0.9648 -0.2630
vn -0.0000 -0.9981 -0.0618
vn -0.0000 -0.4068 -0.9135
vn -0.0000 -0.5421 -0.8403
vn -0.0000 -0.0972 -0.9953
vn -0.0000 -0.1401 -0.9901
vn 0.0002 0.0312 -0.9995
vn -0.0000 0.0452 -0.9990
vn -0.0000 0.9985 -0.0544
vn -0.0000 0.9966 -0.0826
vn -0.0000 0.9675 -0.2528
vn -0.0000 0.9524 -0.3049
vn -0.0000 0.8689 -0.4950
vn -0.0000 0.8427 -0.5384
vn -0.0000 0.7106 -0.7036
vn -0.0000 0.5032 -0.8642
vn -0.0000 0.2607 -0.9654
vn -0.0000 0.2431 -0.9700
vn -0.0000 0.0577 -0.9983
vn -0.0000 0.0554 -0.9985
vn -0.0000 0.6896 -0.7242
vn -0.0000 0.8096 -0.5870
vn -0.0000 0.9985 -0.0543
vn -0.0000 0.9966 -0.0825
vn -0.0000 0.9675 -0.2527
vn -0.0000 0.9524 -0.3048
vn -0.0000 0.8690 -0.4949
vn -0.0000 0.8428 -0.5383
vn -0.0000 0.6791 -0.7341
vn -0.0000 0.6894 -0.7244
vn -0.0000 0.8094 -0.5872
vn -0.0000 0.9957 -0.0923
vn -0.0000 0.9926 -0.1214
vn -0.0000 0.9531 -0.3028
vn -0.0000 0.9316 -0.3636
vn -0.0000 0.8125 -0.5830
vn -0.0000 0.7772 -0.6292
vn -0.0000 0.5915 -0.8063
vn -0.0000 0.5540 -0.8325
vn -0.0000 0.3114 -0.9503
vn -0.0000 0.2867 -0.9580
vn -0.0000 -0.3114 -0.9503
vn -0.0000 -0.2867 -0.9580
vn -0.0000 -0.5915 -0.8063
vn -0.0000 -0.5540 -0.8325
vn -0.0000 -0.8125 -0.5830
vn -0.0000 -0.7772 -0.6293
vn -0.0000 -0.9531 -0.3028
vn -0.0000 -0.9316 -0.3636
vn -0.0000 -0.9957 -0.0923
vn -0.0000 -0.9926 -0.1214
vn -0.0000 -0.6894 -0.7244
vn -0.0000 -0.8094 -0.5872
vn -0.0000 -0.0577 -0.9983
vn -0.0000 -0.0554 -0.9985
vn -0.0000 -0.2607 -0.9654
vn -0.0000 -0.2431 -0.9700
vn -0.0000 -0.5032 -0.8642
vn -0.0000 -0.7106 -0.7036
vn -0.0000 -0.6791 -0.7341
vn -0.0000 -0.8690 -0.4949
vn -0.0000 -0.8427 -0.5383
vn -0.0000 -0.9675 -0.2527
vn -0.0000 -0.9524 -0.3048
vn -0.0000 -0.9985 -0.0543
vn -0.0000 -0.9966 -0.0826
vn -0.0000 -0.6896 -0.7242
vn -0.0000 -0.8096 -0.5870
vn -0.0000 -0.6790 -0.7341
vn -0.0000 -0.8689 -0.4950
vn -0.0000 -0.8427 -0.5384
vn -0.0000 -0.9675 -0.2528
vn -0.0000 -0.9524 -0.3049
vn -0.0000 -0.9985 -0.0544
vn -0.0000 -0.0275 -0.9996
vn -0.0000 -0.0417 -0.9991
vn 0.0509 -0.0014 -0.9987
vn 0.0035 -0.0034 -1.0000
vn -0.0001 0.0716 -0.9974
vn 0.0064 0.0113 -0.9999
vn -0.0000 0.9985 -0.0540
vn -0.0000 0.9583 -0.2857
vn -0.0000 0.8527 -0.5224
vn -0.0000 0.6911 -0.7228
vn -0.0000 0.4853 -0.8743
vn -0.0000 0.2499 -0.9683
vn -0.0000 0.0295 -0.9996
vn -0.0000 0.6379 -0.7701
vn -0.0000 0.9985 -0.0539
vn -0.0000 0.8527 -0.5223
vn -0.0000 0.6911 -0.7227
vn -0.0000 0.4854 -0.8743
vn -0.0000 0.2500 -0.9682
vn -0.0000 0.0563 -0.9984
vn -0.0000 0.8466 -0.5322
vn -0.0000 0.9977 -0.0679
vn -0.0000 0.0263 -0.9997
vn -0.0001 0.2441 -0.9698
vn -0.0000 0.9947 -0.1027
vn -0.0000 0.9581 -0.2863
vn -0.0000 0.8525 -0.5228
vn -0.0000 0.6908 -0.7231
vn -0.0000 0.4851 -0.8745
vn -0.0000 0.2498 -0.9683
vn -0.0000 0.0694 -0.9976
vn -0.0000 -0.0694 -0.9976
vn -0.0000 -0.2498 -0.9683
vn -0.0000 -0.4851 -0.8745
vn -0.0000 -0.6908 -0.7231
vn -0.0000 -0.8525 -0.5228
vn -0.0000 -0.9581 -0.2863
vn -0.0000 -0.9947 -0.1027
vn 0.0001 -0.9918 -0.1281
vn -0.2794 -0.5778 -0.7669
vn -0.4353 -0.9003 -0.0000
vn -0.0000 -0.8103 -0.5860
vn -0.3940 -0.8148 -0.4253
vn -0.0000 -0.8747 -0.4846
vn -0.2848 -0.5417 -0.7908
vn -0.4654 -0.8851 -0.0000
vn -0.0000 -0.7909 -0.6119
vn -0.1924 -0.0000 -0.9813
vn -0.1906 0.1340 -0.9725
vn -0.0000 0.7909 -0.6119
vn -0.0000 0.8747 -0.4846
vn -0.0000 0.8103 -0.5860
vn -0.0000 0.6690 -0.7433
vn -0.0000 0.9951 -0.0993
vn -0.0000 0.9996 -0.0283
vn -0.0000 0.9702 -0.2422
vn -0.0000 0.8949 -0.4462
vn -0.0000 0.7731 -0.6342
vn -0.0000 0.6136 -0.7896
vn -0.0000 0.4252 -0.9051
vn -0.0000 0.2174 -0.9761
vn -0.0000 0.0422 -0.9991
vn -0.0000 -0.0418 -0.9991
vn -0.0000 -0.2158 -0.9764
vn -0.0000 -0.4223 -0.9064
vn -0.0000 -0.6097 -0.7926
vn -0.0000 -0.7687 -0.6397
vn -0.0000 -0.8907 -0.4545
vn -0.0000 -0.9692 -0.2461
vn -0.0000 -0.9716 -0.2366
vn -0.0000 0.9998 -0.0186
vn -0.0000 0.7883 -0.6153
vn -0.0000 0.9957 -0.0930
vn -0.0000 0.9692 -0.2463
vn -0.0000 0.8906 -0.4547
vn -0.0000 0.7686 -0.6398
vn -0.0000 0.6096 -0.7927
vn -0.0000 0.4223 -0.9065
vn -0.0000 0.2158 -0.9764
vn -0.0000 0.0229 -0.9997
vn -0.0000 0.7336 -0.6795
vn -0.0000 -0.9637 -0.2671
vn 0.1382 -0.9507 0.2775
vn -0.0000 -0.9601 0.2795
vn 0.4459 -0.0000 0.8951
vn 0.2172 0.8734 0.4360
vn -0.0000 0.7439 0.6683
vn 0.4457 0.0297 0.8947
vn 0.4291 0.2719 0.8614
vn -0.0000 0.2146 0.9767
vn -0.0000 0.0228 0.9997
vn 0.3832 0.5115 0.7691
vn -0.0000 0.4201 0.9075
vn 0.3184 0.7001 0.6391
vn -0.0000 0.6072 0.7946
vn 0.2449 0.8356 0.4917
vn -0.0000 0.7662 0.6426
vn 0.1692 0.9252 0.3397
vn -0.0000 0.8888 0.4583
vn 0.0938 0.9776 0.1883
vn -0.0000 0.9682 0.2503
vn 0.0338 0.9971 0.0678
vn 0.1897 0.9050 0.3807
vn -0.0000 0.7974 0.6035
vn 0.0036 1.0000 0.0072
vn -0.0000 0.9998 0.0174
vn 0.0783 -0.9845 0.1572
vn -0.0000 -0.9718 0.2360
vn 0.0937 -0.9777 0.1881
vn -0.0000 -0.9682 0.2501
vn 0.1692 -0.9253 0.3395
vn -0.0000 -0.8889 0.4581
vn 0.2449 -0.8357 0.4916
vn -0.0000 -0.7664 0.6424
vn 0.3184 -0.7002 0.6391
vn -0.0000 -0.6073 0.7945
vn 0.3831 -0.5115 0.7691
vn -0.0000 -0.4202 0.9074
vn 0.4291 -0.2719 0.8614
vn -0.0000 -0.2146 0.9767
vn 0.4452 -0.0545 0.8938
vn -0.0000 -0.0416 0.9991
vn 0.4452 0.0550 0.8937
vn -0.0000 0.0420 0.9991
vn 0.4288 0.2737 0.8609
vn -0.0000 0.2162 0.9764
vn 0.3824 0.5145 0.7675
vn -0.0000 0.4231 0.9061
vn 0.3169 0.7036 0.6360
vn -0.0000 0.6111 0.7915
vn 0.2426 0.8390 0.4870
vn -0.0000 0.7708 0.6371
vn 0.1661 0.9280 0.3334
vn -0.0000 0.8931 0.4499
vn 0.0917 0.9786 0.1841
vn -0.0000 0.9693 0.2460
vn 0.0147 0.9995 0.0295
vn -0.0000 0.9996 0.0300
vn 0.0268 0.9982 0.0538
vn -0.0000 0.9953 0.0964
vn -0.0000 0.7867 0.6174
vn -0.0000 0.8192 0.5735
vn -0.0000 0.9452 0.3266
vn -0.0000 0.6472 0.7624
vn -0.3396 0.2068 0.9175
vn -0.3471 -0.0000 0.9378
vn -0.5187 -0.8550 -0.0000
vn -0.2376 -0.3917 0.8889
vn -0.0000 -0.6472 0.7624
vn -0.4649 -0.8334 0.2990
vn -0.0000 -0.9452 0.3266
vn -0.4872 -0.8733 -0.0000
vn -0.3210 -0.5754 0.7522
vn -0.0000 -0.8192 0.5735
vn 0.0445 -0.9978 0.0491
vn -0.0000 -0.9959 0.0908
vn 0.0382 -0.9963 0.0767
vn -0.0000 -0.9945 0.1044
vn 0.1095 -0.9694 0.2199
vn -0.0000 -0.9567 0.2909
vn 0.1976 -0.8965 0.3966
vn -0.0000 -0.8500 0.5267
vn 0.2850 -0.7692 0.5720
vn -0.0000 -0.6879 0.7258
vn 0.3649 -0.5747 0.7325
vn -0.0000 -0.4824 0.8759
vn 0.4238 -0.3106 0.8508
vn -0.0000 -0.2482 0.9687
vn 0.4440 -0.0907 0.8914
vn -0.0000 -0.0693 0.9976
vn 0.4440 0.0907 0.8914
vn -0.0000 0.0692 0.9976
vn 0.4238 0.3106 0.8508
vn -0.0000 0.2482 0.9687
vn 0.3649 0.5747 0.7325
vn -0.0000 0.4824 0.8759
vn 0.2850 0.7692 0.5720
vn -0.0000 0.6879 0.7258
vn 0.1976 0.8965 0.3966
vn -0.0000 0.8500 0.5267
vn 0.1095 0.9694 0.2199
vn -0.0000 0.9567 0.2910
vn 0.0382 0.9963 0.0767
vn -0.0000 0.9945 0.1044
vn 0.4114 0.3856 0.8259
vn -0.0000 0.2512 0.9679
vn 0.4456 0.0339 0.8946
vn -0.0000 0.0262 0.9997
vn 0.4238 0.3108 0.8508
vn -0.0000 0.2483 0.9687
vn 0.3648 0.5749 0.7324
vn -0.0000 0.4827 0.8758
vn 0.2849 0.7694 0.5717
vn -0.0000 0.6882 0.7255
vn 0.1975 0.8966 0.3963
vn -0.0000 0.8503 0.5262
vn 0.1094 0.9695 0.2195
vn -0.0000 0.9569 0.2904
vn 0.0295 0.9978 0.0593
vn -0.0000 0.9975 0.0705
vn 0.1579 0.9352 0.3168
vn -0.0000 0.8539 0.5205
vn 0.4447 0.0732 0.8927
vn -0.0000 0.0561 0.9984
vn -0.0000 0.2484 0.9687
vn 0.3648 0.5750 0.7324
vn 0.2848 0.7694 0.5717
vn -0.0000 0.8504 0.5262
vn -0.0000 0.9569 0.2903
vn 0.0252 0.9984 0.0505
vn -0.0000 0.9984 0.0565
vn 0.2622 0.8088 0.5263
vn -0.0000 0.6494 0.7604
vn 0.4455 0.0380 0.8945
vn -0.0000 0.0293 0.9996
vn 0.2849 0.7694 0.5718
vn 0.1974 0.8966 0.3964
vn 0.1094 0.9694 0.2196
vn 0.0252 0.9984 0.0506
vn 0.4391 0.1250 0.8897
vn -0.0000 0.0739 0.9973
vn 0.4392 0.0052 0.8984
vn 0.0066 0.0116 0.9999
vn -0.0001 -0.0289 0.9996
vn 0.0558 -0.0012 0.9984
vn 0.0069 -0.0068 1.0000
vn -0.0000 -0.0352 0.9994
vn -0.0000 -0.9983 0.0585
vn -0.0000 -0.9977 0.0680
vn -0.0000 -0.9654 0.2606
vn -0.0000 -0.9604 0.2786
vn -0.0000 -0.8652 0.5014
vn -0.0000 -0.8563 0.5164
vn -0.0000 -0.7062 0.7080
vn -0.0000 -0.6954 0.7186
vn -0.0000 -0.4993 0.8664
vn -0.0000 -0.4894 0.8721
vn -0.0000 -0.2583 0.9661
vn -0.0000 -0.2524 0.9676
vn -0.0000 -0.0573 0.9984
vn -0.0000 -0.0566 0.9984
vn -0.0000 -0.7129 0.7013
vn -0.0000 -0.7585 0.6517
vn -0.0000 -0.9983 0.0584
vn -0.0000 -0.9655 0.2605
vn -0.0000 -0.9604 0.2785
vn -0.0000 -0.8653 0.5013
vn -0.0000 -0.8564 0.5164
vn -0.0000 -0.6955 0.7185
vn -0.0000 -0.4991 0.8665
vn -0.0000 -0.2588 0.9659
vn -0.0000 -0.0574 0.9984
vn -0.0000 -0.7126 0.7015
vn -0.0000 -0.7583 0.6519
vn -0.0000 -0.9953 0.0970
vn -0.0000 -0.9942 0.1074
vn -0.0000 -0.9501 0.3119
vn -0.0000 -0.9429 0.3329
vn -0.0000 -0.8075 0.5898
vn -0.0000 -0.7956 0.6058
vn -0.0000 -0.5862 0.8101
vn -0.0000 -0.5737 0.8191
vn -0.0000 -0.3082 0.9513
vn -0.0000 -0.2998 0.9540
vn -0.0000 0.3081 0.9513
vn -0.0000 0.2998 0.9540
vn -0.0000 0.5863 0.8101
vn -0.0000 0.5737 0.8191
vn -0.0000 0.8075 0.5898
vn -0.0000 0.7956 0.6058
vn -0.0000 0.9501 0.3119
vn -0.0000 0.9430 0.3329
vn -0.0000 0.9953 0.0970
vn -0.0000 0.9942 0.1074
vn -0.0000 0.7126 0.7015
vn -0.0000 0.0574 0.9984
vn -0.0000 0.0566 0.9984
vn -0.0000 0.2588 0.9659
vn -0.0000 0.2524 0.9676
vn -0.0000 0.4992 0.8665
vn -0.0000 0.4894 0.8721
vn -0.0000 0.7062 0.7080
vn -0.0000 0.6955 0.7186
vn -0.0000 0.8652 0.5014
vn -0.0000 0.8564 0.5164
vn -0.0000 0.9655 0.2605
vn -0.0000 0.9604 0.2785
vn -0.0000 0.9983 0.0584
vn -0.0000 0.9977 0.0680
vn -0.0000 0.7585 0.6517
vn -0.0000 0.7129 0.7013
vn -0.0000 0.0573 0.9984
vn -0.0000 0.2582 0.9661
vn -0.0000 0.7061 0.7081
vn -0.0000 0.6954 0.7186
vn -0.0000 0.8563 0.5164
vn -0.0000 0.9654 0.2606
vn -0.0000 0.9604 0.2786
vn -0.0000 0.0381 0.9993
vn -0.0000 0.0333 0.9994
vn -0.0001 -0.1037 0.9946
vn -0.0000 -0.1186 0.9929
vn -0.0000 -0.4293 0.9031
vn -0.0000 -0.4781 0.8783
vn -0.0000 -0.9979 0.0652
vn -0.0000 -0.9973 0.0730
vn -0.0000 -0.9745 0.2246
vn -0.0000 -0.9707 0.2402
vn -0.0000 -0.9002 0.4356
vn -0.0000 -0.8934 0.4493
vn -0.0000 -0.7808 0.6248
vn -0.0000 -0.7721 0.6355
vn -0.0000 -0.6224 0.7827
vn -0.0000 -0.6133 0.7898
vn -0.0000 -0.4331 0.9013
vn -0.0000 -0.4253 0.9050
vn -0.0000 -0.2222 0.9750
vn -0.0000 -0.2176 0.9760
vn -0.0000 -0.5396 0.8419
vn -0.0000 -0.5422 0.8402
vn -0.0000 -0.6432 0.7657
vn -0.0000 -0.6609 0.7505
vn -0.0000 -0.6159 0.7878
vn -0.0000 -0.5549 0.8319
vn -0.0000 -0.3957 0.9184
vn -0.0000 -0.4425 0.8968
vn -0.0000 -0.8355 0.5496
vn -0.0000 -0.7919 0.6106
vn -0.6607 -0.0082 -0.7506
vn -0.6607 0.0071 -0.7506
vn -0.6429 0.0082 -0.7659
vn -0.6431 -0.0092 -0.7658
vn -0.5471 -0.5453 -0.6351
vn -0.4230 0.7615 -0.4911
vn 0.6532 -0.0089 -0.7572
vn 0.6531 0.0079 -0.7572
vn 0.6707 0.0069 -0.7417
vn 0.6706 -0.0085 -0.7417
vn 0.5573 -0.5409 -0.6300
vn 0.4323 0.7578 -0.4887
vn 0.7219 0.0081 0.6919
vn 0.7219 -0.0089 0.6919
vn 0.7378 -0.0090 0.6750
vn 0.7378 0.0083 0.6750
vn 0.4494 0.7878 0.4212
vn 0.5955 -0.5779 0.5580
vn 0.5954 -0.5779 0.5581
vn -0.7286 0.0084 0.6849
vn -0.7286 -0.0097 0.6849
vn -0.7126 -0.0092 0.7015
vn -0.7126 0.0083 0.7015
vn -0.5852 -0.5833 0.5632
vn -0.4399 0.7920 0.4234
vn -0.4399 0.7919 0.4234
vn 0.9970 0.0772 -0.0000
vn 0.0669 0.9978 -0.0000
vn 0.3079 0.9514 -0.0000
vn 0.5406 0.8412 -0.0000
vn 0.7354 0.6777 -0.0000
vn 0.8808 0.4734 -0.0000
vn 0.9701 0.2429 -0.0000
vn 0.7242 0.6895 -0.0000
vn 0.5406 0.8413 -0.0000
vn 0.9700 0.2429 -0.0000
vn 0.4798 0.8774 -0.0000
vn 0.0807 0.9967 -0.0000
vn 0.9606 0.2779 -0.0000
vn 0.1104 0.9939 -0.0000
vn 0.3084 0.9512 -0.0000
vn 0.5410 0.8410 -0.0000
vn 0.7356 0.6774 -0.0000
vn 0.8810 0.4732 -0.0000
vn 0.9701 0.2427 -0.0000
vn 0.9976 0.0685 -0.0000
vn 0.9976 -0.0685 -0.0000
vn 0.9701 -0.2427 -0.0000
vn 0.8810 -0.4732 -0.0000
vn 0.7356 -0.6774 -0.0000
vn 0.5410 -0.8410 -0.0000
vn 0.3084 -0.9512 -0.0000
vn 0.1104 -0.9939 -0.0000
vn 0.0908 -0.9959 -0.0000
vn 0.1726 -0.9850 -0.0000
vn 0.5585 -0.8295 -0.0000
vn 0.5586 0.8295 -0.0000
vn 0.1726 0.9850 -0.0000
vn 0.6172 0.7868 -0.0000
vn 0.0865 0.9962 -0.0000
vn 0.0374 0.9993 -0.0000
vn 0.2605 0.9655 -0.0000
vn 0.4633 0.8862 -0.0000
vn 0.6475 0.7621 -0.0000
vn 0.9094 0.4159 -0.0000
vn 0.9772 0.2122 -0.0000
vn 0.9776 -0.2107 -0.0000
vn 0.9107 -0.4131 -0.0000
vn 0.6526 -0.7577 -0.0000
vn 0.4713 -0.8820 -0.0000
vn 0.2654 -0.9641 -0.0000
vn 0.2332 -0.9724 -0.0000
vn 0.0135 0.9999 -0.0000
vn 0.5617 0.8273 -0.0000
vn 0.0985 0.9951 -0.0000
vn 0.2656 0.9641 -0.0000
vn 0.4715 0.8819 -0.0000
vn 0.6527 0.7576 -0.0000
vn 0.9107 0.4131 -0.0000
vn 0.9776 0.2106 -0.0000
vn 0.9997 0.0225 -0.0000
vn 0.6274 0.7787 -0.0000
vn 0.3386 -0.9409 -0.0000
vn -0.3386 -0.9409 -0.0000
vn -0.6274 0.7787 -0.0000
vn -0.9107 0.4131 -0.0000
vn -0.8012 0.5984 -0.0000
vn -0.6527 0.7576 -0.0000
vn -0.4715 0.8819 -0.0000
vn -0.2656 0.9641 -0.0000
vn -0.0985 0.9951 -0.0000
vn -0.5617 0.8273 -0.0000
vn -0.0135 0.9999 -0.0000
vn -0.2332 -0.9724 -0.0000
vn -0.2654 -0.9641 -0.0000
vn -0.4713 -0.8820 -0.0000
vn -0.6526 -0.7577 -0.0000
vn -0.8011 -0.5985 -0.0000
vn -0.9107 -0.4131 -0.0000
vn -0.9776 -0.2107 -0.0000
vn -0.9772 0.2122 -0.0000
vn -0.9094 0.4159 -0.0000
vn -0.7983 0.6023 -0.0000
vn -0.6475 0.7621 -0.0000
vn -0.4633 0.8862 -0.0000
vn -0.2605 0.9655 -0.0000
vn -0.0374 0.9993 -0.0000
vn -0.0865 0.9962 -0.0000
vn -0.3496 0.9369 -0.0000
vn -0.6873 0.7263 -0.0000
vn -0.5426 0.8400 -0.0000
vn -0.9925 0.1222 0.0001
vn -0.9765 0.2156 -0.0002
vn -0.9925 -0.1222 -0.0000
vn -0.5427 -0.8399 -0.0000
vn -0.6873 -0.7263 -0.0000
vn -0.0433 -0.9991 -0.0000
vn -0.1104 -0.9939 -0.0000
vn -0.3084 -0.9512 -0.0000
vn -0.5410 -0.8410 -0.0000
vn -0.7356 -0.6774 -0.0000
vn -0.8810 -0.4732 -0.0000
vn -0.8810 0.4732 -0.0000
vn -0.7356 0.6774 -0.0000
vn -0.5410 0.8410 -0.0000
vn -0.3084 0.9512 -0.0000
vn -0.1104 0.9939 -0.0000
vn -0.9606 0.2779 -0.0000
vn -0.8808 0.4734 -0.0000
vn -0.7353 0.6777 -0.0000
vn -0.5406 0.8413 -0.0000
vn -0.3079 0.9514 -0.0000
vn -0.0807 0.9967 -0.0000
vn -0.4798 0.8774 -0.0000
vn -0.9700 0.2429 -0.0000
vn -0.7354 0.6777 -0.0000
vn -0.0669 0.9978 -0.0000
vn -0.7242 0.6895 -0.0000
vn -0.5406 0.8412 -0.0000
vn -0.9970 0.0772 -0.0000
vn -0.9992 -0.0389 -0.0000
vn -0.0845 -0.9964 -0.0000
vn -0.3081 -0.9514 -0.0000
vn -0.5407 -0.8412 -0.0000
vn -0.7355 -0.6776 -0.0000
vn -0.8809 -0.4733 -0.0000
vn -0.9701 -0.2428 -0.0000
vn -0.5795 -0.8150 -0.0000
vn -0.3080 -0.9514 -0.0000
vn -0.7354 -0.6776 -0.0000
vn -0.8809 -0.4734 -0.0000
vn -0.9701 -0.2429 -0.0000
vn -0.5797 -0.8148 -0.0000
vn -0.1231 -0.9924 -0.0000
vn -0.3672 -0.9301 -0.0000
vn -0.6316 -0.7753 -0.0000
vn -0.8335 -0.5526 -0.0000
vn -0.9582 -0.2862 -0.0000
vn -0.9582 0.2862 -0.0000
vn -0.8334 0.5526 -0.0000
vn -0.6316 0.7753 -0.0000
vn -0.3672 0.9301 -0.0000
vn -0.1231 0.9924 -0.0000
vn -0.5797 0.8148 -0.0000
vn -0.8809 0.4734 -0.0000
vn -0.7354 0.6776 -0.0000
vn -0.5407 0.8412 -0.0000
vn -0.3080 0.9514 -0.0000
vn -0.0845 0.9964 -0.0000
vn -0.5795 0.8150 -0.0000
vn -0.9701 0.2428 -0.0000
vn -0.8809 0.4733 -0.0000
vn -0.7355 0.6776 -0.0000
vn -0.5408 0.8412 -0.0000
vn -0.3081 0.9514 -0.0000
vn -0.9989 0.0461 -0.0000
vn -0.9897 -0.1429 -0.0000
vn -0.8354 -0.5496 -0.0000
vn -0.0851 -0.9964 -0.0000
vn -0.2658 -0.9640 -0.0000
vn -0.4717 -0.8818 -0.0000
vn -0.6528 -0.7575 -0.0000
vn -0.8013 -0.5983 -0.0000
vn -0.9107 -0.4130 -0.0000
vn -0.8381 -0.5456 -0.0000
vn -0.7189 -0.6951 -0.0000
vn -0.9022 -0.4313 -0.0000
vn -0.8589 -0.5122 -0.0000
vn -0.7324 -0.6808 -0.0000
vn -0.3930 0.9196 -0.0000
vn 0.3930 0.9196 -0.0000
vn 0.7324 -0.6809 -0.0000
vn 0.8589 -0.5121 -0.0000
vn 0.9022 -0.4313 -0.0000
vn 0.7189 -0.6951 -0.0000
vn 0.8381 -0.5456 -0.0000
vn 0.9776 -0.2106 -0.0000
vn 0.9107 -0.4130 -0.0000
vn 0.8013 -0.5983 -0.0000
vn 0.6528 -0.7575 -0.0000
vn 0.4717 -0.8818 -0.0000
vn 0.2658 -0.9640 -0.0000
vn 0.0850 -0.9964 -0.0000
vn 0.8354 -0.5496 -0.0000
vn 0.9897 -0.1429 -0.0000
vn 0.9989 0.0461 -0.0000
vn 0.0845 0.9964 -0.0000
vn 0.3081 0.9514 -0.0000
vn 0.5407 0.8412 -0.0000
vn 0.8809 0.4733 -0.0000
vn 0.9701 0.2428 -0.0000
vn 0.5795 0.8150 -0.0000
vn 0.3080 0.9514 -0.0000
vn 0.7354 0.6776 -0.0000
vn 0.8809 0.4734 -0.0000
vn 0.5797 0.8148 -0.0000
vn 0.1231 0.9924 -0.0000
vn 0.3672 0.9301 -0.0000
vn 0.6316 0.7753 -0.0000
vn 0.8335 0.5526 -0.0000
vn 0.9582 0.2862 -0.0000
vn 0.9582 -0.2862 -0.0000
vn 0.8334 -0.5526 -0.0000
vn 0.6316 -0.7753 -0.0000
vn 0.3672 -0.9301 -0.0000
vn 0.1231 -0.9924 -0.0000
vn 0.5797 -0.8148 -0.0000
vn 0.9985 -0.0554 -0.0000
vn 0.9701 -0.2429 -0.0000
vn 0.8809 -0.4734 -0.0000
vn 0.7354 -0.6776 -0.0000
vn 0.5407 -0.8412 -0.0000
vn 0.3080 -0.9514 -0.0000
vn 0.0845 -0.9964 -0.0000
vn 0.5795 -0.8150 -0.0000
vn 0.9701 -0.2428 -0.0000
vn 0.8809 -0.4733 -0.0000
vn 0.3081 -0.9514 -0.0000
vn 0.9992 -0.0389 -0.0000
vn 0.0531 0.0014 -0.9986
vn -0.0000 0.9992 -0.0403
vn -0.0000 0.9661 -0.2581
vn -0.0000 0.8664 -0.4993
vn -0.0000 0.7076 -0.7066
vn -0.0000 0.5004 -0.8658
vn -0.0000 0.2588 -0.9659
vn -0.0000 0.0303 -0.9995
vn -0.0000 0.5592 -0.8290
vn -0.0000 0.9662 -0.2580
vn -0.0000 0.7077 -0.7065
vn -0.0000 0.2593 -0.9658
vn -0.0000 0.0575 -0.9983
vn -0.0000 0.7916 -0.6110
vn -0.0000 0.9986 -0.0532
vn -0.0000 0.5006 -0.8657
vn -0.0000 0.0271 -0.9996
vn -0.0000 0.2008 -0.9796
vn -0.0000 0.9958 -0.0914
vn -0.0000 0.8660 -0.5000
vn -0.0000 0.7074 -0.7069
vn -0.0000 0.5000 -0.8660
vn -0.0000 0.0706 -0.9975
vn -0.0000 -0.0706 -0.9975
vn -0.0000 -0.2588 -0.9659
vn -0.0000 -0.5004 -0.8658
vn -0.0000 -0.7071 -0.7071
vn -0.0000 -0.8660 -0.5000
vn -0.0000 -0.9659 -0.2588
vn -0.0000 -0.9958 -0.0914
vn -0.0000 -0.9799 -0.1997
vn -0.0000 -0.8617 -0.5075
vn -0.0000 -0.8146 -0.5800
vn -0.0000 -0.8460 -0.5331
vn -0.0000 0.8460 -0.5331
vn -0.0000 0.8147 -0.5799
vn -0.0000 0.8617 -0.5075
vn -0.0000 0.4955 -0.8686
vn -0.0000 0.9926 -0.1217
vn -0.0000 0.9998 -0.0199
vn -0.0000 0.9757 -0.2190
vn -0.0000 0.9053 -0.4247
vn -0.0000 0.7867 -0.6174
vn -0.0000 0.6275 -0.7786
vn -0.0000 0.4369 -0.8995
vn -0.0000 0.2242 -0.9745
vn -0.0000 0.0431 -0.9991
vn -0.0000 -0.0427 -0.9991
vn -0.0000 -0.2225 -0.9749
vn -0.0000 -0.4342 -0.9008
vn -0.0000 -0.6239 -0.7815
vn -0.0000 -0.7823 -0.6229
vn -0.0000 -0.9011 -0.4336
vn -0.0000 -0.9751 -0.2218
vn -0.0000 -0.9704 -0.2415
vn -0.0000 0.9996 -0.0275
vn -0.0000 0.7220 -0.6919
vn -0.0000 0.9964 -0.0847
vn -0.0000 0.9750 -0.2220
vn -0.0000 0.9010 -0.4339
vn -0.0000 0.7818 -0.6235
vn -0.0000 0.6238 -0.7816
vn -0.0000 0.4342 -0.9008
vn -0.0000 0.2225 -0.9749
vn -0.0000 0.0235 -0.9997
vn -0.0000 0.6603 -0.7510
vn -0.0000 -0.9775 -0.2108
vn -0.0000 -0.9780 0.2086
vn -0.0000 0.6559 0.7549
vn -0.0000 0.0235 0.9997
vn -0.0000 0.2230 0.9748
vn -0.0000 0.4346 0.9006
vn -0.0000 0.6245 0.7810
vn -0.0000 0.7827 0.6224
vn -0.0000 0.9016 0.4325
vn -0.0000 0.9753 0.2210
vn -0.0000 0.9965 0.0842
vn -0.0000 0.7179 0.6962
vn -0.0000 0.9996 0.0281
vn -0.0000 -0.9703 0.2418
vn -0.0000 -0.9753 0.2207
vn -0.0000 -0.9017 0.4323
vn -0.0000 -0.7829 0.6222
vn -0.0000 -0.6245 0.7810
vn -0.0000 -0.4348 0.9005
vn -0.0000 -0.2232 0.9748
vn -0.0000 -0.0427 0.9991
vn -0.0000 0.0431 0.9991
vn -0.0000 0.2248 0.9744
vn -0.0000 0.4378 0.8991
vn -0.0000 0.6287 0.7777
vn -0.0000 0.7874 0.6164
vn -0.0000 0.9059 0.4236
vn -0.0000 0.9760 0.2177
vn -0.0000 0.9998 0.0195
vn -0.0000 0.9924 0.1231
vn -0.0000 0.5888 0.8083
vn -0.0000 0.8776 0.4794
vn -0.0000 0.9044 0.4266
vn -0.0000 0.7362 0.6768
vn -0.0000 -0.7362 0.6768
vn -0.0000 -0.9044 0.4266
vn -0.0000 -0.8776 0.4794
vn -0.0000 -0.9875 0.1576
vn -0.0000 -0.9663 0.2572
vn -0.0000 -0.8668 0.4986
vn -0.0000 -0.7082 0.7061
vn -0.0000 -0.5010 0.8654
vn -0.0000 -0.2593 0.9658
vn -0.0000 -0.0707 0.9975
vn -0.0000 0.0707 0.9975
vn -0.0000 0.2593 0.9658
vn -0.0000 0.5009 0.8655
vn -0.0000 0.7082 0.7061
vn -0.0000 0.8668 0.4986
vn -0.0000 0.9664 0.2571
vn -0.0000 0.9959 0.0908
vn -0.0000 0.1985 0.9801
vn -0.0000 0.0271 0.9996
vn -0.0000 0.2595 0.9657
vn -0.0000 0.5012 0.8653
vn -0.0000 0.7085 0.7057
vn -0.0000 0.8671 0.4981
vn -0.0000 0.9665 0.2566
vn -0.0000 0.9986 0.0525
vn -0.0000 0.7881 0.6156
vn -0.0000 0.0575 0.9983
vn -0.0000 0.2596 0.9657
vn -0.0000 0.5013 0.8653
vn -0.0000 0.9665 0.2565
vn -0.0000 0.9992 0.0396
vn -0.0000 0.5546 0.8321
vn -0.0000 0.0304 0.9995
vn -0.0000 0.7084 0.7058
vn -0.0000 0.9992 0.0397
vn 0.0573 0.0015 0.9984
vn -0.1891 -0.9820 -0.0000
vn -0.7920 0.6105 -0.0000
vn -0.9997 0.0238 -0.0000
vn -0.9741 0.2261 -0.0000
vn -0.8979 0.4402 -0.0000
vn -0.7758 0.6310 -0.0000
vn -0.6144 0.7890 -0.0000
vn -0.4222 0.9065 -0.0000
vn -0.2091 0.9779 -0.0000
vn -0.0793 0.9968 -0.0000
vn -0.7378 0.6750 -0.0000
vn -0.0342 0.9994 -0.0000
vn -0.2453 -0.9694 -0.0000
vn -0.2089 -0.9779 -0.0000
vn -0.4220 -0.9066 -0.0000
vn -0.6142 -0.7891 -0.0000
vn -0.7757 -0.6311 -0.0000
vn -0.8979 -0.4403 -0.0000
vn -0.9741 -0.2261 -0.0000
vn -0.9991 -0.0431 -0.0000
vn -0.9991 0.0435 -0.0000
vn -0.9737 0.2278 -0.0000
vn -0.8964 0.4433 -0.0000
vn -0.7723 0.6352 -0.0000
vn -0.6083 0.7937 -0.0000
vn -0.4131 0.9107 -0.0000
vn -0.2063 0.9785 -0.0000
vn -0.0163 0.9999 -0.0000
vn -0.1384 0.9904 -0.0000
vn -0.7466 0.6653 -0.0000
vn -0.5068 0.8621 -0.0000
vn -0.7700 0.6381 -0.0000
vn -0.9809 0.1946 0.0001
vn -0.9809 -0.1946 -0.0000
vn -0.7700 -0.6380 -0.0000
vn -0.5068 -0.8621 -0.0000
vn -0.1293 -0.9916 -0.0000
vn -0.0844 -0.9964 -0.0000
vn -0.2436 -0.9699 -0.0000
vn -0.4874 -0.8732 -0.0000
vn -0.6983 -0.7158 -0.0000
vn -0.8614 -0.5079 -0.0000
vn -0.9646 -0.2635 -0.0000
vn -0.9975 -0.0713 -0.0000
vn -0.9975 0.0713 -0.0000
vn -0.9646 0.2635 -0.0000
vn -0.8614 0.5079 -0.0000
vn -0.6983 0.7158 -0.0000
vn -0.4874 0.8732 -0.0000
vn -0.2436 0.9699 -0.0000
vn -0.0844 0.9964 -0.0000
vn -0.9842 0.1768 -0.0000
vn -0.9996 0.0275 -0.0000
vn -0.9646 0.2637 -0.0000
vn -0.8613 0.5081 -0.0000
vn -0.6980 0.7161 -0.0000
vn -0.4869 0.8734 -0.0000
vn -0.2430 0.9700 -0.0000
vn -0.0457 0.9990 -0.0000
vn -0.6608 0.7506 -0.0000
vn -0.9983 0.0581 -0.0000
vn -0.8613 0.5082 -0.0000
vn -0.4869 0.8735 -0.0000
vn -0.0338 0.9994 -0.0000
vn -0.8608 0.5090 -0.0000
vn -0.9995 0.0307 -0.0000
vn -0.9988 0.0498 -0.0000
vn -0.9976 0.0023 0.0688
vn -0.9977 -0.0018 0.0675
vn -0.9997 -0.0262 -0.0000
vn -0.0518 -0.9987 -0.0000
vn -0.2477 -0.9688 -0.0000
vn -0.4908 -0.8713 -0.0000
vn -0.7007 -0.7135 -0.0000
vn -0.8627 -0.5058 -0.0000
vn -0.9650 -0.2623 -0.0000
vn -0.9983 -0.0579 -0.0000
vn -0.7393 -0.6734 -0.0000
vn -0.2476 -0.9689 -0.0000
vn -0.4907 -0.8713 -0.0000
vn -0.8626 -0.5058 -0.0000
vn -0.7395 -0.6732 -0.0000
vn -0.0891 -0.9960 -0.0000
vn -0.2969 -0.9549 -0.0000
vn -0.5786 -0.8156 -0.0000
vn -0.8039 -0.5948 -0.0000
vn -0.9496 -0.3135 -0.0000
vn -0.9496 0.3135 -0.0000
vn -0.8039 0.5948 -0.0000
vn -0.5786 0.8156 -0.0000
vn -0.2969 0.9549 -0.0000
vn -0.0891 0.9960 -0.0000
vn -0.7395 0.6732 -0.0000
vn -0.9983 0.0579 -0.0000
vn -0.9650 0.2623 -0.0000
vn -0.8626 0.5058 -0.0000
vn -0.7007 0.7135 -0.0000
vn -0.4907 0.8713 -0.0000
vn -0.2476 0.9689 -0.0000
vn -0.0517 0.9987 -0.0000
vn -0.7393 0.6734 -0.0000
vn -0.8627 0.5058 -0.0000
vn -0.4908 0.8713 -0.0000
vn -0.2477 0.9688 -0.0000
vn -0.0518 0.9987 -0.0000
vn -0.9996 0.0298 -0.0000
vn -0.9957 -0.0931 -0.0000
vn -0.9200 -0.3919 -0.0000
vn -0.0594 -0.9982 -0.0000
vn -0.2133 -0.9770 -0.0000
vn -0.4258 -0.9048 -0.0000
vn -0.6172 -0.7868 -0.0000
vn -0.7777 -0.6287 -0.0000
vn -0.8989 -0.4383 -0.0000
vn -0.9744 -0.2250 -0.0000
vn -0.8433 -0.5374 -0.0000
vn -0.7750 -0.6320 -0.0000
vn -0.7566 -0.6538 -0.0000
vn -0.9329 -0.3602 -0.0000
vn -0.5114 -0.8593 -0.0000
vn -0.2300 0.9732 -0.0000
vn -0.0609 0.0018 0.9981
vn -0.0000 0.0537 0.9986
vn -0.0000 0.9993 0.0379
vn -0.0000 0.9676 0.2525
vn -0.0000 0.8691 0.4947
vn -0.0000 0.7108 0.7034
vn -0.0000 0.5034 0.8641
vn -0.0000 0.2608 0.9654
vn -0.0000 0.0305 0.9995
vn -0.0000 0.5413 0.8408
vn -0.0000 0.9993 0.0378
vn -0.0000 0.9676 0.2524
vn -0.0000 0.0577 0.9983
vn -0.0000 0.7776 0.6288
vn -0.0000 0.9987 0.0504
vn -0.0000 0.0272 0.9996
vn -0.0000 0.1920 0.9814
vn -0.0000 0.9960 0.0889
vn -0.0000 0.9674 0.2531
vn -0.0000 0.8688 0.4952
vn -0.0000 0.7105 0.7037
vn -0.0000 0.5031 0.8643
vn -0.0000 0.2606 0.9654
vn -0.0000 0.0709 0.9975
vn -0.0000 -0.0709 0.9975
vn -0.0000 -0.2607 0.9654
vn -0.0000 -0.5031 0.8642
vn -0.0000 -0.7105 0.7037
vn -0.0000 -0.8688 0.4952
vn -0.0000 -0.9674 0.2531
vn -0.0000 -0.9960 0.0889
vn -0.0000 -0.9858 0.1681
vn -0.0000 -0.8844 0.4667
vn -0.0000 -0.8990 0.4379
vn -0.0000 -0.7477 0.6640
vn -0.0000 0.7477 0.6640
vn -0.0000 0.8991 0.4378
vn -0.0000 0.8844 0.4667
vn -0.0000 0.5632 0.8263
vn -0.0000 0.9919 0.1274
vn -0.0000 0.9998 0.0185
vn -0.0000 0.9768 0.2144
vn -0.0000 0.9073 0.4204
vn -0.0000 0.7893 0.6140
vn -0.0000 0.6306 0.7761
vn -0.0000 0.4394 0.8983
vn -0.0000 0.2257 0.9742
vn -0.0000 0.0432 0.9991
vn -0.0000 -0.0428 0.9991
vn -0.0000 -0.2240 0.9746
vn -0.0000 -0.4365 0.8997
vn -0.0000 -0.6266 0.7794
vn -0.0000 -0.7847 0.6198
vn -0.0000 -0.9032 0.4292
vn -0.0000 -0.9761 0.2171
vn -0.0000 -0.9701 0.2428
vn -0.0000 0.9996 0.0298
vn -0.0000 0.7057 0.7085
vn -0.0000 0.9966 0.0828
vn -0.0000 0.9761 0.2174
vn -0.0000 0.9031 0.4293
vn -0.0000 0.7846 0.6199
vn -0.0000 0.6264 0.7795
vn -0.0000 0.4364 0.8998
vn -0.0000 0.2239 0.9746
vn -0.0000 0.0236 0.9997
vn -0.0000 0.6428 0.7660
vn -0.0000 -0.9793 0.2023
vn -0.0000 -0.9792 -0.2028
vn -0.0000 0.6440 -0.7650
vn -0.0000 0.0236 -0.9997
vn -0.0000 0.2239 -0.9746
vn -0.0000 0.4362 -0.8998
vn -0.0000 0.6263 -0.7796
vn -0.0000 0.7845 -0.6201
vn -0.0000 0.9030 -0.4296
vn -0.0000 0.9760 -0.2177
vn -0.0000 0.9966 -0.0829
vn -0.0000 0.7071 -0.7071
vn -0.0000 0.9996 -0.0296
vn -0.0000 -0.9701 -0.2427
vn -0.0000 -0.9761 -0.2174
vn -0.0000 -0.9031 -0.4294
vn -0.0000 -0.7846 -0.6200
vn -0.0000 -0.6264 -0.7795
vn -0.0000 -0.4363 -0.8998
vn -0.0000 -0.2240 -0.9746
vn -0.0000 -0.0428 -0.9991
vn -0.0000 0.0432 -0.9991
vn -0.0000 0.2256 -0.9742
vn -0.0000 0.4394 -0.8983
vn -0.0000 0.6305 -0.7762
vn -0.0000 0.9072 -0.4207
vn -0.0000 0.9767 -0.2147
vn -0.0000 0.9919 -0.1270
vn -0.0000 0.4644 -0.8856
vn -0.0000 0.8710 -0.4912
vn -0.0000 0.8033 -0.5956
vn -0.0000 0.8563 -0.5165
vn 0.0002 0.1364 -0.9907
vn -0.0000 -0.8563 -0.5165
vn -0.0000 -0.8033 -0.5956
vn -0.0000 -0.8711 -0.4912
vn -0.0000 -0.9763 -0.2165
vn -0.0000 -0.9960 -0.0891
vn -0.0000 -0.9674 -0.2534
vn -0.0000 -0.8686 -0.4955
vn -0.0000 -0.7103 -0.7039
vn -0.0000 -0.5029 -0.8643
vn -0.0000 -0.2605 -0.9655
vn -0.0000 -0.0709 -0.9975
vn -0.0000 0.0709 -0.9975
vn -0.0000 0.2606 -0.9654
vn -0.0000 0.5029 -0.8643
vn -0.0000 0.7103 -0.7039
vn -0.0000 0.8686 -0.4955
vn -0.0000 0.9674 -0.2534
vn -0.0000 0.9960 -0.0891
vn -0.0000 0.1925 -0.9813
vn -0.0000 0.0272 -0.9996
vn -0.0000 0.5031 -0.8642
vn -0.0000 0.9987 -0.0506
vn -0.0000 0.7785 -0.6277
vn -0.0000 0.9993 -0.0380
vn -0.0000 0.5425 -0.8401
vn -0.0000 0.0305 -0.9995
vn -0.0000 0.0539 -0.9985
vn -0.0561 0.0016 -0.9984
vn -0.0000 0.9724 0.2331
vn -0.0000 -0.8561 0.5168
vn -0.0000 -0.3656 0.9308
vn -0.0000 -0.6485 0.7612
vn -0.0000 -0.6336 0.7737
vn -0.0000 -0.5377 0.8431
vn -0.0000 -0.2246 0.9745
vn -0.0000 -0.4375 0.8992
vn -0.0000 -0.6278 0.7784
vn -0.0000 -0.7859 0.6183
vn -0.0000 -0.9041 0.4273
vn -0.0000 -0.9766 0.2150
vn -0.0000 -0.9982 0.0603
vn -0.0000 -0.3976 0.9176
vn -0.0000 -0.0946 0.9955
vn -0.0000 0.9986 0.0528
vn -0.0000 0.9683 0.2496
vn -0.0000 0.8704 0.4924
vn -0.0000 0.7124 0.7018
vn -0.0000 0.5048 0.8632
vn -0.0000 0.2617 0.9651
vn -0.0000 0.0578 0.9983
vn -0.0000 0.6797 0.7335
vn -0.0000 0.9986 0.0527
vn -0.0000 0.9684 0.2496
vn -0.0000 0.8704 0.4923
vn -0.0000 0.6794 0.7337
vn -0.0000 0.9959 0.0903
vn -0.0000 0.9542 0.2991
vn -0.0000 0.8144 0.5803
vn -0.0000 0.5936 0.8048
vn -0.0000 0.3127 0.9498
vn -0.0000 -0.3127 0.9498
vn -0.0000 -0.5936 0.8048
vn -0.0000 -0.8144 0.5802
vn -0.0000 -0.9542 0.2991
vn -0.0000 -0.9959 0.0903
vn -0.0000 -0.6794 0.7337
vn -0.0000 -0.0578 0.9983
vn -0.0000 -0.2617 0.9651
vn -0.0000 -0.5049 0.8632
vn -0.0000 -0.7124 0.7017
vn -0.0000 -0.8704 0.4923
vn -0.0000 -0.9684 0.2496
vn -0.0000 -0.9986 0.0527
vn -0.0000 -0.6797 0.7335
vn -0.0000 -0.5048 0.8633
vn -0.0000 -0.7124 0.7018
vn -0.0000 -0.8704 0.4924
vn -0.0000 -0.9683 0.2496
vn -0.0000 -0.9986 0.0528
vn -0.0000 -0.0268 0.9996
vn -0.0583 -0.0018 0.9983
vn -0.0001 0.2649 0.9643
vn -0.8583 -0.5132 -0.0000
vn -0.7265 -0.4344 -0.5325
vn -0.7680 0.1696 0.6175
vn -0.7793 -0.0000 0.6266
vn 0.3304 -0.4916 0.8057
vn -0.0000 -0.5209 0.8536
vn -0.3013 -0.4966 0.8140
vn -0.0000 0.3545 0.9350
vn 0.0002 0.2902 -0.9570
vn 0.8982 -0.4395 -0.0000
vn 0.8143 -0.3984 0.4221
vn 0.8489 0.1534 -0.5058
vn 0.8590 -0.0000 -0.5119
vn -0.1807 -0.3436 -0.9216
vn -0.0000 -0.3494 -0.9370
vn 0.2189 -0.3409 -0.9142
vn -0.7683 -0.0000 0.6400
vn -0.9738 -0.0002 0.2273
vn -0.5805 -0.0000 0.8143
vn 0.5804 -0.0000 0.8143
vn 0.9738 -0.0000 0.2273
vn 0.7683 -0.0000 0.6400
vn -0.7101 -0.0000 -0.7041
vn -0.4768 -0.0000 -0.8790
vn -0.9930 -0.0000 -0.1180
vn -0.0000 -0.5968 0.8024
vn -0.7064 -0.4224 0.5680
vn -0.9965 -0.0496 0.0667
vn -0.9930 -0.0001 0.1180
vn -0.6005 -0.5028 0.6218
vn -0.4768 -0.0000 0.8790
vn -0.0000 -0.6288 0.7775
vn -0.8192 -0.3606 0.4459
vn -0.7101 -0.0000 0.7041
vn 0.7472 -0.0000 -0.6646
vn 0.9416 -0.0000 -0.3368
vn 0.7248 -0.0000 -0.6889
vn 0.2329 -0.0000 -0.9725
vn -0.1924 -0.0002 -0.9813
vn -0.7248 -0.0000 -0.6889
vn -0.9416 -0.0000 -0.3368
vn -0.7472 -0.0000 -0.6646
vn 0.7253 -0.0000 -0.6884
vn 0.9999 -0.0000 0.0155
vn 0.1445 -0.0001 0.9895
vn 0.5850 -0.0000 0.8111
vn -0.0000 -0.6346 -0.7729
vn 0.7919 -0.3875 -0.4719
vn 0.7140 -0.4443 -0.5411
vn 0.5850 -0.0000 -0.8111
vn 0.1996 -0.6526 -0.7309
vn 0.1445 -0.0000 -0.9895
vn -0.0000 -0.6660 -0.7459
vn 0.9999 -0.0069 -0.0078
vn 0.9999 -0.0001 -0.0155
vn 0.3429 0.6393 0.6883
vn -0.0000 0.6815 0.7318
vn -0.0000 0.6118 0.7910
vn -0.0000 0.7860 0.6183
vn -0.0000 0.7954 0.6061
vn -0.3678 0.6439 0.6709
vn -0.0000 0.6667 0.7454
vn -0.7938 0.6082 -0.0000
vn -0.5792 0.8152 -0.0000
vn -0.8017 0.5977 -0.0000
vn -0.5961 0.8029 -0.0000
vn -0.7886 0.6149 -0.0000
vn -0.3322 0.6371 -0.6955
vn -0.0000 0.6718 -0.7407
vn -0.0000 0.7946 -0.6071
vn -0.0000 0.6090 -0.7932
vn -0.0000 0.6119 -0.7910
vn -0.0000 0.7825 -0.6227
vn 0.3419 0.6391 -0.6889
vn -0.0000 0.6992 -0.7149
vn 0.7724 0.6351 -0.0000
vn 0.8017 0.5977 -0.0000
vn 0.5992 0.8006 -0.0000
vn 0.5793 0.8151 -0.0000
vn 0.7934 0.6087 -0.0000
vn 0.3413 0.6436 0.6850
vn -0.0000 0.6857 0.7279
vn -0.0000 0.6162 0.7876
vn -0.0000 0.7894 0.6139
vn -0.0000 0.6133 0.7898
vn -0.0000 0.7987 0.6017
vn -0.3660 0.6483 0.6677
vn -0.0000 0.6709 0.7416
vn -0.7904 0.6126 -0.0000
vn -0.7953 0.6062 -0.0000
vn -0.5748 0.8183 -0.0000
vn -0.7984 0.6021 -0.0000
vn -0.5917 0.8062 -0.0000
vn -0.7851 0.6193 -0.0000
vn -0.3306 0.6415 -0.6923
vn -0.0000 0.6760 -0.7369
vn -0.0000 0.7980 -0.6027
vn -0.0000 0.6134 -0.7898
vn -0.0000 0.6162 -0.7876
vn -0.0000 0.7860 -0.6183
vn 0.3404 0.6434 -0.6857
vn -0.0000 0.7033 -0.7109
vn 0.7688 0.6395 -0.0000
vn 0.7984 0.6021 -0.0000
vn 0.5947 0.8039 -0.0000
vn 0.7953 0.6062 -0.0000
vn 0.5748 0.8183 -0.0000
vn 0.7900 0.6131 -0.0000
vn 0.4361 0.2073 0.8757
vn -0.0000 0.2309 0.9730
vn -0.0000 0.1934 0.9811
vn -0.0000 0.3083 0.9513
vn -0.0000 0.3173 0.9483
vn -0.4700 0.2098 0.8574
vn -0.0000 0.2223 0.9750
vn -0.9815 0.1917 -0.0000
vn -0.9821 0.1886 -0.0000
vn -0.9412 0.3377 -0.0000
vn -0.9824 0.1866 -0.0000
vn -0.9458 0.3248 -0.0000
vn -0.9808 0.1949 -0.0000
vn -0.4217 0.2062 -0.8830
vn -0.0000 0.2253 -0.9743
vn -0.0000 0.3165 -0.9486
vn -0.0000 0.1920 -0.9814
vn -0.0000 0.1934 -0.9811
vn -0.0000 0.3051 -0.9523
vn 0.4349 0.2073 -0.8763
vn -0.0000 0.2419 -0.9703
vn 0.9787 0.2051 -0.0000
vn 0.9824 0.1866 -0.0000
vn 0.9466 0.3224 -0.0000
vn 0.9821 0.1886 -0.0000
vn 0.9413 0.3377 -0.0000
vn 0.9814 0.1919 -0.0000
vn 0.4449 -0.8594 -0.2522
vn 0.4685 -0.8835 -0.0000
vn 0.5593 -0.8290 -0.0000
vn 0.3607 -0.9327 -0.0000
vn 0.5552 -0.8317 -0.0000
vn 0.3416 -0.9399 -0.0000
vn 0.5030 -0.8643 -0.0000
vn -0.0000 -0.9258 0.3779
vn -0.0000 -0.9021 0.4316
vn -0.0000 -0.8384 0.5451
vn -0.0000 -0.8365 0.5480
vn -0.0000 -0.9365 0.3508
vn -0.0000 -0.8405 0.5418
vn -0.4710 -0.8538 0.2217
vn -0.4701 -0.8826 -0.0000
vn -0.5552 -0.8317 -0.0000
vn -0.3464 -0.9381 -0.0000
vn -0.5593 -0.8290 -0.0000
vn -0.3507 -0.9365 -0.0000
vn -0.5344 -0.8452 -0.0000
vn -0.0000 -0.8850 -0.4656
vn -0.0000 -0.9321 -0.3622
vn -0.0000 -0.8365 -0.5480
vn -0.0000 -0.8384 -0.5451
vn -0.0000 -0.9337 -0.3581
vn -0.0000 -0.8426 -0.5386
vn 0.4757 0.3684 0.7987
vn 0.5116 -0.0000 0.8592
vn 0.4756 -0.3684 0.7988
vn 0.3838 -0.6612 0.6446
vn 0.2678 -0.8521 0.4497
vn 0.1480 -0.9572 0.2486
vn 0.0486 -0.9955 0.0816
vn 0.2220 -0.9009 0.3728
vn 0.5102 -0.0748 0.8568
vn 0.4853 -0.3170 0.8149
vn 0.4156 -0.5833 0.6979
vn 0.3226 -0.7762 0.5417
vn 0.2226 -0.9004 0.3738
vn 0.1229 -0.9707 0.2065
vn 0.0345 -0.9977 0.0579
vn 0.2219 -0.9010 0.3727
vn 0.4853 -0.3169 0.8149
vn 0.1230 -0.9707 0.2065
vn 0.5048 -0.0671 0.8606
vn 0.5019 -0.0031 0.8649
vn 0.3838 0.6612 0.6446
vn 0.2678 0.8521 0.4497
vn 0.1480 0.9572 0.2486
vn 0.0486 0.9955 0.0816
vn 0.2221 0.9009 0.3728
vn 0.5102 0.0748 0.8568
vn 0.4853 0.3170 0.8149
vn 0.4156 0.5834 0.6978
vn 0.3226 0.7762 0.5417
vn 0.2226 0.9004 0.3738
vn 0.1229 0.9707 0.2065
vn 0.0344 0.9977 0.0579
vn 0.2219 0.9010 0.3727
vn 0.4853 0.3169 0.8149
vn 0.4156 0.5833 0.6979
vn 0.1230 0.9707 0.2065
vn 0.0345 0.9977 0.0579
vn 0.5105 0.0681 0.8572
vn 0.5004 -0.2085 0.8403
vn 0.2606 -0.8606 0.4375
vn 0.3670 -0.6968 0.6163
vn 0.0337 -0.9978 0.0566
vn 0.1054 -0.9785 0.1771
vn 0.1906 -0.9280 0.3200
vn 0.2768 -0.8410 0.4648
vn 0.3614 -0.7078 0.6069
vn 0.4371 -0.5197 0.7340
vn 0.4915 -0.2774 0.8255
vn 0.3810 -0.6674 0.6398
vn 0.2967 -0.8147 0.4982
vn 0.4503 -0.4746 0.7563
vn 0.3840 -0.6609 0.6448
vn 0.3532 -0.7236 0.5930
vn 0.1812 0.9352 0.3044
vn -0.4082 -0.0000 -0.9129
vn -0.3813 -0.3568 -0.8528
vn -0.3111 -0.6474 -0.6958
vn -0.2194 -0.8433 -0.4906
vn -0.1222 -0.9542 -0.2732
vn -0.0402 -0.9951 -0.0899
vn -0.1825 -0.8945 -0.4081
vn -0.4071 -0.0721 -0.9105
vn -0.3885 -0.3065 -0.8690
vn -0.3356 -0.5691 -0.7506
vn -0.2631 -0.7646 -0.5883
vn -0.1829 -0.8939 -0.4092
vn -0.1016 -0.9686 -0.2271
vn -0.0285 -0.9976 -0.0638
vn -0.1824 -0.8946 -0.4079
vn -0.3356 -0.5691 -0.7507
vn -0.2631 -0.7646 -0.5884
vn -0.1830 -0.8939 -0.4092
vn -0.1016 -0.9685 -0.2271
vn -0.4029 -0.0651 -0.9129
vn -0.4155 -0.0028 -0.9096
vn -0.3813 0.3568 -0.8528
vn -0.3111 0.6474 -0.6958
vn -0.2194 0.8433 -0.4906
vn -0.1222 0.9542 -0.2732
vn -0.0402 0.9951 -0.0899
vn -0.1825 0.8945 -0.4081
vn -0.4071 0.0721 -0.9105
vn -0.3885 0.3066 -0.8690
vn -0.3356 0.5691 -0.7506
vn -0.2631 0.7646 -0.5883
vn -0.1830 0.8939 -0.4092
vn -0.1016 0.9686 -0.2271
vn -0.0285 0.9976 -0.0638
vn -0.1824 0.8946 -0.4080
vn -0.2631 0.7646 -0.5884
vn -0.1016 0.9685 -0.2271
vn -0.4072 0.0656 -0.9110
vn -0.3998 -0.2012 -0.8942
vn -0.2136 -0.8522 -0.4777
vn -0.2979 -0.6834 -0.6665
vn -0.0279 -0.9977 -0.0624
vn -0.0871 -0.9769 -0.1949
vn -0.1569 -0.9231 -0.3510
vn -0.2266 -0.8317 -0.5068
vn -0.2936 -0.6947 -0.6567
vn -0.3521 -0.5057 -0.7876
vn -0.3932 -0.2681 -0.8795
vn -0.3089 -0.6536 -0.6909
vn -0.2425 -0.8044 -0.5423
vn -0.3622 -0.4611 -0.8101
vn -0.4081 -0.0000 -0.9129
vn -0.3112 -0.6470 -0.6961
vn -0.2871 -0.7108 -0.6422
vn -0.1493 0.9307 -0.3339
vt 0.005953 0.011850
vt 0.005906 0.010374
vt 0.008276 0.010298
vt 0.008322 0.011772
vt 0.037569 0.854591
vt 0.037563 0.852688
vt 0.038457 0.852685
vt 0.038015 0.854194
vt 0.354878 0.177192
vt 0.354870 0.178675
vt 0.352391 0.178663
vt 0.352397 0.177184
vt 0.325485 0.043023
vt 0.327031 0.043027
vt 0.327028 0.043874
vt 0.325844 0.043445
vt 0.670021 0.176335
vt 0.680099 0.176595
vt 0.680063 0.178071
vt 0.669984 0.177812
vt 0.981897 0.007140
vt 0.983193 0.007142
vt 0.983191 0.008615
vt 0.981892 0.008617
vt 0.968535 0.054952
vt 0.969603 0.054883
vt 0.969640 0.055301
vt 0.968574 0.055375
vt 0.340312 0.225229
vt 0.340298 0.225697
vt 0.338249 0.225656
vt 0.338263 0.225191
vt 0.682294 0.224561
vt 0.690611 0.225044
vt 0.690574 0.225492
vt 0.682260 0.224992
vt 0.021974 0.058297
vt 0.021938 0.057841
vt 0.023892 0.057706
vt 0.023928 0.058158
vt 0.961992 0.085004
vt 0.962916 0.084959
vt 0.962942 0.085544
vt 0.962020 0.085584
vt 0.330159 0.255603
vt 0.330141 0.256208
vt 0.328378 0.256178
vt 0.328396 0.255576
vt 0.688945 0.254861
vt 0.696108 0.255328
vt 0.696064 0.255883
vt 0.688908 0.255446
vt 0.033924 0.087543
vt 0.033894 0.086985
vt 0.035569 0.086874
vt 0.035601 0.087440
vt 0.937169 0.121303
vt 0.937678 0.121289
vt 0.937677 0.122980
vt 0.937168 0.122978
vt 0.304433 0.292504
vt 0.304396 0.294206
vt 0.303430 0.294185
vt 0.303455 0.292487
vt 0.712555 0.292514
vt 0.716570 0.292565
vt 0.716528 0.294276
vt 0.712511 0.294241
vt 0.060612 0.124199
vt 0.060592 0.122513
vt 0.061515 0.122513
vt 0.061539 0.124194
vt 0.957941 0.388230
vt 0.958788 0.388230
vt 0.958782 0.416085
vt 0.957935 0.416536
vt 0.325355 0.558840
vt 0.325485 0.586578
vt 0.323869 0.587477
vt 0.323739 0.558837
vt 0.691604 0.559895
vt 0.698182 0.559908
vt 0.698111 0.591667
vt 0.691533 0.588145
vt 0.037686 0.417429
vt 0.037690 0.389452
vt 0.039234 0.389465
vt 0.039231 0.418289
vt 0.958650 0.608922
vt 0.958624 0.644200
vt 0.956723 0.644201
vt 0.956750 0.607086
vt 0.323495 0.814755
vt 0.318241 0.814748
vt 0.318284 0.772269
vt 0.323541 0.777542
vt 0.692077 0.779183
vt 0.698091 0.773381
vt 0.698064 0.815864
vt 0.692055 0.815863
vt 0.038537 0.609400
vt 0.038543 0.645625
vt 0.037648 0.645625
vt 0.037640 0.610298
vt 0.958613 0.696584
vt 0.958583 0.732539
vt 0.956681 0.732539
vt 0.956712 0.696583
vt 0.323497 0.902999
vt 0.318242 0.902999
vt 0.318219 0.867070
vt 0.323474 0.867071
vt 0.692069 0.868153
vt 0.698079 0.868157
vt 0.698094 0.904064
vt 0.692085 0.904065
vt 0.038517 0.697903
vt 0.038471 0.733806
vt 0.037576 0.733806
vt 0.037622 0.697902
vt 0.990304 0.791452
vt 0.990302 0.800016
vt 0.987260 0.800016
vt 0.987261 0.791451
vt 0.354151 0.970486
vt 0.345747 0.970486
vt 0.345746 0.961921
vt 0.354151 0.961920
vt 0.661239 0.963007
vt 0.670851 0.963004
vt 0.670854 0.971566
vt 0.661242 0.971570
vt 0.007261 0.792775
vt 0.007260 0.801340
vt 0.005828 0.801340
vt 0.005830 0.792775
vt 0.990302 0.811776
vt 0.987259 0.811776
vt 0.354151 0.982246
vt 0.345747 0.982246
vt 0.670857 0.983325
vt 0.661246 0.983329
vt 0.007262 0.813101
vt 0.005830 0.813101
vt 0.990300 0.818300
vt 0.990298 0.819487
vt 0.987256 0.819486
vt 0.987257 0.818299
vt 0.354152 0.989956
vt 0.345748 0.989956
vt 0.345747 0.988769
vt 0.354151 0.988769
vt 0.661249 0.989852
vt 0.670861 0.989847
vt 0.670861 0.991034
vt 0.661250 0.991040
vt 0.007261 0.819624
vt 0.007230 0.820891
vt 0.005798 0.820895
vt 0.005829 0.819624
vt 0.331747 0.038336
vt 0.330063 0.038330
vt 0.326759 0.148860
vt 0.331449 0.153578
vt 0.329690 0.153572
vt 0.325143 0.148855
vt 0.221182 0.043618
vt 0.221160 0.050196
vt 0.216465 0.046140
vt 0.216491 0.038976
vt 0.331745 0.039257
vt 0.958500 0.093022
vt 0.957651 0.093049
vt 0.958184 0.092463
vt 0.959043 0.092438
vt 0.325895 0.262982
vt 0.325309 0.263557
vt 0.323693 0.263536
vt 0.324259 0.262964
vt 0.699656 0.263317
vt 0.693083 0.263081
vt 0.692561 0.262467
vt 0.699212 0.262758
vt 0.039031 0.094505
vt 0.038443 0.093997
vt 0.039998 0.093919
vt 0.040575 0.094437
vt 0.336464 0.033645
vt 0.334643 0.033640
vt 0.336137 0.158298
vt 0.334235 0.158292
vt 0.211773 0.042082
vt 0.211801 0.034333
vt 0.336462 0.034642
vt 0.966302 0.080153
vt 0.967295 0.080086
vt 0.334837 0.251006
vt 0.332939 0.250980
vt 0.684726 0.249924
vt 0.692432 0.250492
vt 0.028958 0.082731
vt 0.030774 0.082589
vt 0.341180 0.028954
vt 0.339225 0.028948
vt 0.340825 0.163019
vt 0.338778 0.163011
vt 0.207080 0.038023
vt 0.207112 0.029690
vt 0.341178 0.030028
vt 0.965458 0.063335
vt 0.964467 0.063410
vt 0.968183 0.059185
vt 0.969245 0.059120
vt 0.339524 0.229575
vt 0.335447 0.233582
vt 0.333540 0.233546
vt 0.337500 0.229548
vt 0.694107 0.233589
vt 0.686373 0.233070
vt 0.682669 0.228824
vt 0.690896 0.229364
vt 0.027233 0.065841
vt 0.022937 0.062093
vt 0.024869 0.061956
vt 0.029049 0.065704
vt 0.348257 0.021919
vt 0.346094 0.021912
vt 0.347856 0.170101
vt 0.345591 0.170094
vt 0.200044 0.031933
vt 0.200080 0.022724
vt 0.348255 0.023104
vt 0.355335 0.014883
vt 0.352965 0.014876
vt 0.013941 0.040750
vt 0.013011 0.039877
vt 0.015202 0.039792
vt 0.016103 0.040660
vt 0.348547 0.206884
vt 0.347643 0.207784
vt 0.345379 0.207760
vt 0.346254 0.206865
vt 0.193010 0.025844
vt 0.193049 0.015755
vt 0.685396 0.207359
vt 0.676195 0.207026
vt 0.675350 0.206124
vt 0.684663 0.206439
vt 0.355331 0.016182
vt 0.976052 0.037594
vt 0.974870 0.037607
vt 0.975738 0.036741
vt 0.976932 0.036734
vt 0.957554 0.324598
vt 0.958401 0.324594
vt 0.963130 0.329264
vt 0.962207 0.329270
vt 0.325684 0.495862
vt 0.330371 0.500561
vt 0.328610 0.500558
vt 0.324067 0.495856
vt 0.691913 0.496394
vt 0.698490 0.496407
vt 0.694372 0.501257
vt 0.687211 0.501232
vt 0.033855 0.330418
vt 0.038603 0.325772
vt 0.040148 0.325785
vt 0.035537 0.330436
vt 0.967860 0.333935
vt 0.966862 0.333942
vt 0.335056 0.505267
vt 0.333153 0.505262
vt 0.690317 0.505950
vt 0.682570 0.505920
vt 0.029103 0.335063
vt 0.030923 0.335084
vt 0.972595 0.338603
vt 0.971521 0.338611
vt 0.339739 0.509978
vt 0.337690 0.509969
vt 0.686259 0.510641
vt 0.677926 0.510604
vt 0.024347 0.339705
vt 0.026304 0.339729
vt 0.681867 0.224077
vt 0.680514 0.222542
vt 0.689075 0.223007
vt 0.690245 0.224549
vt 0.679228 0.221015
vt 0.687964 0.221470
vt 0.678082 0.219497
vt 0.686974 0.219941
vt 0.677135 0.217992
vt 0.686159 0.218421
vt 0.676439 0.216501
vt 0.685562 0.216914
vt 0.676032 0.215025
vt 0.685218 0.215420
vt 0.675934 0.213563
vt 0.685142 0.213939
vt 0.014481 0.048841
vt 0.014241 0.047357
vt 0.016402 0.047254
vt 0.016636 0.048732
vt 0.015047 0.050307
vt 0.017188 0.050194
vt 0.015916 0.051755
vt 0.018033 0.051637
vt 0.017045 0.053183
vt 0.019132 0.053062
vt 0.018384 0.054597
vt 0.020435 0.054474
vt 0.019869 0.055997
vt 0.021879 0.055871
vt 0.021430 0.057389
vt 0.023398 0.057260
vt 0.976189 0.044093
vt 0.976065 0.045535
vt 0.974881 0.045567
vt 0.975003 0.044122
vt 0.975627 0.046988
vt 0.974452 0.047022
vt 0.974900 0.048453
vt 0.973737 0.048489
vt 0.973920 0.049931
vt 0.972775 0.049968
vt 0.972739 0.051419
vt 0.971614 0.051460
vt 0.971421 0.052917
vt 0.970319 0.052962
vt 0.970033 0.054419
vt 0.968958 0.054477
vt 0.347561 0.214393
vt 0.347374 0.215883
vt 0.345116 0.215851
vt 0.345298 0.214364
vt 0.346864 0.217367
vt 0.344621 0.217334
vt 0.346054 0.218847
vt 0.343834 0.218815
vt 0.344985 0.220323
vt 0.342797 0.220292
vt 0.343709 0.221797
vt 0.341560 0.221767
vt 0.342291 0.223270
vt 0.340184 0.223239
vt 0.340797 0.224744
vt 0.338734 0.224710
vt 0.013986 0.041773
vt 0.016147 0.041676
vt 0.976071 0.038561
vt 0.974888 0.038584
vt 0.347630 0.208805
vt 0.345365 0.208780
vt 0.685355 0.208369
vt 0.676156 0.208014
vt 0.023310 0.074051
vt 0.023319 0.072964
vt 0.025264 0.072765
vt 0.025258 0.073852
vt 0.023563 0.071852
vt 0.025497 0.071655
vt 0.024026 0.070715
vt 0.025942 0.070523
vt 0.024678 0.069558
vt 0.026574 0.069374
vt 0.025487 0.068386
vt 0.027355 0.068212
vt 0.026404 0.067205
vt 0.028244 0.067043
vt 0.027379 0.066020
vt 0.029190 0.065873
vt 0.965346 0.063481
vt 0.966529 0.064414
vt 0.965523 0.064524
vt 0.964362 0.063568
vt 0.967660 0.065359
vt 0.966638 0.065478
vt 0.968692 0.066313
vt 0.967656 0.066438
vt 0.969581 0.067282
vt 0.968533 0.067413
vt 0.970286 0.068274
vt 0.969229 0.068409
vt 0.970777 0.069296
vt 0.969714 0.069429
vt 0.971031 0.070351
vt 0.969967 0.070478
vt 0.335309 0.233787
vt 0.336348 0.234934
vt 0.334415 0.234872
vt 0.333405 0.233739
vt 0.337335 0.236074
vt 0.335371 0.236008
vt 0.338216 0.237209
vt 0.336225 0.237142
vt 0.338947 0.238340
vt 0.336932 0.238271
vt 0.339487 0.239462
vt 0.337456 0.239396
vt 0.339811 0.240578
vt 0.337768 0.240513
vt 0.339899 0.241684
vt 0.337851 0.241624
vt 0.027888 0.081833
vt 0.029729 0.081678
vt 0.026773 0.080866
vt 0.028643 0.080696
vt 0.025754 0.079893
vt 0.027649 0.079710
vt 0.024881 0.078905
vt 0.026797 0.078713
vt 0.024193 0.077897
vt 0.026125 0.077699
vt 0.023722 0.076863
vt 0.025665 0.076663
vt 0.023489 0.075802
vt 0.025435 0.075604
vt 0.971237 0.072099
vt 0.971249 0.073186
vt 0.970186 0.073315
vt 0.970171 0.072226
vt 0.971024 0.074305
vt 0.969967 0.074432
vt 0.970579 0.075452
vt 0.969530 0.075573
vt 0.969937 0.076619
vt 0.968900 0.076732
vt 0.969135 0.077800
vt 0.968112 0.077901
vt 0.968215 0.078987
vt 0.967207 0.079072
vt 0.339847 0.243472
vt 0.339689 0.244576
vt 0.337647 0.244517
vt 0.337799 0.243413
vt 0.339294 0.245672
vt 0.337263 0.245616
vt 0.338681 0.246762
vt 0.336666 0.246708
vt 0.337877 0.247846
vt 0.335886 0.247799
vt 0.336922 0.248928
vt 0.334960 0.248885
vt 0.335865 0.250007
vt 0.333934 0.249970
vt 0.689121 0.242751
vt 0.689106 0.243830
vt 0.680821 0.243071
vt 0.680820 0.241982
vt 0.689294 0.244928
vt 0.681053 0.244186
vt 0.689672 0.246042
vt 0.681502 0.245324
vt 0.690216 0.247167
vt 0.682140 0.246481
vt 0.690893 0.248300
vt 0.682930 0.247652
vt 0.691665 0.249437
vt 0.683831 0.248831
vt 0.694196 0.233769
vt 0.693183 0.234788
vt 0.685338 0.234204
vt 0.686485 0.233234
vt 0.692209 0.235804
vt 0.684239 0.235173
vt 0.691320 0.236822
vt 0.683238 0.236149
vt 0.690555 0.237846
vt 0.682380 0.237139
vt 0.689947 0.238881
vt 0.681704 0.238147
vt 0.689524 0.239931
vt 0.681239 0.239177
vt 0.689304 0.240999
vt 0.681004 0.240233
vt 0.017146 0.350234
vt 0.017389 0.348582
vt 0.019545 0.348615
vt 0.019309 0.350268
vt 0.018047 0.346936
vt 0.020186 0.346968
vt 0.019080 0.345295
vt 0.021189 0.345327
vt 0.020417 0.343661
vt 0.022487 0.343690
vt 0.021970 0.342028
vt 0.023996 0.342056
vt 0.023634 0.340397
vt 0.025612 0.340423
vt 0.973305 0.339301
vt 0.974962 0.340945
vt 0.973851 0.340954
vt 0.972221 0.339310
vt 0.976507 0.342591
vt 0.975372 0.342600
vt 0.977835 0.344240
vt 0.976679 0.344249
vt 0.978857 0.345892
vt 0.977685 0.345901
vt 0.979505 0.347548
vt 0.978323 0.347557
vt 0.979734 0.349209
vt 0.978548 0.349217
vt 0.340436 0.510680
vt 0.342065 0.512338
vt 0.339945 0.512325
vt 0.338366 0.510668
vt 0.343582 0.513996
vt 0.341415 0.513982
vt 0.344883 0.515655
vt 0.342675 0.515638
vt 0.345876 0.517310
vt 0.343638 0.517292
vt 0.346495 0.518965
vt 0.344239 0.518945
vt 0.346695 0.520616
vt 0.344431 0.520594
vt 0.023307 0.361706
vt 0.021693 0.360017
vt 0.023717 0.360052
vt 0.025285 0.361740
vt 0.020189 0.358331
vt 0.022259 0.358366
vt 0.018902 0.356649
vt 0.021010 0.356685
vt 0.017921 0.354974
vt 0.020059 0.355009
vt 0.017314 0.353306
vt 0.019470 0.353341
vt 0.017124 0.351645
vt 0.019287 0.351679
vt 0.979745 0.350626
vt 0.979541 0.352291
vt 0.978359 0.352300
vt 0.978560 0.350635
vt 0.978919 0.353959
vt 0.977748 0.353969
vt 0.977922 0.355632
vt 0.976767 0.355642
vt 0.976619 0.357308
vt 0.975485 0.357319
vt 0.975100 0.358987
vt 0.973990 0.358999
vt 0.973470 0.360670
vt 0.972385 0.360680
vt 0.346680 0.522021
vt 0.346447 0.523668
vt 0.344190 0.523644
vt 0.344417 0.521998
vt 0.345796 0.525311
vt 0.343559 0.525288
vt 0.344772 0.526951
vt 0.342564 0.526928
vt 0.343439 0.528589
vt 0.341274 0.528566
vt 0.341893 0.530224
vt 0.339773 0.530202
vt 0.340234 0.531858
vt 0.338165 0.531838
vt 0.680135 0.522669
vt 0.680313 0.524327
vt 0.671130 0.524282
vt 0.670925 0.522622
vt 0.680851 0.525986
vt 0.671747 0.525943
vt 0.681710 0.527647
vt 0.672732 0.527606
vt 0.682834 0.529308
vt 0.674019 0.529271
vt 0.684144 0.530970
vt 0.675519 0.530936
vt 0.685551 0.532630
vt 0.677131 0.532601
vt 0.685650 0.511344
vt 0.684230 0.512994
vt 0.675605 0.512952
vt 0.677229 0.511305
vt 0.682906 0.514645
vt 0.674091 0.514599
vt 0.681767 0.516296
vt 0.672788 0.516249
vt 0.680891 0.517948
vt 0.671786 0.517900
vt 0.680336 0.519602
vt 0.671154 0.519553
vt 0.680143 0.521258
vt 0.670933 0.521210
vt 0.972768 0.361393
vt 0.971694 0.361400
vt 0.339522 0.532551
vt 0.337474 0.532533
vt 0.686156 0.533337
vt 0.677824 0.533311
vt 0.024002 0.362430
vt 0.025958 0.362462
vt 0.027265 0.371295
vt 0.026398 0.370379
vt 0.028280 0.370418
vt 0.029121 0.371333
vt 0.025591 0.369466
vt 0.027498 0.369503
vt 0.024900 0.368555
vt 0.026827 0.368592
vt 0.024373 0.367649
vt 0.026316 0.367685
vt 0.024048 0.366747
vt 0.026001 0.366782
vt 0.023946 0.365850
vt 0.025903 0.365883
vt 0.972780 0.364820
vt 0.972667 0.365722
vt 0.971597 0.365728
vt 0.971708 0.364826
vt 0.972330 0.366625
vt 0.971265 0.366633
vt 0.971792 0.367530
vt 0.970736 0.367540
vt 0.971090 0.368438
vt 0.970045 0.368449
vt 0.970272 0.369349
vt 0.969240 0.369361
vt 0.969393 0.370261
vt 0.968376 0.370273
vt 0.339496 0.535960
vt 0.339372 0.536847
vt 0.337327 0.536828
vt 0.337448 0.535944
vt 0.339022 0.537731
vt 0.336988 0.537712
vt 0.338471 0.538614
vt 0.336454 0.538594
vt 0.337755 0.539494
vt 0.335760 0.539476
vt 0.336924 0.540374
vt 0.334954 0.540356
vt 0.336033 0.541255
vt 0.334089 0.541240
vt 0.686148 0.536753
vt 0.686245 0.537645
vt 0.677927 0.537623
vt 0.677814 0.536729
vt 0.686536 0.538539
vt 0.678261 0.538519
vt 0.687001 0.539434
vt 0.678793 0.539416
vt 0.687607 0.540330
vt 0.679487 0.540314
vt 0.688313 0.541226
vt 0.680296 0.541211
vt 0.689072 0.542123
vt 0.681164 0.542110
vt 0.968117 0.371577
vt 0.967118 0.371583
vt 0.334735 0.542530
vt 0.332831 0.542516
vt 0.690177 0.543416
vt 0.682428 0.543406
vt 0.028527 0.372616
vt 0.030347 0.372651
vt 0.341668 0.945686
vt 0.349605 0.945683
vt 0.349607 0.946349
vt 0.341669 0.946352
vt 0.985604 0.775227
vt 0.985603 0.775891
vt 0.982730 0.775889
vt 0.982731 0.775225
vt 0.011889 0.776533
vt 0.011888 0.777199
vt 0.010536 0.777199
vt 0.010537 0.776533
vt 0.665807 0.946784
vt 0.674885 0.946784
vt 0.674887 0.947449
vt 0.665809 0.947448
vt 0.990304 0.784631
vt 0.990304 0.785102
vt 0.987262 0.785101
vt 0.987262 0.784630
vt 0.345745 0.955098
vt 0.354150 0.955096
vt 0.354150 0.955568
vt 0.345746 0.955570
vt 0.661237 0.956188
vt 0.670849 0.956186
vt 0.670849 0.956655
vt 0.661237 0.956657
vt 0.007261 0.785951
vt 0.007261 0.786423
vt 0.005829 0.786423
vt 0.005830 0.785951
vt 0.033849 0.738962
vt 0.033850 0.741481
vt 0.032875 0.741482
vt 0.032875 0.738962
vt 0.963287 0.737687
vt 0.963287 0.740204
vt 0.961216 0.740204
vt 0.961216 0.737687
vt 0.328037 0.910661
vt 0.322316 0.910664
vt 0.322313 0.908148
vt 0.328034 0.908145
vt 0.687510 0.909220
vt 0.694054 0.909219
vt 0.694055 0.911738
vt 0.687511 0.911739
vt 0.032853 0.847990
vt 0.032859 0.850065
vt 0.039502 0.958524
vt 0.044757 0.958509
vt 0.040700 0.963219
vt 0.034977 0.963233
vt 0.143424 0.860081
vt 0.143406 0.854073
vt 0.148104 0.849486
vt 0.148120 0.856027
vt 0.033826 0.847986
vt 0.034936 0.737405
vt 0.033980 0.737407
vt 0.962180 0.736135
vt 0.960149 0.736135
vt 0.326966 0.906595
vt 0.321354 0.906596
vt 0.695003 0.907663
vt 0.688586 0.907664
vt 0.024617 0.839763
vt 0.024625 0.842134
vt 0.033589 0.971454
vt 0.027048 0.971468
vt 0.156329 0.841465
vt 0.156345 0.848940
vt 0.025726 0.839758
vt 0.010490 0.825665
vt 0.010500 0.828542
vt 0.021396 0.985570
vt 0.013456 0.985592
vt 0.170427 0.827718
vt 0.170450 0.836798
vt 0.011840 0.825659
vt 0.005780 0.824022
vt 0.017342 0.990285
vt 0.008936 0.990313
vt 0.175115 0.823125
vt 0.175145 0.832741
vt 0.985601 0.779928
vt 0.985987 0.780313
vt 0.983099 0.780313
vt 0.982728 0.779927
vt 0.341673 0.950394
vt 0.349611 0.950390
vt 0.349984 0.950777
vt 0.342008 0.950781
vt 0.665812 0.951487
vt 0.674890 0.951487
vt 0.674559 0.951872
vt 0.665437 0.951872
vt 0.011887 0.781241
vt 0.011506 0.781629
vt 0.010148 0.781629
vt 0.010534 0.781241
vt 0.025936 0.752167
vt 0.025761 0.753748
vt 0.024647 0.753748
vt 0.024825 0.752167
vt 0.026450 0.750585
vt 0.025348 0.750585
vt 0.027276 0.749002
vt 0.026189 0.749003
vt 0.028374 0.747418
vt 0.027305 0.747419
vt 0.029688 0.745833
vt 0.028641 0.745835
vt 0.031152 0.744247
vt 0.030131 0.744249
vt 0.032694 0.742662
vt 0.031699 0.742664
vt 0.964463 0.741382
vt 0.966032 0.742964
vt 0.963862 0.742962
vt 0.962350 0.741381
vt 0.967521 0.744546
vt 0.965297 0.744544
vt 0.968855 0.746128
vt 0.966584 0.746125
vt 0.969970 0.747710
vt 0.967659 0.747706
vt 0.970807 0.749290
vt 0.968466 0.749287
vt 0.971327 0.750869
vt 0.968967 0.750866
vt 0.971502 0.752447
vt 0.969136 0.752446
vt 0.329173 0.911837
vt 0.330690 0.913416
vt 0.324696 0.913419
vt 0.323336 0.911840
vt 0.332130 0.914995
vt 0.325989 0.914998
vt 0.333423 0.916575
vt 0.327148 0.916578
vt 0.334502 0.918156
vt 0.328117 0.918158
vt 0.335315 0.919737
vt 0.328847 0.919739
vt 0.335821 0.921319
vt 0.329301 0.921321
vt 0.335994 0.922901
vt 0.329456 0.922903
vt 0.693045 0.912918
vt 0.691697 0.914502
vt 0.684842 0.914502
vt 0.686367 0.912918
vt 0.690418 0.916085
vt 0.683393 0.916087
vt 0.689270 0.917668
vt 0.682094 0.917671
vt 0.688313 0.919252
vt 0.681010 0.919255
vt 0.687593 0.920835
vt 0.680195 0.920838
vt 0.687148 0.922418
vt 0.679691 0.922420
vt 0.686999 0.923999
vt 0.679522 0.924001
vt 0.982806 0.772426
vt 0.980033 0.772424
vt 0.346901 0.942879
vt 0.339242 0.942881
vt 0.677288 0.943981
vt 0.668528 0.943983
vt 0.014642 0.773726
vt 0.013336 0.773727
vt 0.675334 0.946258
vt 0.666315 0.946260
vt 0.012405 0.776007
vt 0.011061 0.776007
vt 0.985081 0.774703
vt 0.982226 0.774701
vt 0.349098 0.945157
vt 0.341212 0.945159
vt 0.022641 0.669932
vt 0.022358 0.671768
vt 0.021183 0.671768
vt 0.021471 0.669931
vt 0.023463 0.668098
vt 0.022307 0.668096
vt 0.024742 0.666263
vt 0.023609 0.666261
vt 0.026354 0.664429
vt 0.025249 0.664427
vt 0.028141 0.662594
vt 0.027066 0.662593
vt 0.969213 0.661103
vt 0.971031 0.662943
vt 0.968684 0.662944
vt 0.966931 0.661105
vt 0.972671 0.664784
vt 0.970265 0.664784
vt 0.973973 0.666625
vt 0.971520 0.666625
vt 0.974808 0.668467
vt 0.972325 0.668467
vt 0.975095 0.670309
vt 0.972603 0.670309
vt 0.333644 0.831722
vt 0.335395 0.833559
vt 0.328907 0.833554
vt 0.327337 0.831715
vt 0.336974 0.835395
vt 0.330323 0.835392
vt 0.338227 0.837230
vt 0.331448 0.837228
vt 0.339031 0.839065
vt 0.332169 0.839064
vt 0.339309 0.840901
vt 0.332418 0.840901
vt 0.026355 0.679109
vt 0.028143 0.680944
vt 0.027068 0.680945
vt 0.025250 0.679110
vt 0.024743 0.677274
vt 0.023609 0.677276
vt 0.023464 0.675439
vt 0.022308 0.675440
vt 0.022641 0.673604
vt 0.021472 0.673605
vt 0.974808 0.672153
vt 0.972325 0.672153
vt 0.973973 0.673995
vt 0.971520 0.673996
vt 0.972671 0.675839
vt 0.970266 0.675840
vt 0.971032 0.677683
vt 0.968686 0.677684
vt 0.969216 0.679528
vt 0.966933 0.679529
vt 0.339031 0.842738
vt 0.332169 0.842739
vt 0.338226 0.844574
vt 0.331447 0.844575
vt 0.336972 0.846411
vt 0.330322 0.846413
vt 0.335393 0.848248
vt 0.328905 0.848251
vt 0.333641 0.850085
vt 0.327335 0.850089
vt 0.683907 0.842013
vt 0.684155 0.843849
vt 0.676307 0.843853
vt 0.676025 0.842017
vt 0.684876 0.845685
vt 0.677121 0.845689
vt 0.685994 0.847519
vt 0.678389 0.847522
vt 0.687404 0.849355
vt 0.679985 0.849355
vt 0.688966 0.851191
vt 0.681754 0.851190
vt 0.688956 0.832822
vt 0.687394 0.834661
vt 0.679976 0.834666
vt 0.681743 0.832827
vt 0.685987 0.836500
vt 0.678382 0.836505
vt 0.684870 0.838338
vt 0.677117 0.838343
vt 0.684153 0.840175
vt 0.676305 0.840180
vt 0.968035 0.659927
vt 0.965796 0.659929
vt 0.968039 0.680710
vt 0.965799 0.680710
vt 0.332508 0.851261
vt 0.326317 0.851265
vt 0.326321 0.830540
vt 0.332511 0.830548
vt 0.682887 0.831651
vt 0.689966 0.831646
vt 0.689977 0.852365
vt 0.682899 0.852362
vt 0.029297 0.661421
vt 0.028243 0.661420
vt 0.029300 0.682117
vt 0.028246 0.682117
vt 0.034038 0.651455
vt 0.033920 0.652376
vt 0.032944 0.652376
vt 0.033064 0.651455
vt 0.034384 0.650533
vt 0.033417 0.650533
vt 0.034936 0.649612
vt 0.033978 0.649612
vt 0.035654 0.648691
vt 0.034709 0.648691
vt 0.036491 0.647770
vt 0.035560 0.647770
vt 0.037389 0.646849
vt 0.036474 0.646849
vt 0.959800 0.645372
vt 0.960712 0.646290
vt 0.958736 0.646290
vt 0.957856 0.645373
vt 0.961562 0.647207
vt 0.959555 0.647207
vt 0.962292 0.648125
vt 0.960259 0.648125
vt 0.962852 0.649043
vt 0.960799 0.649043
vt 0.963204 0.649962
vt 0.961138 0.649962
vt 0.963325 0.650881
vt 0.961254 0.650882
vt 0.324593 0.815965
vt 0.325471 0.816888
vt 0.320007 0.816874
vt 0.319219 0.815951
vt 0.326290 0.817811
vt 0.320742 0.817798
vt 0.326993 0.818734
vt 0.321372 0.818721
vt 0.327532 0.819656
vt 0.321856 0.819643
vt 0.327871 0.820578
vt 0.322160 0.820565
vt 0.327986 0.821499
vt 0.322263 0.821486
vt 0.697034 0.817067
vt 0.696249 0.817987
vt 0.689999 0.817988
vt 0.690890 0.817065
vt 0.695517 0.818908
vt 0.689172 0.818909
vt 0.694889 0.819828
vt 0.688462 0.819831
vt 0.694407 0.820750
vt 0.687916 0.820753
vt 0.694105 0.821671
vt 0.687574 0.821674
vt 0.694003 0.822592
vt 0.687458 0.822595
vt 0.036494 0.695770
vt 0.037389 0.696694
vt 0.036474 0.696691
vt 0.035563 0.695768
vt 0.035658 0.694847
vt 0.034713 0.694846
vt 0.034941 0.693925
vt 0.033983 0.693924
vt 0.034390 0.693003
vt 0.033423 0.693003
vt 0.034044 0.692082
vt 0.033070 0.692082
vt 0.033926 0.691161
vt 0.032950 0.691161
vt 0.963335 0.689796
vt 0.963213 0.690719
vt 0.961148 0.690718
vt 0.961264 0.689796
vt 0.962861 0.691640
vt 0.960807 0.691640
vt 0.962300 0.692561
vt 0.960267 0.692561
vt 0.961570 0.693482
vt 0.959563 0.693482
vt 0.960719 0.694403
vt 0.958743 0.694402
vt 0.959807 0.695324
vt 0.957863 0.695323
vt 0.327976 0.860309
vt 0.327859 0.861230
vt 0.322148 0.861233
vt 0.322253 0.860312
vt 0.327520 0.862152
vt 0.321843 0.862154
vt 0.326978 0.863073
vt 0.321358 0.863074
vt 0.326274 0.863994
vt 0.320725 0.863995
vt 0.325453 0.864915
vt 0.319989 0.864916
vt 0.324572 0.865837
vt 0.319199 0.865837
vt 0.694019 0.861414
vt 0.694123 0.862336
vt 0.687592 0.862328
vt 0.687475 0.861407
vt 0.694426 0.863257
vt 0.687935 0.863248
vt 0.694908 0.864178
vt 0.688480 0.864170
vt 0.695535 0.865101
vt 0.689190 0.865091
vt 0.696265 0.866023
vt 0.690017 0.866014
vt 0.697051 0.866945
vt 0.690906 0.866936
vt 0.029415 0.659328
vt 0.029297 0.660247
vt 0.028242 0.660247
vt 0.028362 0.659328
vt 0.029761 0.658409
vt 0.028715 0.658409
vt 0.030312 0.657490
vt 0.029275 0.657490
vt 0.031030 0.656570
vt 0.030005 0.656570
vt 0.031867 0.655650
vt 0.030856 0.655650
vt 0.032764 0.654729
vt 0.031768 0.654729
vt 0.964503 0.653229
vt 0.965416 0.654148
vt 0.963271 0.654151
vt 0.962390 0.653232
vt 0.966268 0.655068
vt 0.964092 0.655070
vt 0.966999 0.655988
vt 0.964797 0.655989
vt 0.967560 0.656908
vt 0.965338 0.656910
vt 0.967913 0.657829
vt 0.965678 0.657831
vt 0.968034 0.658750
vt 0.965795 0.658752
vt 0.329117 0.823853
vt 0.329997 0.824774
vt 0.324066 0.824764
vt 0.323278 0.823841
vt 0.330816 0.825695
vt 0.324801 0.825685
vt 0.331519 0.826616
vt 0.325432 0.826606
vt 0.332059 0.827535
vt 0.325916 0.827527
vt 0.332398 0.828454
vt 0.326220 0.828446
vt 0.332512 0.829373
vt 0.326322 0.829365
vt 0.692994 0.824946
vt 0.692210 0.825868
vt 0.685428 0.825872
vt 0.686315 0.824950
vt 0.691480 0.826788
vt 0.684600 0.826794
vt 0.690851 0.827709
vt 0.683889 0.827715
vt 0.690371 0.828630
vt 0.683345 0.828635
vt 0.690068 0.829550
vt 0.683004 0.829555
vt 0.689965 0.830470
vt 0.682886 0.830476
vt 0.031872 0.687887
vt 0.032770 0.688808
vt 0.031774 0.688808
vt 0.030861 0.687887
vt 0.031035 0.686967
vt 0.030011 0.686967
vt 0.030317 0.686047
vt 0.029280 0.686048
vt 0.029765 0.685127
vt 0.028719 0.685128
vt 0.029419 0.684208
vt 0.028366 0.684209
vt 0.029301 0.683290
vt 0.028246 0.683291
vt 0.968038 0.681892
vt 0.967918 0.682818
vt 0.965683 0.682818
vt 0.965799 0.681892
vt 0.967565 0.683743
vt 0.965343 0.683744
vt 0.967005 0.684668
vt 0.964803 0.684669
vt 0.966275 0.685592
vt 0.964099 0.685593
vt 0.965424 0.686516
vt 0.963279 0.686517
vt 0.964511 0.687440
vt 0.962399 0.687440
vt 0.332508 0.852435
vt 0.332393 0.853354
vt 0.326214 0.853359
vt 0.326318 0.852439
vt 0.332053 0.854273
vt 0.325909 0.854279
vt 0.331513 0.855194
vt 0.325425 0.855200
vt 0.330810 0.856115
vt 0.324794 0.856120
vt 0.329989 0.857035
vt 0.324059 0.857040
vt 0.329109 0.857956
vt 0.323270 0.857961
vt 0.689977 0.853539
vt 0.690081 0.854459
vt 0.683016 0.854453
vt 0.682898 0.853536
vt 0.690384 0.855377
vt 0.683359 0.855373
vt 0.690865 0.856298
vt 0.683904 0.856292
vt 0.691493 0.857219
vt 0.684614 0.857213
vt 0.692225 0.858139
vt 0.685442 0.858133
vt 0.693008 0.859062
vt 0.686330 0.859054
vt 0.963325 0.652055
vt 0.961255 0.652058
vt 0.327985 0.822675
vt 0.322261 0.822663
vt 0.694004 0.823768
vt 0.687458 0.823773
vt 0.033920 0.653553
vt 0.032944 0.653553
vt 0.963335 0.688618
vt 0.961265 0.688618
vt 0.322252 0.859137
vt 0.327976 0.859133
vt 0.687474 0.860231
vt 0.694020 0.860239
vt 0.033926 0.689985
vt 0.032950 0.689985
vt 0.035976 0.387410
vt 0.035218 0.386623
vt 0.036836 0.386648
vt 0.037572 0.387435
vt 0.034512 0.385837
vt 0.036151 0.385861
vt 0.033908 0.385050
vt 0.035565 0.385074
vt 0.033446 0.384266
vt 0.035116 0.384290
vt 0.033160 0.383483
vt 0.034840 0.383508
vt 0.033069 0.382703
vt 0.034752 0.382727
vt 0.963447 0.381644
vt 0.963348 0.382426
vt 0.962428 0.382429
vt 0.962525 0.381646
vt 0.963054 0.383207
vt 0.962138 0.383211
vt 0.962584 0.383989
vt 0.961676 0.383993
vt 0.961972 0.384770
vt 0.961074 0.384775
vt 0.961258 0.385552
vt 0.960371 0.385556
vt 0.960492 0.386333
vt 0.959617 0.386335
vt 0.329970 0.552438
vt 0.329866 0.553213
vt 0.328108 0.553205
vt 0.328211 0.552429
vt 0.329566 0.553986
vt 0.327816 0.553979
vt 0.329089 0.554758
vt 0.327355 0.554750
vt 0.328471 0.555530
vt 0.326755 0.555522
vt 0.327751 0.556301
vt 0.326057 0.556293
vt 0.326978 0.557073
vt 0.325309 0.557065
vt 0.694208 0.553406
vt 0.694293 0.554185
vt 0.687143 0.554171
vt 0.687045 0.553394
vt 0.694548 0.554964
vt 0.687434 0.554948
vt 0.694952 0.555743
vt 0.687897 0.555725
vt 0.695479 0.556522
vt 0.688501 0.556502
vt 0.696093 0.557302
vt 0.689204 0.557280
vt 0.696752 0.558081
vt 0.689958 0.558057
vt 0.031400 0.378357
vt 0.030643 0.377563
vt 0.032399 0.377594
vt 0.033133 0.378387
vt 0.029940 0.376768
vt 0.031716 0.376800
vt 0.029339 0.375976
vt 0.031133 0.376008
vt 0.028880 0.375185
vt 0.030688 0.375219
vt 0.028597 0.374398
vt 0.030413 0.374432
vt 0.028510 0.373614
vt 0.030330 0.373648
vt 0.968117 0.372581
vt 0.968018 0.373367
vt 0.967023 0.373372
vt 0.967120 0.372585
vt 0.967724 0.374153
vt 0.966733 0.374160
vt 0.967255 0.374940
vt 0.966272 0.374949
vt 0.966644 0.375729
vt 0.965670 0.375738
vt 0.965931 0.376519
vt 0.964969 0.376527
vt 0.965165 0.377308
vt 0.964216 0.377316
vt 0.334728 0.543518
vt 0.334622 0.544290
vt 0.332720 0.544276
vt 0.332824 0.543504
vt 0.334318 0.545061
vt 0.332427 0.545048
vt 0.333841 0.545832
vt 0.331963 0.545819
vt 0.333220 0.546602
vt 0.331362 0.546590
vt 0.332499 0.547372
vt 0.330662 0.547362
vt 0.331725 0.548143
vt 0.329912 0.548133
vt 0.690175 0.544411
vt 0.690262 0.545192
vt 0.682527 0.545181
vt 0.682428 0.544401
vt 0.690516 0.545972
vt 0.682818 0.545960
vt 0.690921 0.546753
vt 0.683282 0.546740
vt 0.691449 0.547533
vt 0.683886 0.547521
vt 0.692064 0.548314
vt 0.684591 0.548301
vt 0.692724 0.549094
vt 0.685346 0.549081
vt 0.962520 0.379067
vt 0.963444 0.379064
vt 0.329984 0.549867
vt 0.328222 0.549857
vt 0.687048 0.550820
vt 0.694212 0.550831
vt 0.033105 0.380125
vt 0.034788 0.380151
vt 0.958036 0.093532
vt 0.957193 0.093545
vt 0.966487 0.100526
vt 0.966481 0.102643
vt 0.965996 0.103124
vt 0.965996 0.101015
vt 0.957073 0.324115
vt 0.957913 0.324111
vt 0.844541 0.102330
vt 0.844538 0.100212
vt 0.845028 0.100702
vt 0.845025 0.102811
vt 0.324715 0.494884
vt 0.323127 0.494881
vt 0.210973 0.274489
vt 0.210963 0.272371
vt 0.211952 0.273350
vt 0.211963 0.275446
vt 0.324305 0.264533
vt 0.322720 0.264523
vt 0.333086 0.271794
vt 0.333086 0.273911
vt 0.332114 0.274879
vt 0.332105 0.272779
vt 0.700491 0.264359
vt 0.694048 0.264180
vt 0.805089 0.271887
vt 0.805084 0.274004
vt 0.804055 0.275021
vt 0.804053 0.272922
vt 0.692996 0.495208
vt 0.699445 0.495212
vt 0.682788 0.274035
vt 0.682795 0.271917
vt 0.683833 0.272956
vt 0.683835 0.275050
vt 0.039805 0.095193
vt 0.041330 0.095134
vt 0.154140 0.102169
vt 0.154128 0.104286
vt 0.153370 0.105017
vt 0.153384 0.102915
vt 0.039355 0.325033
vt 0.040878 0.325047
vt 0.032087 0.103590
vt 0.032095 0.101474
vt 0.032841 0.102228
vt 0.032824 0.104333
vt 0.941744 0.108753
vt 0.942326 0.108754
vt 0.942360 0.109967
vt 0.941770 0.109971
vt 0.950522 0.116534
vt 0.950523 0.118337
vt 0.949277 0.118339
vt 0.949276 0.116534
vt 0.942351 0.308687
vt 0.941762 0.308689
vt 0.941761 0.307443
vt 0.942352 0.307441
vt 0.860479 0.118042
vt 0.860483 0.116239
vt 0.861727 0.116242
vt 0.861721 0.118046
vt 0.309702 0.479359
vt 0.309692 0.479944
vt 0.308565 0.479933
vt 0.308575 0.479349
vt 0.227063 0.290071
vt 0.227047 0.288269
vt 0.227651 0.288260
vt 0.227671 0.290060
vt 0.309286 0.279582
vt 0.309274 0.280201
vt 0.308144 0.280188
vt 0.308155 0.279569
vt 0.317207 0.287873
vt 0.317207 0.289676
vt 0.316615 0.289672
vt 0.316616 0.287870
vt 0.708496 0.279392
vt 0.713095 0.279504
vt 0.713070 0.279880
vt 0.708480 0.279750
vt 0.789148 0.287922
vt 0.789146 0.289724
vt 0.788784 0.289724
vt 0.788786 0.287920
vt 0.712303 0.480253
vt 0.707708 0.480240
vt 0.707713 0.479855
vt 0.712308 0.479876
vt 0.699235 0.289670
vt 0.698845 0.289672
vt 0.698846 0.287866
vt 0.699234 0.287866
vt 0.055441 0.111200
vt 0.055407 0.110024
vt 0.056482 0.109993
vt 0.056518 0.111166
vt 0.138038 0.118057
vt 0.138028 0.119860
vt 0.136842 0.119855
vt 0.136852 0.118052
vt 0.054731 0.309957
vt 0.054732 0.308786
vt 0.055809 0.308789
vt 0.055808 0.309961
vt 0.047897 0.119424
vt 0.047912 0.117621
vt 0.049082 0.117633
vt 0.049065 0.119437
vt 0.941820 0.114537
vt 0.942418 0.114539
vt 0.941417 0.115508
vt 0.940838 0.115496
vt 0.944663 0.116540
vt 0.944671 0.118344
vt 0.943684 0.119330
vt 0.943674 0.117544
vt 0.942335 0.302830
vt 0.941742 0.302836
vt 0.940749 0.301856
vt 0.941326 0.301849
vt 0.866322 0.118060
vt 0.866335 0.116255
vt 0.867319 0.117262
vt 0.867305 0.119048
vt 0.308970 0.473323
vt 0.309754 0.474112
vt 0.308624 0.474104
vt 0.307864 0.473322
vt 0.232956 0.289993
vt 0.232920 0.288189
vt 0.233730 0.288962
vt 0.233761 0.290747
vt 0.309215 0.285493
vt 0.308412 0.286282
vt 0.307309 0.286273
vt 0.308087 0.285482
vt 0.311366 0.287866
vt 0.311364 0.289669
vt 0.310586 0.290442
vt 0.310582 0.288653
vt 0.708268 0.285240
vt 0.712860 0.285386
vt 0.712974 0.285561
vt 0.708413 0.285406
vt 0.783309 0.287930
vt 0.783321 0.289734
vt 0.783179 0.289897
vt 0.783160 0.288092
vt 0.712348 0.474360
vt 0.707758 0.474333
vt 0.707927 0.474161
vt 0.712497 0.474190
vt 0.704782 0.289654
vt 0.704766 0.287850
vt 0.704949 0.288016
vt 0.704969 0.289812
vt 0.055982 0.116221
vt 0.055600 0.115875
vt 0.056678 0.115833
vt 0.057053 0.116175
vt 0.132151 0.118024
vt 0.132140 0.119828
vt 0.131765 0.120191
vt 0.131776 0.118394
vt 0.054739 0.304108
vt 0.055106 0.303745
vt 0.056175 0.303751
vt 0.055818 0.304110
vt 0.053721 0.119487
vt 0.053753 0.117683
vt 0.054103 0.118059
vt 0.054068 0.119860
vt 0.937130 0.119083
vt 0.937634 0.119072
vt 0.937663 0.119698
vt 0.937150 0.119708
vt 0.939998 0.121261
vt 0.940002 0.122971
vt 0.939342 0.122973
vt 0.939336 0.121262
vt 0.937572 0.298221
vt 0.937061 0.298217
vt 0.937065 0.297569
vt 0.937580 0.297573
vt 0.870981 0.122695
vt 0.870986 0.120986
vt 0.871643 0.120988
vt 0.871640 0.122699
vt 0.305075 0.468852
vt 0.305064 0.469466
vt 0.304082 0.469455
vt 0.304092 0.468836
vt 0.237715 0.294515
vt 0.237667 0.292806
vt 0.238295 0.292776
vt 0.238354 0.294483
vt 0.304472 0.290166
vt 0.304464 0.290803
vt 0.303479 0.290791
vt 0.303487 0.290155
vt 0.306727 0.292559
vt 0.306705 0.294268
vt 0.306079 0.294250
vt 0.306111 0.292543
vt 0.712686 0.290125
vt 0.716694 0.290216
vt 0.716662 0.290567
vt 0.712656 0.290486
vt 0.778706 0.292662
vt 0.778701 0.294373
vt 0.778369 0.294373
vt 0.778381 0.292663
vt 0.716439 0.469660
vt 0.712431 0.469630
vt 0.712444 0.469267
vt 0.716453 0.469301
vt 0.709569 0.294233
vt 0.709569 0.292521
vt 0.709946 0.292517
vt 0.709941 0.294230
vt 0.060518 0.120747
vt 0.060503 0.120294
vt 0.061440 0.120264
vt 0.061458 0.120721
vt 0.127400 0.122701
vt 0.127394 0.124413
vt 0.126897 0.124412
vt 0.126899 0.122699
vt 0.059463 0.299479
vt 0.059456 0.299005
vt 0.060396 0.298996
vt 0.060402 0.299473
vt 0.058311 0.124169
vt 0.058329 0.122459
vt 0.058798 0.122467
vt 0.058782 0.124178
vt 0.338828 0.989956
vt 0.206525 0.989946
vt 0.206525 0.988759
vt 0.338828 0.988769
vt 0.338827 0.970485
vt 0.338828 0.982246
vt 0.206524 0.982236
vt 0.206523 0.970477
vt 0.338826 0.961921
vt 0.206523 0.961911
vt 0.206521 0.955088
vt 0.338825 0.955100
vt 0.338826 0.955570
vt 0.206522 0.955560
vt 0.210185 0.950380
vt 0.335138 0.950394
vt 0.335441 0.950782
vt 0.209885 0.950767
vt 0.210179 0.945665
vt 0.335132 0.945689
vt 0.335134 0.946355
vt 0.210181 0.946333
vt 0.212357 0.942861
vt 0.332934 0.942881
vt 0.334719 0.945161
vt 0.210586 0.945138
vt 0.324074 0.922903
vt 0.221169 0.922881
vt 0.323932 0.921321
vt 0.221304 0.921298
vt 0.323520 0.919741
vt 0.221707 0.919714
vt 0.322859 0.918161
vt 0.222359 0.918130
vt 0.321981 0.916581
vt 0.223227 0.916547
vt 0.320931 0.915002
vt 0.224266 0.914964
vt 0.319760 0.913423
vt 0.225426 0.913381
vt 0.318528 0.911844
vt 0.226647 0.911798
vt 0.227562 0.910620
vt 0.317604 0.910668
vt 0.317602 0.908151
vt 0.227560 0.908102
vt 0.231224 0.902957
vt 0.313916 0.902998
vt 0.316733 0.906599
vt 0.228421 0.906551
vt 0.313890 0.867066
vt 0.231196 0.867058
vt 0.314771 0.865831
vt 0.230236 0.865852
vt 0.315487 0.864910
vt 0.229525 0.864929
vt 0.316154 0.863990
vt 0.228863 0.864003
vt 0.316727 0.863071
vt 0.228295 0.863077
vt 0.317167 0.862152
vt 0.227859 0.862152
vt 0.317443 0.861232
vt 0.227585 0.861227
vt 0.317537 0.860312
vt 0.227491 0.860302
vt 0.317537 0.859138
vt 0.227491 0.859124
vt 0.318458 0.857963
vt 0.226573 0.857946
vt 0.319173 0.857043
vt 0.225861 0.857023
vt 0.319839 0.856123
vt 0.225198 0.856102
vt 0.320410 0.855204
vt 0.224627 0.855180
vt 0.320848 0.854285
vt 0.224190 0.854259
vt 0.321124 0.853364
vt 0.223915 0.853338
vt 0.321218 0.852445
vt 0.223821 0.852418
vt 0.321218 0.851271
vt 0.223821 0.851243
vt 0.322139 0.850096
vt 0.222903 0.850067
vt 0.323561 0.848258
vt 0.221487 0.848229
vt 0.324844 0.846419
vt 0.220209 0.846391
vt 0.325862 0.844580
vt 0.219195 0.844555
vt 0.326516 0.842740
vt 0.218543 0.842720
vt 0.326741 0.840902
vt 0.218319 0.840883
vt 0.326516 0.839063
vt 0.218543 0.839048
vt 0.325863 0.837225
vt 0.219195 0.837213
vt 0.324845 0.835386
vt 0.220210 0.835379
vt 0.323563 0.833546
vt 0.221489 0.833546
vt 0.322142 0.831706
vt 0.222907 0.831711
vt 0.223826 0.830538
vt 0.321222 0.830531
vt 0.321223 0.829356
vt 0.223826 0.829365
vt 0.321130 0.828436
vt 0.223921 0.828448
vt 0.320855 0.827517
vt 0.224196 0.827530
vt 0.320417 0.826598
vt 0.224635 0.826610
vt 0.319845 0.825677
vt 0.225205 0.825691
vt 0.319180 0.824755
vt 0.225869 0.824772
vt 0.318467 0.823833
vt 0.226582 0.823853
vt 0.227500 0.822678
vt 0.317546 0.822655
vt 0.317548 0.821478
vt 0.227501 0.821503
vt 0.317455 0.820555
vt 0.227596 0.820584
vt 0.317180 0.819632
vt 0.227871 0.819664
vt 0.316741 0.818708
vt 0.228309 0.818744
vt 0.316171 0.817784
vt 0.228880 0.817824
vt 0.315505 0.816859
vt 0.229544 0.816904
vt 0.314792 0.815937
vt 0.230257 0.815982
vt 0.231220 0.814759
vt 0.313912 0.814742
vt 0.313958 0.772268
vt 0.231267 0.772256
vt 0.314005 0.590556
vt 0.231308 0.590543
vt 0.313882 0.558815
vt 0.231192 0.558868
vt 0.315123 0.557012
vt 0.229724 0.557127
vt 0.315729 0.556238
vt 0.229127 0.556351
vt 0.316294 0.555465
vt 0.228571 0.555575
vt 0.316779 0.554691
vt 0.228096 0.554800
vt 0.317152 0.553919
vt 0.227732 0.554023
vt 0.317389 0.553147
vt 0.227505 0.553245
vt 0.317474 0.552374
vt 0.227431 0.552467
vt 0.317483 0.549805
vt 0.227440 0.549892
vt 0.318847 0.548075
vt 0.226097 0.548155
vt 0.319455 0.547302
vt 0.225504 0.547377
vt 0.320022 0.546528
vt 0.224950 0.546599
vt 0.320509 0.545756
vt 0.224476 0.545821
vt 0.320885 0.544983
vt 0.224113 0.545043
vt 0.321124 0.544211
vt 0.223888 0.544266
vt 0.321209 0.543437
vt 0.223816 0.543491
vt 0.321217 0.542449
vt 0.223824 0.542500
vt 0.322233 0.541166
vt 0.222828 0.541211
vt 0.322933 0.540279
vt 0.222145 0.540319
vt 0.323586 0.539393
vt 0.221512 0.539429
vt 0.324148 0.538506
vt 0.220969 0.538539
vt 0.324582 0.537621
vt 0.220555 0.537649
vt 0.324859 0.536736
vt 0.220297 0.536760
vt 0.324960 0.535853
vt 0.220217 0.535872
vt 0.324980 0.532443
vt 0.220238 0.532460
vt 0.325543 0.531746
vt 0.219697 0.531758
vt 0.326843 0.530101
vt 0.218430 0.530101
vt 0.328058 0.528455
vt 0.217251 0.528446
vt 0.329103 0.526812
vt 0.216241 0.526791
vt 0.329911 0.525168
vt 0.215471 0.525138
vt 0.330423 0.523523
vt 0.214991 0.523488
vt 0.330609 0.521878
vt 0.214839 0.521840
vt 0.330623 0.520478
vt 0.214853 0.520438
vt 0.330469 0.518833
vt 0.215038 0.518793
vt 0.329988 0.517187
vt 0.215546 0.517150
vt 0.329212 0.515540
vt 0.216349 0.515509
vt 0.328197 0.513895
vt 0.217387 0.513868
vt 0.327010 0.512251
vt 0.218594 0.512230
vt 0.325737 0.510607
vt 0.219886 0.510592
vt 0.220446 0.509902
vt 0.325195 0.509918
vt 0.224134 0.505228
vt 0.321531 0.505226
vt 0.227820 0.500554
vt 0.317865 0.500535
vt 0.231503 0.495880
vt 0.314197 0.495847
vt 0.313440 0.494884
vt 0.232276 0.494920
vt 0.301705 0.479321
vt 0.301695 0.479911
vt 0.244003 0.479976
vt 0.244009 0.479400
vt 0.301125 0.473304
vt 0.301735 0.474078
vt 0.244031 0.474187
vt 0.244660 0.473430
vt 0.298096 0.468799
vt 0.298084 0.469423
vt 0.247740 0.469587
vt 0.247750 0.468972
vt 0.297460 0.292451
vt 0.297455 0.294154
vt 0.247117 0.294338
vt 0.247117 0.292639
vt 0.247131 0.290314
vt 0.297482 0.290119
vt 0.297474 0.290752
vt 0.247125 0.290946
vt 0.243504 0.285600
vt 0.301206 0.285427
vt 0.300569 0.286219
vt 0.244109 0.286402
vt 0.243552 0.279677
vt 0.301262 0.279537
vt 0.301246 0.280143
vt 0.243539 0.280298
vt 0.231145 0.263622
vt 0.313833 0.263483
vt 0.313040 0.264493
vt 0.231894 0.264619
vt 0.314299 0.262890
vt 0.230718 0.263037
vt 0.317662 0.255445
vt 0.317633 0.256048
vt 0.227588 0.256190
vt 0.227613 0.255588
vt 0.321332 0.250808
vt 0.224071 0.250915
vt 0.322150 0.249772
vt 0.223323 0.249880
vt 0.322987 0.248660
vt 0.222554 0.248764
vt 0.323741 0.247549
vt 0.221867 0.247649
vt 0.324378 0.246439
vt 0.221299 0.246533
vt 0.324867 0.245329
vt 0.220880 0.245417
vt 0.325185 0.244218
vt 0.220633 0.244304
vt 0.325316 0.243106
vt 0.220574 0.243191
vt 0.325362 0.241314
vt 0.220620 0.241400
vt 0.325303 0.240205
vt 0.220750 0.240294
vt 0.325058 0.239094
vt 0.221062 0.239190
vt 0.324640 0.237982
vt 0.221545 0.238088
vt 0.324075 0.236872
vt 0.222174 0.236989
vt 0.323390 0.235763
vt 0.222919 0.235890
vt 0.322619 0.234657
vt 0.223746 0.234790
vt 0.321806 0.233554
vt 0.224610 0.233690
vt 0.321928 0.233369
vt 0.224531 0.233491
vt 0.325128 0.229347
vt 0.221449 0.229417
vt 0.325770 0.224997
vt 0.325750 0.225459
vt 0.221009 0.225500
vt 0.221027 0.225033
vt 0.326158 0.224517
vt 0.220677 0.224537
vt 0.327331 0.223040
vt 0.219561 0.223033
vt 0.328448 0.221567
vt 0.218505 0.221528
vt 0.329454 0.220093
vt 0.217559 0.220025
vt 0.330297 0.218622
vt 0.216774 0.218524
vt 0.330937 0.217149
vt 0.216187 0.217026
vt 0.331342 0.215678
vt 0.215833 0.215530
vt 0.331499 0.214205
vt 0.215730 0.214038
vt 0.331567 0.207631
vt 0.331549 0.208636
vt 0.215780 0.208453
vt 0.215798 0.207434
vt 0.332279 0.206746
vt 0.215118 0.206528
vt 0.337275 0.177107
vt 0.337259 0.178581
vt 0.210465 0.178264
vt 0.210481 0.176789
vt 0.216014 0.169753
vt 0.331781 0.170035
vt 0.221543 0.162714
vt 0.326284 0.162964
vt 0.225229 0.158021
vt 0.322619 0.158250
vt 0.228912 0.153328
vt 0.318953 0.153539
vt 0.232595 0.148635
vt 0.315284 0.148827
vt 0.315548 0.042995
vt 0.315529 0.050427
vt 0.232834 0.050230
vt 0.232855 0.042799
vt 0.319245 0.038300
vt 0.229201 0.038088
vt 0.322942 0.033606
vt 0.225548 0.033376
vt 0.326639 0.028910
vt 0.221896 0.028663
vt 0.332184 0.021868
vt 0.216415 0.021594
vt 0.337729 0.014825
vt 0.210935 0.014523
vt 0.023564 0.011287
vt 0.023516 0.009813
vt 0.150264 0.006341
vt 0.150312 0.007817
vt 0.145741 0.037193
vt 0.030009 0.040082
vt 0.029266 0.039241
vt 0.146390 0.036252
vt 0.030064 0.041062
vt 0.145798 0.038226
vt 0.146017 0.043826
vt 0.145972 0.045341
vt 0.030492 0.048033
vt 0.030282 0.046599
vt 0.145675 0.046866
vt 0.030954 0.049458
vt 0.145149 0.048399
vt 0.031652 0.050874
vt 0.144425 0.049939
vt 0.032556 0.052283
vt 0.143544 0.051484
vt 0.033622 0.053685
vt 0.142551 0.053032
vt 0.034802 0.055086
vt 0.141500 0.054582
vt 0.036039 0.056486
vt 0.141183 0.055097
vt 0.036456 0.056916
vt 0.036509 0.057337
vt 0.141237 0.055572
vt 0.138073 0.063686
vt 0.040688 0.064945
vt 0.037331 0.061072
vt 0.141000 0.059516
vt 0.138031 0.063901
vt 0.040846 0.065077
vt 0.040091 0.066157
vt 0.138957 0.064986
vt 0.039388 0.067239
vt 0.139849 0.066067
vt 0.038770 0.068322
vt 0.140665 0.067146
vt 0.038278 0.069404
vt 0.141368 0.068225
vt 0.037937 0.070487
vt 0.141926 0.069302
vt 0.037772 0.071567
vt 0.142320 0.070381
vt 0.037795 0.072644
vt 0.142531 0.071461
vt 0.037953 0.074400
vt 0.142690 0.073220
vt 0.038169 0.075476
vt 0.142714 0.074304
vt 0.038565 0.076547
vt 0.142547 0.075392
vt 0.039131 0.077610
vt 0.142206 0.076487
vt 0.039845 0.078667
vt 0.141716 0.077587
vt 0.040673 0.079721
vt 0.141103 0.078688
vt 0.041582 0.080777
vt 0.140408 0.079789
vt 0.042475 0.081760
vt 0.139737 0.080805
vt 0.136361 0.085532
vt 0.046320 0.086261
vt 0.046405 0.086831
vt 0.136445 0.086111
vt 0.133203 0.093502
vt 0.050511 0.094065
vt 0.050004 0.093507
vt 0.133584 0.092938
vt 0.051167 0.094807
vt 0.132687 0.094244
vt 0.063459 0.110977
vt 0.063400 0.109832
vt 0.121100 0.109665
vt 0.121159 0.110872
vt 0.063945 0.115928
vt 0.063610 0.115597
vt 0.121313 0.115605
vt 0.121070 0.115995
vt 0.067500 0.120632
vt 0.067472 0.120162
vt 0.117820 0.120385
vt 0.117848 0.120880
vt 0.067564 0.124161
vt 0.067548 0.122463
vt 0.117895 0.122742
vt 0.117910 0.124452
vt 0.116796 0.299778
vt 0.066447 0.299477
vt 0.066441 0.298990
vt 0.116791 0.299293
vt 0.120454 0.304491
vt 0.062753 0.304139
vt 0.063040 0.303781
vt 0.120163 0.304120
vt 0.120432 0.310369
vt 0.062733 0.309997
vt 0.062738 0.308820
vt 0.120437 0.309185
vt 0.132772 0.326456
vt 0.050082 0.325874
vt 0.050680 0.325134
vt 0.132198 0.325700
vt 0.046355 0.330542
vt 0.136397 0.331190
vt 0.042625 0.335208
vt 0.140017 0.335927
vt 0.038893 0.339873
vt 0.143635 0.340666
vt 0.038328 0.340571
vt 0.144173 0.341378
vt 0.037021 0.342215
vt 0.145433 0.343049
vt 0.035800 0.343860
vt 0.146605 0.344719
vt 0.034747 0.345506
vt 0.147607 0.346388
vt 0.033933 0.347156
vt 0.148370 0.348055
vt 0.033412 0.348811
vt 0.148839 0.349717
vt 0.033217 0.350473
vt 0.148982 0.351376
vt 0.033194 0.351892
vt 0.148958 0.352787
vt 0.033336 0.353561
vt 0.148763 0.354440
vt 0.033806 0.355233
vt 0.148242 0.356091
vt 0.034568 0.356908
vt 0.147427 0.357739
vt 0.035569 0.358585
vt 0.146375 0.359385
vt 0.036741 0.360265
vt 0.145154 0.361029
vt 0.038001 0.361946
vt 0.143846 0.362673
vt 0.143279 0.363375
vt 0.038538 0.362667
vt 0.038490 0.366094
vt 0.143231 0.366792
vt 0.038563 0.366997
vt 0.143122 0.367683
vt 0.038812 0.367902
vt 0.142839 0.368573
vt 0.039221 0.368808
vt 0.142399 0.369462
vt 0.039759 0.369715
vt 0.141831 0.370350
vt 0.040387 0.370622
vt 0.141172 0.371238
vt 0.041062 0.371531
vt 0.140466 0.372122
vt 0.139440 0.373398
vt 0.042048 0.372841
vt 0.042031 0.373841
vt 0.139422 0.374390
vt 0.042095 0.374626
vt 0.139329 0.375167
vt 0.042313 0.375411
vt 0.139083 0.375942
vt 0.042669 0.376198
vt 0.138701 0.376715
vt 0.043137 0.376985
vt 0.138207 0.377486
vt 0.043685 0.377773
vt 0.137636 0.378256
vt 0.044272 0.378559
vt 0.137022 0.379026
vt 0.135647 0.380745
vt 0.045605 0.380311
vt 0.045574 0.382890
vt 0.135615 0.383316
vt 0.045639 0.383673
vt 0.135523 0.384089
vt 0.045860 0.384457
vt 0.135280 0.384860
vt 0.046218 0.385243
vt 0.134900 0.385630
vt 0.046689 0.386029
vt 0.134409 0.386398
vt 0.047239 0.386813
vt 0.133840 0.387166
vt 0.047830 0.387596
vt 0.133230 0.387935
vt 0.131865 0.389708
vt 0.049174 0.389540
vt 0.049171 0.421407
vt 0.131869 0.421430
vt 0.049121 0.603121
vt 0.131810 0.603141
vt 0.049126 0.645628
vt 0.131819 0.645618
vt 0.048215 0.646856
vt 0.132749 0.646814
vt 0.047500 0.647779
vt 0.133460 0.647734
vt 0.046833 0.648700
vt 0.134124 0.648655
vt 0.046261 0.649620
vt 0.134693 0.649579
vt 0.045822 0.650540
vt 0.135129 0.650502
vt 0.045545 0.651459
vt 0.135404 0.651425
vt 0.045451 0.652379
vt 0.135498 0.652348
vt 0.045451 0.653554
vt 0.135498 0.653525
vt 0.044530 0.654730
vt 0.136415 0.654703
vt 0.043816 0.655650
vt 0.137127 0.655624
vt 0.043150 0.656569
vt 0.137790 0.656546
vt 0.042578 0.657490
vt 0.138360 0.657468
vt 0.042140 0.658410
vt 0.138797 0.658389
vt 0.041863 0.659329
vt 0.139072 0.659310
vt 0.041769 0.660247
vt 0.139166 0.660231
vt 0.041769 0.661421
vt 0.139166 0.661406
vt 0.040848 0.662595
vt 0.140083 0.662582
vt 0.039425 0.664431
vt 0.141499 0.664422
vt 0.038141 0.666266
vt 0.142776 0.666263
vt 0.037122 0.668100
vt 0.143790 0.668104
vt 0.036468 0.669934
vt 0.144441 0.669943
vt 0.036243 0.671768
vt 0.144665 0.671782
vt 0.036468 0.673603
vt 0.144441 0.673620
vt 0.037123 0.675437
vt 0.143791 0.675458
vt 0.038142 0.677272
vt 0.142777 0.677296
vt 0.039426 0.679109
vt 0.141500 0.679133
vt 0.040850 0.680946
vt 0.140085 0.680972
vt 0.139168 0.682147
vt 0.041772 0.682122
vt 0.041772 0.683297
vt 0.139169 0.683320
vt 0.041867 0.684216
vt 0.139076 0.684240
vt 0.042144 0.685136
vt 0.138801 0.685159
vt 0.042582 0.686057
vt 0.138365 0.686079
vt 0.043155 0.686979
vt 0.137796 0.686999
vt 0.043821 0.687900
vt 0.137132 0.687920
vt 0.044536 0.688821
vt 0.136421 0.688841
vt 0.135504 0.690017
vt 0.045457 0.689999
vt 0.045457 0.691177
vt 0.135504 0.691193
vt 0.045551 0.692100
vt 0.135410 0.692113
vt 0.045827 0.693024
vt 0.135135 0.693034
vt 0.046266 0.693949
vt 0.134698 0.693953
vt 0.046837 0.694874
vt 0.134128 0.694872
vt 0.047502 0.695800
vt 0.133464 0.695791
vt 0.048216 0.696726
vt 0.132752 0.696710
vt 0.131802 0.697938
vt 0.049107 0.697920
vt 0.049055 0.733807
vt 0.131747 0.733864
vt 0.046238 0.737402
vt 0.134551 0.737465
vt 0.045375 0.741476
vt 0.045374 0.738956
vt 0.135416 0.739016
vt 0.135417 0.741532
vt 0.044455 0.742656
vt 0.136335 0.742708
vt 0.043226 0.744241
vt 0.137561 0.744288
vt 0.042060 0.745824
vt 0.138724 0.745868
vt 0.041013 0.747409
vt 0.139768 0.747449
vt 0.040139 0.748994
vt 0.140639 0.749028
vt 0.039481 0.750579
vt 0.141295 0.750607
vt 0.039072 0.752163
vt 0.141701 0.752186
vt 0.038934 0.753746
vt 0.141839 0.753766
vt 0.030074 0.773724
vt 0.150653 0.773742
vt 0.028292 0.776004
vt 0.152427 0.776019
vt 0.027879 0.777198
vt 0.027880 0.776531
vt 0.152836 0.776543
vt 0.152834 0.777208
vt 0.027576 0.781627
vt 0.027878 0.781240
vt 0.152834 0.781248
vt 0.153134 0.781634
vt 0.024193 0.786420
vt 0.024194 0.785949
vt 0.156499 0.785948
vt 0.156498 0.786418
vt 0.024193 0.801339
vt 0.024193 0.792772
vt 0.156498 0.792767
vt 0.156498 0.801329
vt 0.024193 0.813102
vt 0.156498 0.813087
vt 0.024167 0.820865
vt 0.024193 0.819629
vt 0.156498 0.819606
vt 0.156473 0.820857
vt 0.152791 0.825629
vt 0.027835 0.825613
vt 0.141799 0.839739
vt 0.038894 0.839728
vt 0.135392 0.847974
vt 0.045349 0.847958
vt 0.131736 0.852684
vt 0.049043 0.852659
vt 0.131752 0.860117
vt 0.049059 0.860091
vt 0.045412 0.963207
vt 0.049083 0.958498
vt 0.131775 0.958522
vt 0.135455 0.963220
vt 0.038976 0.971441
vt 0.141883 0.971448
vt 0.027934 0.985550
vt 0.152892 0.985561
vt 0.024260 0.990255
vt 0.156569 0.990264
vt 0.822329 0.819515
vt 0.822330 0.818328
vt 0.830828 0.818331
vt 0.830827 0.819519
vt 0.822332 0.811805
vt 0.822333 0.800044
vt 0.830831 0.800046
vt 0.830831 0.811808
vt 0.822334 0.791478
vt 0.830833 0.791479
vt 0.822336 0.785126
vt 0.822336 0.784653
vt 0.830834 0.784654
vt 0.830833 0.785126
vt 0.826584 0.780331
vt 0.826965 0.779942
vt 0.834991 0.779944
vt 0.834649 0.780332
vt 0.826968 0.775897
vt 0.826969 0.775230
vt 0.834995 0.775230
vt 0.834994 0.775898
vt 0.827487 0.774702
vt 0.829728 0.772421
vt 0.837472 0.772421
vt 0.835460 0.774701
vt 0.840855 0.752439
vt 0.847466 0.752440
vt 0.841032 0.750856
vt 0.847625 0.750855
vt 0.841548 0.749272
vt 0.848088 0.749271
vt 0.842377 0.747689
vt 0.848833 0.747687
vt 0.843477 0.746105
vt 0.849821 0.746103
vt 0.844794 0.744522
vt 0.851004 0.744520
vt 0.846261 0.742939
vt 0.852322 0.742938
vt 0.847807 0.741356
vt 0.853710 0.741356
vt 0.848965 0.740178
vt 0.854750 0.740178
vt 0.848966 0.737660
vt 0.854751 0.737661
vt 0.850055 0.736107
vt 0.853595 0.732511
vt 0.858908 0.732512
vt 0.855729 0.736109
vt 0.853628 0.696588
vt 0.858940 0.696589
vt 0.852493 0.695360
vt 0.857922 0.695363
vt 0.851594 0.694439
vt 0.857115 0.694443
vt 0.850757 0.693517
vt 0.856363 0.693522
vt 0.850037 0.692595
vt 0.855717 0.692601
vt 0.849487 0.691673
vt 0.855222 0.691680
vt 0.849140 0.690750
vt 0.854911 0.690757
vt 0.849022 0.689827
vt 0.854806 0.689834
vt 0.849022 0.688648
vt 0.854806 0.688656
vt 0.847866 0.687467
vt 0.853767 0.687475
vt 0.846969 0.686540
vt 0.852962 0.686549
vt 0.846132 0.685614
vt 0.852210 0.685623
vt 0.845413 0.684688
vt 0.851564 0.684696
vt 0.844862 0.683761
vt 0.851070 0.683769
vt 0.844515 0.682835
vt 0.850758 0.682842
vt 0.844396 0.681909
vt 0.850652 0.681914
vt 0.844395 0.680727
vt 0.850652 0.680731
vt 0.843239 0.679543
vt 0.849613 0.679546
vt 0.841453 0.677693
vt 0.848009 0.677697
vt 0.839843 0.675844
vt 0.846562 0.675848
vt 0.838564 0.673996
vt 0.845414 0.673999
vt 0.837743 0.672149
vt 0.844677 0.672151
vt 0.837460 0.670303
vt 0.844423 0.670303
vt 0.837743 0.668458
vt 0.844676 0.668456
vt 0.838563 0.666613
vt 0.845414 0.666609
vt 0.839841 0.664768
vt 0.846561 0.664762
vt 0.841452 0.662921
vt 0.848008 0.662915
vt 0.843237 0.661074
vt 0.849611 0.661068
vt 0.844394 0.659892
vt 0.850649 0.659886
vt 0.844393 0.658713
vt 0.850649 0.658705
vt 0.844511 0.657789
vt 0.850754 0.657780
vt 0.844857 0.656866
vt 0.851065 0.656856
vt 0.845407 0.655942
vt 0.851559 0.655931
vt 0.846125 0.655018
vt 0.852203 0.655008
vt 0.846961 0.654095
vt 0.852954 0.654085
vt 0.847858 0.653172
vt 0.853759 0.653162
vt 0.849014 0.651994
vt 0.854797 0.651985
vt 0.849012 0.650817
vt 0.854796 0.650811
vt 0.849130 0.649897
vt 0.854901 0.649892
vt 0.849477 0.648977
vt 0.855213 0.648975
vt 0.850029 0.648058
vt 0.855709 0.648057
vt 0.850748 0.647139
vt 0.856355 0.647140
vt 0.851586 0.646221
vt 0.857106 0.646224
vt 0.852485 0.645303
vt 0.857914 0.645307
vt 0.853643 0.644131
vt 0.858954 0.644135
vt 0.853665 0.607863
vt 0.858981 0.601683
vt 0.853720 0.388286
vt 0.859109 0.388273
vt 0.859116 0.419978
vt 0.853730 0.416504
vt 0.857551 0.386507
vt 0.851986 0.386535
vt 0.856869 0.385733
vt 0.851225 0.385761
vt 0.856233 0.384958
vt 0.850517 0.384985
vt 0.855687 0.384180
vt 0.849908 0.384208
vt 0.855268 0.383401
vt 0.849440 0.383429
vt 0.855003 0.382621
vt 0.849145 0.382648
vt 0.854910 0.381840
vt 0.849042 0.381866
vt 0.849029 0.379286
vt 0.854900 0.379260
vt 0.853363 0.377524
vt 0.847318 0.377548
vt 0.852682 0.376741
vt 0.846558 0.376765
vt 0.852046 0.375958
vt 0.845850 0.375981
vt 0.851499 0.375173
vt 0.845240 0.375197
vt 0.851078 0.374387
vt 0.844772 0.374412
vt 0.850812 0.373600
vt 0.844476 0.373626
vt 0.850719 0.372811
vt 0.844371 0.372839
vt 0.844363 0.371838
vt 0.850713 0.371806
vt 0.849569 0.370509
vt 0.843091 0.370538
vt 0.848785 0.369605
vt 0.842216 0.369634
vt 0.848053 0.368702
vt 0.841401 0.368730
vt 0.847423 0.367797
vt 0.840700 0.367825
vt 0.846939 0.366893
vt 0.840161 0.366922
vt 0.846632 0.365988
vt 0.839819 0.366020
vt 0.846524 0.365083
vt 0.839698 0.365117
vt 0.839677 0.361691
vt 0.846506 0.361653
vt 0.845877 0.360937
vt 0.838977 0.360977
vt 0.844417 0.359275
vt 0.837351 0.359314
vt 0.843054 0.357613
vt 0.835833 0.357653
vt 0.841882 0.355950
vt 0.834528 0.355993
vt 0.840980 0.354287
vt 0.833522 0.354333
vt 0.840407 0.352622
vt 0.832886 0.352672
vt 0.840203 0.350957
vt 0.832659 0.351009
vt 0.832647 0.349590
vt 0.840191 0.349536
vt 0.840368 0.347868
vt 0.832846 0.347925
vt 0.840914 0.346199
vt 0.833456 0.346256
vt 0.841791 0.344529
vt 0.834436 0.344585
vt 0.842938 0.342857
vt 0.835717 0.342911
vt 0.844277 0.341185
vt 0.837211 0.341236
vt 0.845714 0.339514
vt 0.838815 0.339562
vt 0.839506 0.338848
vt 0.846331 0.338802
vt 0.844109 0.334112
vt 0.850457 0.334073
vt 0.848716 0.329380
vt 0.854586 0.329351
vt 0.853324 0.324650
vt 0.858716 0.324630
vt 0.859144 0.324142
vt 0.853803 0.324156
vt 0.872800 0.307376
vt 0.872810 0.308627
vt 0.869051 0.308639
vt 0.869040 0.307390
vt 0.873645 0.301763
vt 0.872769 0.302761
vt 0.869006 0.302770
vt 0.869987 0.301769
vt 0.876902 0.297401
vt 0.876907 0.298065
vt 0.873627 0.298064
vt 0.873621 0.297395
vt 0.873745 0.120992
vt 0.877021 0.121014
vt 0.877022 0.122736
vt 0.873751 0.122714
vt 0.873709 0.118610
vt 0.876991 0.118621
vt 0.877000 0.119307
vt 0.873719 0.119294
vt 0.869087 0.113859
vt 0.872844 0.113865
vt 0.873735 0.114883
vt 0.870079 0.114872
vt 0.869038 0.107934
vt 0.872803 0.107936
vt 0.872816 0.109206
vt 0.869054 0.109207
vt 0.853430 0.091732
vt 0.858815 0.091704
vt 0.859267 0.092226
vt 0.853930 0.092212
vt 0.858290 0.091106
vt 0.852851 0.091182
vt 0.848531 0.083920
vt 0.854381 0.083679
vt 0.854420 0.084300
vt 0.848559 0.084507
vt 0.850113 0.079170
vt 0.843770 0.079504
vt 0.849150 0.078183
vt 0.842715 0.078570
vt 0.848143 0.077127
vt 0.841611 0.077571
vt 0.847220 0.076074
vt 0.840599 0.076571
vt 0.846421 0.075018
vt 0.839726 0.075560
vt 0.845783 0.073953
vt 0.839033 0.074533
vt 0.845334 0.072873
vt 0.838551 0.073483
vt 0.845095 0.071773
vt 0.838301 0.072405
vt 0.838100 0.070632
vt 0.844896 0.069991
vt 0.844868 0.068883
vt 0.838085 0.069520
vt 0.845045 0.067755
vt 0.838298 0.068379
vt 0.845416 0.066611
vt 0.838725 0.067210
vt 0.845956 0.065453
vt 0.839341 0.066017
vt 0.846636 0.064289
vt 0.840110 0.064805
vt 0.847417 0.063124
vt 0.840986 0.063582
vt 0.848257 0.061964
vt 0.841921 0.062359
vt 0.848104 0.061774
vt 0.841767 0.062156
vt 0.844337 0.057907
vt 0.837587 0.058302
vt 0.836574 0.053933
vt 0.843400 0.053584
vt 0.843449 0.054045
vt 0.836622 0.054414
vt 0.842936 0.053118
vt 0.836065 0.053457
vt 0.841558 0.051688
vt 0.834541 0.052011
vt 0.840252 0.050252
vt 0.833093 0.050554
vt 0.839077 0.048810
vt 0.831790 0.049087
vt 0.838088 0.047358
vt 0.830695 0.047611
vt 0.837333 0.045897
vt 0.829861 0.046124
vt 0.836846 0.044426
vt 0.829326 0.044626
vt 0.836656 0.042945
vt 0.829118 0.043118
vt 0.828974 0.036474
vt 0.836528 0.036360
vt 0.836548 0.037369
vt 0.828995 0.037512
vt 0.835727 0.035473
vt 0.828085 0.035553
vt 0.822106 0.005781
vt 0.830376 0.005798
vt 0.830371 0.007274
vt 0.822101 0.007258
vt 0.347860 0.169018
vt 0.347887 0.161471
vt 0.354922 0.167730
vt 0.354887 0.176000
vt 0.340829 0.162040
vt 0.340849 0.155214
vt 0.336139 0.157390
vt 0.336157 0.151042
vt 0.331450 0.152738
vt 0.331467 0.146871
vt 0.326761 0.148087
vt 0.326777 0.142699
vt 0.319626 0.142678
vt 0.325541 0.148470
vt 0.232613 0.142473
vt 0.315302 0.142666
vt 0.216222 0.152220
vt 0.220937 0.147618
vt 0.220934 0.148597
vt 0.216216 0.153286
vt 0.211502 0.156820
vt 0.211496 0.157972
vt 0.206782 0.161418
vt 0.206775 0.162658
vt 0.199699 0.168314
vt 0.199691 0.169682
vt 0.192611 0.175206
vt 0.192596 0.176697
vt 0.829424 0.180977
vt 0.829460 0.179502
vt 0.830965 0.179542
vt 0.830927 0.181017
vt 0.823143 0.209990
vt 0.821770 0.209941
vt 0.822678 0.209062
vt 0.824070 0.209107
vt 0.821730 0.210963
vt 0.823102 0.211017
vt 0.821274 0.218029
vt 0.821503 0.216546
vt 0.822874 0.216604
vt 0.822641 0.218090
vt 0.820723 0.219496
vt 0.822081 0.219560
vt 0.819877 0.220948
vt 0.821220 0.221013
vt 0.818773 0.222384
vt 0.820097 0.222450
vt 0.817465 0.223807
vt 0.818767 0.223874
vt 0.816014 0.225218
vt 0.817290 0.225287
vt 0.814488 0.226621
vt 0.815737 0.226696
vt 0.815229 0.227153
vt 0.813989 0.227073
vt 0.813953 0.227530
vt 0.815194 0.227613
vt 0.809980 0.235225
vt 0.808825 0.235140
vt 0.813018 0.231351
vt 0.814243 0.231429
vt 0.809833 0.235415
vt 0.808681 0.235320
vt 0.810802 0.236618
vt 0.809635 0.236505
vt 0.811715 0.237812
vt 0.810530 0.237692
vt 0.812518 0.238997
vt 0.811318 0.238871
vt 0.813166 0.240166
vt 0.811951 0.240036
vt 0.813622 0.241315
vt 0.812397 0.241182
vt 0.813859 0.242439
vt 0.812627 0.242305
vt 0.813863 0.243535
vt 0.812627 0.243403
vt 0.812441 0.245165
vt 0.813675 0.245296
vt 0.813435 0.246367
vt 0.812203 0.246233
vt 0.812956 0.247409
vt 0.811730 0.247276
vt 0.812261 0.248425
vt 0.811046 0.248296
vt 0.811379 0.249420
vt 0.810177 0.249297
vt 0.810351 0.250401
vt 0.809166 0.250287
vt 0.809227 0.251375
vt 0.808060 0.251272
vt 0.808148 0.252280
vt 0.806997 0.252191
vt 0.803229 0.256580
vt 0.802166 0.256507
vt 0.802126 0.257091
vt 0.803192 0.257159
vt 0.798053 0.264212
vt 0.797073 0.264158
vt 0.797667 0.263628
vt 0.798654 0.263682
vt 0.796003 0.265141
vt 0.796961 0.265179
vt 0.781061 0.280262
vt 0.781081 0.279869
vt 0.781764 0.279895
vt 0.781746 0.280287
vt 0.780652 0.285945
vt 0.780831 0.285780
vt 0.781513 0.285812
vt 0.781334 0.285974
vt 0.775986 0.290669
vt 0.776015 0.290318
vt 0.776611 0.290348
vt 0.776585 0.290697
vt 0.775830 0.294351
vt 0.775880 0.292650
vt 0.776460 0.292665
vt 0.776408 0.294365
vt 0.776360 0.469722
vt 0.775764 0.469710
vt 0.775775 0.469359
vt 0.776370 0.469371
vt 0.781011 0.474461
vt 0.780327 0.474454
vt 0.780169 0.474290
vt 0.780849 0.474297
vt 0.780973 0.480331
vt 0.780289 0.480328
vt 0.780291 0.479955
vt 0.780975 0.479958
vt 0.796880 0.496447
vt 0.795901 0.496445
vt 0.794950 0.495302
vt 0.795911 0.495306
vt 0.800445 0.501258
vt 0.801513 0.501261
vt 0.805052 0.505975
vt 0.806206 0.505979
vt 0.809654 0.510698
vt 0.810895 0.510703
vt 0.810345 0.511409
vt 0.811599 0.511415
vt 0.813235 0.513085
vt 0.811950 0.513078
vt 0.814758 0.514753
vt 0.813445 0.514746
vt 0.816064 0.516420
vt 0.814727 0.516413
vt 0.817065 0.518085
vt 0.815709 0.518078
vt 0.817690 0.519747
vt 0.816323 0.519740
vt 0.817898 0.521407
vt 0.816527 0.521400
vt 0.816519 0.522814
vt 0.817891 0.522821
vt 0.817667 0.524477
vt 0.816299 0.524471
vt 0.817025 0.526133
vt 0.815669 0.526127
vt 0.816009 0.527787
vt 0.814672 0.527781
vt 0.814687 0.529438
vt 0.813374 0.529433
vt 0.813149 0.531089
vt 0.811864 0.531084
vt 0.811500 0.532740
vt 0.810246 0.532736
vt 0.810792 0.533444
vt 0.809551 0.533440
vt 0.809541 0.536857
vt 0.810782 0.536860
vt 0.810664 0.537752
vt 0.809425 0.537749
vt 0.810320 0.538643
vt 0.809088 0.538640
vt 0.809775 0.539533
vt 0.808552 0.539530
vt 0.809065 0.540423
vt 0.807857 0.540420
vt 0.808240 0.541312
vt 0.807046 0.541309
vt 0.807354 0.542202
vt 0.806177 0.542200
vt 0.806064 0.543488
vt 0.804910 0.543486
vt 0.804909 0.544477
vt 0.806063 0.544478
vt 0.805961 0.545254
vt 0.804809 0.545253
vt 0.805664 0.546029
vt 0.804517 0.546028
vt 0.805191 0.546805
vt 0.804053 0.546804
vt 0.804575 0.547581
vt 0.803449 0.547580
vt 0.803857 0.548357
vt 0.802744 0.548355
vt 0.803087 0.549132
vt 0.801988 0.549131
vt 0.801352 0.550864
vt 0.800285 0.550862
vt 0.800282 0.553436
vt 0.801348 0.553437
vt 0.801246 0.554213
vt 0.800181 0.554212
vt 0.800948 0.554989
vt 0.799889 0.554987
vt 0.800474 0.555763
vt 0.799424 0.555761
vt 0.799857 0.556538
vt 0.798818 0.556535
vt 0.799139 0.557312
vt 0.798113 0.557308
vt 0.798367 0.558085
vt 0.797356 0.558081
vt 0.796578 0.559914
vt 0.795598 0.559913
vt 0.795551 0.588345
vt 0.796533 0.587713
vt 0.796493 0.780578
vt 0.796472 0.815882
vt 0.794868 0.815881
vt 0.794889 0.778710
vt 0.797642 0.817084
vt 0.796002 0.817082
vt 0.798554 0.818005
vt 0.796886 0.818004
vt 0.799404 0.818926
vt 0.797711 0.818925
vt 0.800135 0.819846
vt 0.798419 0.819846
vt 0.800696 0.820767
vt 0.798963 0.820767
vt 0.801049 0.821687
vt 0.799306 0.821688
vt 0.801170 0.822607
vt 0.799423 0.822609
vt 0.801171 0.823785
vt 0.799424 0.823786
vt 0.802349 0.824960
vt 0.800566 0.824962
vt 0.803261 0.825880
vt 0.801452 0.825882
vt 0.804113 0.826801
vt 0.802277 0.826802
vt 0.804844 0.827720
vt 0.802986 0.827723
vt 0.805406 0.828640
vt 0.803531 0.828642
vt 0.805759 0.829560
vt 0.803873 0.829562
vt 0.805880 0.830480
vt 0.803991 0.830482
vt 0.805881 0.831656
vt 0.803991 0.831657
vt 0.807059 0.832830
vt 0.805133 0.832832
vt 0.808876 0.834665
vt 0.806896 0.834668
vt 0.810516 0.836502
vt 0.808487 0.836505
vt 0.811819 0.838339
vt 0.809748 0.838340
vt 0.812655 0.840175
vt 0.810560 0.840176
vt 0.812944 0.842012
vt 0.810840 0.842013
vt 0.812657 0.843850
vt 0.810562 0.843851
vt 0.811823 0.845687
vt 0.809754 0.845687
vt 0.810522 0.847524
vt 0.808492 0.847524
vt 0.808884 0.849361
vt 0.806903 0.849360
vt 0.807068 0.851197
vt 0.805143 0.851197
vt 0.805891 0.852371
vt 0.804001 0.852372
vt 0.805891 0.853545
vt 0.804002 0.853545
vt 0.805772 0.854465
vt 0.803886 0.854464
vt 0.805419 0.855384
vt 0.803544 0.855383
vt 0.804858 0.856305
vt 0.802999 0.856304
vt 0.804127 0.857224
vt 0.802291 0.857225
vt 0.803277 0.858145
vt 0.801466 0.858145
vt 0.802363 0.859066
vt 0.800580 0.859066
vt 0.801187 0.860242
vt 0.799440 0.860243
vt 0.801187 0.861419
vt 0.799440 0.861419
vt 0.801067 0.862340
vt 0.799324 0.862341
vt 0.800714 0.863261
vt 0.798981 0.863261
vt 0.800153 0.864182
vt 0.798438 0.864183
vt 0.799423 0.865103
vt 0.797730 0.865104
vt 0.798572 0.866024
vt 0.796906 0.866026
vt 0.797661 0.866947
vt 0.796020 0.866949
vt 0.796496 0.868170
vt 0.794892 0.868171
vt 0.796497 0.904085
vt 0.794894 0.904086
vt 0.800099 0.907678
vt 0.798386 0.907680
vt 0.801206 0.909229
vt 0.801208 0.911745
vt 0.799462 0.911746
vt 0.799460 0.909229
vt 0.802386 0.912922
vt 0.800605 0.912923
vt 0.803958 0.914502
vt 0.802129 0.914503
vt 0.805451 0.916083
vt 0.803576 0.916084
vt 0.806791 0.917664
vt 0.804876 0.917665
vt 0.807910 0.919245
vt 0.805962 0.919246
vt 0.808754 0.920825
vt 0.806780 0.920828
vt 0.809279 0.922407
vt 0.807288 0.922410
vt 0.809459 0.923990
vt 0.807463 0.923991
vt 0.820774 0.943967
vt 0.818436 0.943967
vt 0.823051 0.946247
vt 0.820644 0.946247
vt 0.823577 0.946774
vt 0.823578 0.947441
vt 0.821156 0.947442
vt 0.821154 0.946775
vt 0.823581 0.951486
vt 0.823967 0.951874
vt 0.821533 0.951874
vt 0.821158 0.951486
vt 0.828287 0.956194
vt 0.828287 0.956666
vt 0.825722 0.956668
vt 0.825722 0.956196
vt 0.828291 0.963018
vt 0.828293 0.971584
vt 0.825727 0.971585
vt 0.825725 0.963020
vt 0.828297 0.983344
vt 0.825731 0.983346
vt 0.828300 0.989868
vt 0.828301 0.991055
vt 0.825735 0.991057
vt 0.825735 0.989870
vt 0.175247 0.990188
vt 0.170523 0.985504
vt 0.170514 0.983078
vt 0.175236 0.987623
vt 0.156395 0.971407
vt 0.156388 0.969407
vt 0.148155 0.963182
vt 0.148149 0.961434
vt 0.143443 0.958486
vt 0.143437 0.956882
vt 0.049067 0.952336
vt 0.131758 0.952362
vt 0.039081 0.958102
vt 0.044737 0.952350
vt 0.037598 0.957681
vt 0.032899 0.962317
vt 0.032885 0.956533
vt 0.037583 0.952368
vt 0.024672 0.970422
vt 0.024657 0.963813
vt 0.010575 0.984321
vt 0.010551 0.976292
vt 0.005890 0.988966
vt 0.005858 0.980463
vt 0.836723 0.818337
vt 0.836722 0.819527
vt 0.836726 0.800046
vt 0.836725 0.811810
vt 0.836726 0.791479
vt 0.836728 0.784653
vt 0.836727 0.785127
vt 0.840557 0.779944
vt 0.840243 0.780333
vt 0.840561 0.775229
vt 0.840560 0.775897
vt 0.842844 0.772420
vt 0.840990 0.774701
vt 0.852051 0.752441
vt 0.852198 0.750858
vt 0.852625 0.749274
vt 0.853310 0.747690
vt 0.854222 0.746106
vt 0.855312 0.744523
vt 0.856526 0.742941
vt 0.857805 0.741358
vt 0.858763 0.740179
vt 0.858764 0.737661
vt 0.862593 0.732512
vt 0.859665 0.736109
vt 0.862625 0.696586
vt 0.861688 0.695356
vt 0.860944 0.694438
vt 0.860252 0.693522
vt 0.859657 0.692603
vt 0.859201 0.691684
vt 0.858914 0.690763
vt 0.858817 0.689841
vt 0.858818 0.688661
vt 0.857861 0.687478
vt 0.857118 0.686551
vt 0.856426 0.685624
vt 0.855831 0.684697
vt 0.855375 0.683770
vt 0.855088 0.682843
vt 0.854990 0.681916
vt 0.854991 0.680732
vt 0.854034 0.679547
vt 0.852556 0.677699
vt 0.851223 0.675852
vt 0.850165 0.674003
vt 0.849485 0.672155
vt 0.849252 0.670305
vt 0.849485 0.668455
vt 0.850165 0.666606
vt 0.851222 0.664758
vt 0.852555 0.662910
vt 0.854032 0.661064
vt 0.854988 0.659880
vt 0.854987 0.658698
vt 0.855084 0.657771
vt 0.855370 0.656844
vt 0.855826 0.655918
vt 0.856419 0.654993
vt 0.857110 0.654069
vt 0.857852 0.653149
vt 0.858809 0.651976
vt 0.858808 0.650804
vt 0.858905 0.649888
vt 0.859192 0.648971
vt 0.859648 0.648056
vt 0.860243 0.647141
vt 0.860936 0.646226
vt 0.861680 0.645309
vt 0.862638 0.644139
vt 0.862667 0.601687
vt 0.862798 0.419979
vt 0.862795 0.388267
vt 0.861357 0.386493
vt 0.860729 0.385717
vt 0.860143 0.384942
vt 0.859640 0.384164
vt 0.859253 0.383386
vt 0.859008 0.382607
vt 0.858922 0.381826
vt 0.858914 0.379247
vt 0.857498 0.377510
vt 0.856869 0.376727
vt 0.856283 0.375942
vt 0.855779 0.375156
vt 0.855391 0.374370
vt 0.855146 0.373582
vt 0.855059 0.372793
vt 0.855055 0.371788
vt 0.854000 0.370490
vt 0.853277 0.369585
vt 0.852602 0.368681
vt 0.852021 0.367777
vt 0.851574 0.366872
vt 0.851291 0.365967
vt 0.851191 0.365062
vt 0.851176 0.361633
vt 0.850595 0.360915
vt 0.849249 0.359250
vt 0.847992 0.357584
vt 0.846911 0.355919
vt 0.846079 0.354254
vt 0.845550 0.352587
vt 0.845362 0.350918
vt 0.845350 0.349494
vt 0.845512 0.347825
vt 0.846014 0.346156
vt 0.846821 0.344485
vt 0.847877 0.342816
vt 0.849109 0.341148
vt 0.850432 0.339481
vt 0.850996 0.338770
vt 0.854798 0.334050
vt 0.858602 0.329334
vt 0.862407 0.324622
vt 0.862792 0.324133
vt 0.875369 0.307367
vt 0.875381 0.308621
vt 0.876147 0.301758
vt 0.875343 0.302751
vt 0.879144 0.297408
vt 0.879152 0.298068
vt 0.879259 0.121030
vt 0.879267 0.122768
vt 0.879231 0.118630
vt 0.879239 0.119314
vt 0.875414 0.113863
vt 0.876237 0.114888
vt 0.875376 0.107940
vt 0.875393 0.109206
vt 0.862497 0.091700
vt 0.862921 0.092236
vt 0.861997 0.091089
vt 0.858354 0.083596
vt 0.858439 0.084200
vt 0.854473 0.078951
vt 0.853550 0.077905
vt 0.852607 0.076791
vt 0.851741 0.075686
vt 0.850993 0.074586
vt 0.850392 0.073488
vt 0.849965 0.072389
vt 0.849724 0.071286
vt 0.849549 0.069500
vt 0.849504 0.068390
vt 0.849656 0.067277
vt 0.849989 0.066161
vt 0.850482 0.065048
vt 0.851104 0.063941
vt 0.851821 0.062845
vt 0.852595 0.061764
vt 0.852401 0.061615
vt 0.848990 0.057635
vt 0.848069 0.053373
vt 0.848139 0.053814
vt 0.847625 0.052918
vt 0.846357 0.051474
vt 0.845149 0.050034
vt 0.844060 0.048596
vt 0.843144 0.047156
vt 0.842443 0.045716
vt 0.841987 0.044274
vt 0.841794 0.042833
vt 0.841695 0.036307
vt 0.841734 0.037291
vt 0.840944 0.035441
vt 0.836038 0.005801
vt 0.836038 0.007282
vt 0.347903 0.156309
vt 0.354945 0.162073
vt 0.340860 0.150545
vt 0.336169 0.146702
vt 0.331478 0.142858
vt 0.326786 0.139015
vt 0.319635 0.138994
vt 0.232625 0.138786
vt 0.315312 0.138982
vt 0.216257 0.142567
vt 0.220967 0.138753
vt 0.220955 0.142437
vt 0.216242 0.146578
vt 0.211545 0.146380
vt 0.211527 0.150719
vt 0.206830 0.150192
vt 0.206810 0.154857
vt 0.199755 0.155911
vt 0.199733 0.161065
vt 0.192679 0.161630
vt 0.192653 0.167271
vt 0.815811 0.180623
vt 0.815852 0.179143
vt 0.821512 0.179297
vt 0.821476 0.180772
vt 0.814517 0.209675
vt 0.809354 0.209505
vt 0.810123 0.208654
vt 0.815337 0.208813
vt 0.809301 0.210490
vt 0.814475 0.210677
vt 0.808906 0.217475
vt 0.809118 0.216034
vt 0.814260 0.216242
vt 0.814047 0.217709
vt 0.808434 0.218909
vt 0.813542 0.219161
vt 0.807718 0.220336
vt 0.812772 0.220598
vt 0.806790 0.221756
vt 0.811770 0.222023
vt 0.805691 0.223172
vt 0.810585 0.223437
vt 0.804475 0.224585
vt 0.809271 0.224843
vt 0.803201 0.225998
vt 0.807889 0.226244
vt 0.807434 0.226690
vt 0.802771 0.226436
vt 0.802717 0.226865
vt 0.807396 0.227134
vt 0.802738 0.234736
vt 0.798432 0.234520
vt 0.801890 0.230626
vt 0.806530 0.230927
vt 0.802601 0.234900
vt 0.798269 0.234655
vt 0.803456 0.236040
vt 0.799057 0.235737
vt 0.804256 0.237184
vt 0.799791 0.236832
vt 0.804957 0.238326
vt 0.800431 0.237928
vt 0.805518 0.239460
vt 0.800943 0.239023
vt 0.805909 0.240583
vt 0.801296 0.240113
vt 0.806104 0.241690
vt 0.801468 0.241199
vt 0.806094 0.242777
vt 0.801442 0.242279
vt 0.801276 0.244037
vt 0.805908 0.244537
vt 0.805681 0.245616
vt 0.801050 0.245116
vt 0.805242 0.246675
vt 0.800634 0.246191
vt 0.804612 0.247719
vt 0.800041 0.247260
vt 0.803817 0.248751
vt 0.799296 0.248325
vt 0.802892 0.249776
vt 0.798431 0.249388
vt 0.801879 0.250800
vt 0.797483 0.250452
vt 0.800907 0.251754
vt 0.796553 0.251448
vt 0.796546 0.256151
vt 0.792572 0.255967
vt 0.792481 0.256544
vt 0.796497 0.256753
vt 0.791894 0.263977
vt 0.788209 0.263852
vt 0.788738 0.263273
vt 0.792441 0.263402
vt 0.787289 0.264900
vt 0.790921 0.265005
vt 0.774853 0.280099
vt 0.774918 0.279748
vt 0.777470 0.279780
vt 0.777444 0.280157
vt 0.774471 0.285727
vt 0.774655 0.285572
vt 0.777221 0.285661
vt 0.777050 0.285820
vt 0.770582 0.290544
vt 0.770621 0.290196
vt 0.772863 0.290238
vt 0.772829 0.290593
vt 0.770455 0.294291
vt 0.770493 0.292561
vt 0.772734 0.292600
vt 0.772690 0.294317
vt 0.772609 0.469682
vt 0.770365 0.469666
vt 0.770380 0.469307
vt 0.772622 0.469327
vt 0.776712 0.474428
vt 0.774141 0.474406
vt 0.774017 0.474235
vt 0.776571 0.474259
vt 0.776675 0.480314
vt 0.774103 0.480306
vt 0.774109 0.479925
vt 0.776677 0.479937
vt 0.790720 0.496433
vt 0.787035 0.496422
vt 0.786262 0.495274
vt 0.789872 0.495289
vt 0.790792 0.501239
vt 0.794804 0.501246
vt 0.794613 0.505947
vt 0.798951 0.505957
vt 0.798431 0.510655
vt 0.803094 0.510672
vt 0.799000 0.511360
vt 0.803715 0.511381
vt 0.805159 0.513046
vt 0.800330 0.513019
vt 0.806504 0.514712
vt 0.801569 0.514681
vt 0.807657 0.516377
vt 0.802630 0.516343
vt 0.808540 0.518040
vt 0.803443 0.518006
vt 0.809092 0.519702
vt 0.803951 0.519668
vt 0.809274 0.521362
vt 0.804118 0.521329
vt 0.804111 0.522743
vt 0.809268 0.522776
vt 0.809069 0.524434
vt 0.803927 0.524402
vt 0.808501 0.526090
vt 0.803403 0.526058
vt 0.807601 0.527745
vt 0.802574 0.527714
vt 0.806433 0.529400
vt 0.801497 0.529372
vt 0.805073 0.531054
vt 0.800244 0.531034
vt 0.803615 0.532709
vt 0.798901 0.532695
vt 0.802990 0.533415
vt 0.798323 0.533404
vt 0.798316 0.536824
vt 0.802980 0.536834
vt 0.802875 0.537727
vt 0.798218 0.537717
vt 0.802572 0.538619
vt 0.797938 0.538612
vt 0.802090 0.539511
vt 0.797494 0.539507
vt 0.801463 0.540404
vt 0.796916 0.540400
vt 0.800733 0.541296
vt 0.796244 0.541293
vt 0.799950 0.542189
vt 0.795522 0.542187
vt 0.798810 0.543478
vt 0.794472 0.543478
vt 0.794471 0.544471
vt 0.798809 0.544470
vt 0.798718 0.545247
vt 0.794388 0.545248
vt 0.798455 0.546022
vt 0.794145 0.546024
vt 0.798038 0.546798
vt 0.793760 0.546799
vt 0.797493 0.547573
vt 0.793259 0.547573
vt 0.796859 0.548349
vt 0.792675 0.548346
vt 0.796178 0.549124
vt 0.792047 0.549120
vt 0.794645 0.550855
vt 0.790635 0.550851
vt 0.790632 0.553422
vt 0.794642 0.553427
vt 0.794551 0.554202
vt 0.790548 0.554194
vt 0.794288 0.554976
vt 0.790305 0.554965
vt 0.793869 0.555749
vt 0.789920 0.555736
vt 0.793323 0.556521
vt 0.789417 0.556505
vt 0.792689 0.557292
vt 0.788832 0.557274
vt 0.792007 0.558063
vt 0.788204 0.558044
vt 0.790419 0.559904
vt 0.786736 0.559896
vt 0.786677 0.591686
vt 0.790367 0.591687
vt 0.786648 0.773397
vt 0.790331 0.773399
vt 0.786625 0.815877
vt 0.790311 0.815881
vt 0.787569 0.817077
vt 0.791341 0.817083
vt 0.792146 0.818005
vt 0.788311 0.818000
vt 0.792897 0.818928
vt 0.789003 0.818926
vt 0.793543 0.819850
vt 0.789598 0.819850
vt 0.794039 0.820772
vt 0.790056 0.820774
vt 0.794351 0.821694
vt 0.790343 0.821698
vt 0.794459 0.822615
vt 0.790441 0.822621
vt 0.790442 0.823797
vt 0.794460 0.823793
vt 0.791400 0.824972
vt 0.795500 0.824967
vt 0.796306 0.825888
vt 0.792144 0.825893
vt 0.797059 0.826808
vt 0.792837 0.826814
vt 0.797705 0.827729
vt 0.793433 0.827733
vt 0.798202 0.828648
vt 0.793889 0.828652
vt 0.798513 0.829568
vt 0.794177 0.829573
vt 0.798620 0.830488
vt 0.794276 0.830492
vt 0.794276 0.831668
vt 0.798621 0.831664
vt 0.795235 0.832840
vt 0.799661 0.832838
vt 0.801268 0.834674
vt 0.796714 0.834675
vt 0.802717 0.836510
vt 0.798050 0.836512
vt 0.803867 0.838346
vt 0.799109 0.838349
vt 0.804606 0.840182
vt 0.799790 0.840185
vt 0.804862 0.842018
vt 0.800025 0.842022
vt 0.804608 0.843855
vt 0.799792 0.843860
vt 0.803871 0.845691
vt 0.799113 0.845697
vt 0.802723 0.847528
vt 0.798056 0.847533
vt 0.801276 0.849364
vt 0.796722 0.849369
vt 0.799671 0.851201
vt 0.795244 0.851207
vt 0.798630 0.852376
vt 0.794288 0.852380
vt 0.794287 0.853554
vt 0.798632 0.853550
vt 0.798526 0.854470
vt 0.794189 0.854473
vt 0.798214 0.855389
vt 0.793902 0.855393
vt 0.797719 0.856309
vt 0.793446 0.856313
vt 0.797073 0.857230
vt 0.792851 0.857234
vt 0.796321 0.858150
vt 0.792159 0.858153
vt 0.795514 0.859071
vt 0.791415 0.859074
vt 0.794475 0.860248
vt 0.790457 0.860251
vt 0.790457 0.861427
vt 0.794475 0.861424
vt 0.794368 0.862345
vt 0.790360 0.862348
vt 0.794057 0.863266
vt 0.790073 0.863269
vt 0.793562 0.864187
vt 0.789617 0.864191
vt 0.792917 0.865110
vt 0.789022 0.865115
vt 0.792165 0.866031
vt 0.788330 0.866036
vt 0.791359 0.866953
vt 0.787587 0.866957
vt 0.790333 0.868173
vt 0.786645 0.868175
vt 0.786652 0.904089
vt 0.790337 0.904088
vt 0.789581 0.907686
vt 0.793518 0.907683
vt 0.790486 0.911749
vt 0.790484 0.909235
vt 0.794497 0.909232
vt 0.794500 0.911749
vt 0.791445 0.912925
vt 0.795540 0.912925
vt 0.796930 0.914505
vt 0.792725 0.914506
vt 0.798249 0.916085
vt 0.793941 0.916086
vt 0.799433 0.917666
vt 0.795032 0.917667
vt 0.800422 0.919248
vt 0.795943 0.919249
vt 0.801168 0.920829
vt 0.796631 0.920830
vt 0.801632 0.922411
vt 0.797058 0.922411
vt 0.801791 0.923993
vt 0.797205 0.923993
vt 0.806418 0.943969
vt 0.811791 0.943969
vt 0.808273 0.946247
vt 0.813804 0.946248
vt 0.808704 0.947439
vt 0.808702 0.946773
vt 0.814268 0.946775
vt 0.814270 0.947442
vt 0.809021 0.951870
vt 0.808706 0.951481
vt 0.814272 0.951486
vt 0.814614 0.951874
vt 0.812537 0.956670
vt 0.812537 0.956196
vt 0.818431 0.956197
vt 0.818431 0.956670
vt 0.812542 0.971592
vt 0.812540 0.963025
vt 0.818434 0.963022
vt 0.818437 0.971588
vt 0.812545 0.983355
vt 0.818440 0.983350
vt 0.812549 0.991070
vt 0.812548 0.989881
vt 0.818443 0.989874
vt 0.818444 0.991061
vt 0.170493 0.976190
vt 0.170475 0.970621
vt 0.175182 0.974441
vt 0.175209 0.980332
vt 0.156374 0.963733
vt 0.156360 0.959145
vt 0.148135 0.956469
vt 0.148123 0.952456
vt 0.143422 0.952325
vt 0.143412 0.948641
vt 0.049053 0.948654
vt 0.131746 0.948674
vt 0.044725 0.948666
vt 0.037573 0.948681
vt 0.032873 0.952520
vt 0.024644 0.959228
vt 0.010531 0.970722
vt 0.005830 0.974559
vt 0.166805 0.825582
vt 0.159893 0.825605
vt 0.163990 0.820843
vt 0.171307 0.820829
vt 0.153344 0.839708
vt 0.147650 0.839723
vt 0.145493 0.847947
vt 0.140510 0.847960
vt 0.141010 0.852658
vt 0.136436 0.852671
vt 0.141554 0.853367
vt 0.136456 0.860102
vt 0.136458 0.952346
vt 0.136444 0.948659
vt 0.142535 0.958490
vt 0.136477 0.958510
vt 0.142984 0.957226
vt 0.140573 0.963205
vt 0.147168 0.963188
vt 0.147732 0.971432
vt 0.155268 0.971414
vt 0.159998 0.985537
vt 0.169151 0.985511
vt 0.164098 0.990230
vt 0.173791 0.990196
vt 0.199007 0.988761
vt 0.199007 0.989948
vt 0.189319 0.989949
vt 0.189319 0.988761
vt 0.199005 0.970477
vt 0.199006 0.982237
vt 0.189318 0.982238
vt 0.189317 0.970478
vt 0.199004 0.961912
vt 0.189316 0.961913
vt 0.199003 0.955089
vt 0.199003 0.955561
vt 0.189315 0.955562
vt 0.189315 0.955091
vt 0.203084 0.950380
vt 0.202750 0.950767
vt 0.193556 0.950769
vt 0.193934 0.950381
vt 0.203078 0.945670
vt 0.203080 0.946337
vt 0.193930 0.946339
vt 0.193929 0.945673
vt 0.205507 0.942864
vt 0.203533 0.945143
vt 0.194443 0.945147
vt 0.196677 0.942868
vt 0.215319 0.922881
vt 0.207783 0.922885
vt 0.215470 0.921299
vt 0.207955 0.921304
vt 0.215921 0.919717
vt 0.208465 0.919723
vt 0.216647 0.918134
vt 0.209287 0.918140
vt 0.217614 0.916551
vt 0.210381 0.916557
vt 0.218771 0.914968
vt 0.211691 0.914974
vt 0.220063 0.913385
vt 0.213153 0.913390
vt 0.221423 0.911802
vt 0.214693 0.911806
vt 0.222444 0.910624
vt 0.215848 0.910627
vt 0.222441 0.908106
vt 0.215845 0.908110
vt 0.226523 0.902956
vt 0.223400 0.906553
vt 0.216932 0.906555
vt 0.220466 0.902956
vt 0.226492 0.867051
vt 0.220434 0.867047
vt 0.225427 0.865839
vt 0.219234 0.865832
vt 0.224636 0.864915
vt 0.218338 0.864909
vt 0.223898 0.863992
vt 0.217503 0.863987
vt 0.223265 0.863069
vt 0.216786 0.863065
vt 0.222779 0.862146
vt 0.216236 0.862144
vt 0.222473 0.861224
vt 0.215890 0.861223
vt 0.222368 0.860302
vt 0.215771 0.860301
vt 0.222368 0.859125
vt 0.215771 0.859124
vt 0.221347 0.857948
vt 0.214615 0.857948
vt 0.220554 0.857027
vt 0.213717 0.857027
vt 0.219815 0.856106
vt 0.212881 0.856106
vt 0.219179 0.855185
vt 0.212162 0.855184
vt 0.218692 0.854264
vt 0.211611 0.854263
vt 0.218386 0.853343
vt 0.211264 0.853343
vt 0.218281 0.852422
vt 0.211146 0.852423
vt 0.218281 0.851246
vt 0.211145 0.851247
vt 0.217259 0.850071
vt 0.209989 0.850072
vt 0.215681 0.848233
vt 0.208203 0.848235
vt 0.214257 0.846395
vt 0.206591 0.846397
vt 0.213127 0.844559
vt 0.205312 0.844560
vt 0.212402 0.842722
vt 0.204492 0.842722
vt 0.212152 0.840885
vt 0.204209 0.840885
vt 0.212402 0.839049
vt 0.204491 0.839048
vt 0.213128 0.837214
vt 0.205313 0.837213
vt 0.214258 0.835380
vt 0.206593 0.835378
vt 0.215683 0.833546
vt 0.208205 0.833544
vt 0.217263 0.831712
vt 0.209993 0.831711
vt 0.218285 0.830540
vt 0.211150 0.830540
vt 0.218286 0.829367
vt 0.211151 0.829366
vt 0.218392 0.828450
vt 0.211270 0.828448
vt 0.218698 0.827533
vt 0.211617 0.827530
vt 0.219187 0.826614
vt 0.212169 0.826612
vt 0.219822 0.825695
vt 0.212889 0.825694
vt 0.220562 0.824776
vt 0.213726 0.824775
vt 0.221356 0.823855
vt 0.214623 0.823855
vt 0.222378 0.822679
vt 0.215781 0.822681
vt 0.222379 0.821503
vt 0.215782 0.821505
vt 0.222484 0.820583
vt 0.215901 0.820585
vt 0.222791 0.819663
vt 0.216248 0.819665
vt 0.223279 0.818742
vt 0.216800 0.818744
vt 0.223914 0.817820
vt 0.217519 0.817823
vt 0.224654 0.816900
vt 0.218355 0.816902
vt 0.225447 0.815979
vt 0.219253 0.815980
vt 0.226519 0.814758
vt 0.220464 0.814758
vt 0.226565 0.772256
vt 0.220508 0.778497
vt 0.219635 0.586567
vt 0.219521 0.558844
vt 0.221497 0.558849
vt 0.221611 0.587694
vt 0.217675 0.557076
vt 0.219715 0.557085
vt 0.216909 0.556297
vt 0.218977 0.556306
vt 0.216196 0.555518
vt 0.218291 0.555528
vt 0.215584 0.554740
vt 0.217702 0.554750
vt 0.215116 0.553962
vt 0.217251 0.553972
vt 0.214823 0.553184
vt 0.216970 0.553194
vt 0.214725 0.552407
vt 0.216876 0.552418
vt 0.214737 0.549833
vt 0.216888 0.549845
vt 0.213013 0.548088
vt 0.215228 0.548101
vt 0.212249 0.547305
vt 0.214493 0.547320
vt 0.211538 0.546522
vt 0.213808 0.546537
vt 0.210928 0.545740
vt 0.213221 0.545755
vt 0.210461 0.544959
vt 0.212772 0.544975
vt 0.210170 0.544180
vt 0.212491 0.544196
vt 0.210074 0.543404
vt 0.212400 0.543420
vt 0.210082 0.542413
vt 0.212407 0.542429
vt 0.208804 0.541116
vt 0.211178 0.541133
vt 0.207928 0.540218
vt 0.210335 0.540237
vt 0.207111 0.539321
vt 0.209550 0.539342
vt 0.206412 0.538427
vt 0.208876 0.538447
vt 0.205877 0.537533
vt 0.208361 0.537555
vt 0.205544 0.536643
vt 0.208042 0.536664
vt 0.205437 0.535756
vt 0.207938 0.535777
vt 0.205465 0.532345
vt 0.207965 0.532366
vt 0.204765 0.531639
vt 0.207293 0.531659
vt 0.203136 0.529976
vt 0.205725 0.529995
vt 0.201619 0.528312
vt 0.204265 0.528333
vt 0.200319 0.526651
vt 0.203014 0.526672
vt 0.199325 0.524991
vt 0.202058 0.525016
vt 0.198706 0.523336
vt 0.201464 0.523361
vt 0.198506 0.521686
vt 0.201271 0.521712
vt 0.198519 0.520283
vt 0.201284 0.520309
vt 0.198751 0.518638
vt 0.201507 0.518666
vt 0.199400 0.516998
vt 0.202133 0.517025
vt 0.200423 0.515363
vt 0.203118 0.515390
vt 0.201751 0.513731
vt 0.204398 0.513757
vt 0.203294 0.512103
vt 0.205885 0.512127
vt 0.204948 0.510474
vt 0.207476 0.510495
vt 0.205652 0.509788
vt 0.208156 0.509809
vt 0.210387 0.505138
vt 0.212713 0.505157
vt 0.215113 0.500482
vt 0.217263 0.500497
vt 0.219837 0.495827
vt 0.221810 0.495835
vt 0.220810 0.494861
vt 0.222750 0.494869
vt 0.235877 0.479960
vt 0.235873 0.479372
vt 0.237248 0.479374
vt 0.237254 0.479960
vt 0.235881 0.474119
vt 0.236676 0.473339
vt 0.238027 0.473358
vt 0.237260 0.474129
vt 0.240643 0.469546
vt 0.240638 0.468930
vt 0.241845 0.468940
vt 0.241844 0.469554
vt 0.240051 0.294399
vt 0.240013 0.292691
vt 0.241219 0.292667
vt 0.241240 0.294369
vt 0.240018 0.290957
vt 0.240022 0.290312
vt 0.241226 0.290315
vt 0.241221 0.290958
vt 0.236150 0.286355
vt 0.235361 0.285551
vt 0.236740 0.285562
vt 0.237496 0.286366
vt 0.235394 0.280264
vt 0.235394 0.279654
vt 0.236774 0.279659
vt 0.236772 0.280272
vt 0.220468 0.264517
vt 0.219484 0.263502
vt 0.221459 0.263524
vt 0.222403 0.264535
vt 0.218915 0.262902
vt 0.220913 0.262931
vt 0.214882 0.255984
vt 0.214884 0.255373
vt 0.217038 0.255417
vt 0.217033 0.256021
vt 0.210379 0.250597
vt 0.212697 0.250661
vt 0.209397 0.249543
vt 0.211754 0.249607
vt 0.208396 0.248405
vt 0.210792 0.248473
vt 0.207504 0.247270
vt 0.209934 0.247342
vt 0.206764 0.246138
vt 0.209225 0.246212
vt 0.206217 0.245012
vt 0.208699 0.245089
vt 0.205890 0.243893
vt 0.208386 0.243969
vt 0.205801 0.242783
vt 0.208300 0.242857
vt 0.205853 0.240998
vt 0.208353 0.241070
vt 0.206007 0.239899
vt 0.208503 0.239970
vt 0.206397 0.238808
vt 0.208880 0.238875
vt 0.207005 0.237724
vt 0.209466 0.237788
vt 0.207801 0.236644
vt 0.210234 0.236705
vt 0.208747 0.235570
vt 0.211146 0.235626
vt 0.209795 0.234497
vt 0.212156 0.234550
vt 0.210895 0.233423
vt 0.213217 0.233476
vt 0.210768 0.233232
vt 0.213096 0.233285
vt 0.206843 0.229093
vt 0.209317 0.229156
vt 0.206244 0.225215
vt 0.206254 0.224760
vt 0.208756 0.224812
vt 0.208745 0.225267
vt 0.205794 0.224273
vt 0.208313 0.224324
vt 0.204360 0.222764
vt 0.206932 0.222815
vt 0.202996 0.221260
vt 0.205622 0.221311
vt 0.201776 0.219762
vt 0.204448 0.219810
vt 0.200760 0.218270
vt 0.203470 0.218316
vt 0.199999 0.216786
vt 0.202740 0.216829
vt 0.199536 0.215309
vt 0.202294 0.215348
vt 0.199390 0.213838
vt 0.202154 0.213874
vt 0.199458 0.208274
vt 0.199470 0.207275
vt 0.202233 0.207303
vt 0.202221 0.208306
vt 0.198589 0.206383
vt 0.201386 0.206408
vt 0.192588 0.178164
vt 0.195622 0.176709
vt 0.195615 0.178181
vt 0.202452 0.169692
vt 0.209274 0.162667
vt 0.213820 0.157981
vt 0.218364 0.153292
vt 0.222908 0.148603
vt 0.222438 0.148111
vt 0.227928 0.138773
vt 0.227918 0.142458
vt 0.228130 0.050218
vt 0.222556 0.043196
vt 0.221186 0.042766
vt 0.216495 0.038049
vt 0.218359 0.038055
vt 0.222898 0.042772
vt 0.211805 0.033331
vt 0.213822 0.033338
vt 0.207116 0.028612
vt 0.209284 0.028621
vt 0.200084 0.021532
vt 0.202479 0.021543
vt 0.193053 0.014451
vt 0.195676 0.014463
vt 0.168131 0.005780
vt 0.168177 0.007256
vt 0.165555 0.007339
vt 0.165509 0.005864
vt 0.162905 0.035621
vt 0.162052 0.036532
vt 0.159660 0.036629
vt 0.160485 0.035713
vt 0.162095 0.037522
vt 0.159702 0.037628
vt 0.162346 0.043073
vt 0.162252 0.044538
vt 0.159863 0.044657
vt 0.159952 0.043185
vt 0.161842 0.046022
vt 0.159470 0.046147
vt 0.161139 0.047523
vt 0.158794 0.047653
vt 0.160183 0.049043
vt 0.157872 0.049176
vt 0.159026 0.050577
vt 0.156755 0.050713
vt 0.157728 0.052124
vt 0.155503 0.052263
vt 0.156363 0.053681
vt 0.154184 0.053822
vt 0.155927 0.054175
vt 0.153765 0.054320
vt 0.155960 0.054616
vt 0.153799 0.054765
vt 0.155555 0.058491
vt 0.151820 0.062781
vt 0.149810 0.062930
vt 0.153416 0.058643
vt 0.151705 0.062952
vt 0.149700 0.063110
vt 0.152865 0.063933
vt 0.150826 0.064105
vt 0.153976 0.064914
vt 0.151905 0.065099
vt 0.154989 0.065902
vt 0.152888 0.066097
vt 0.155854 0.066904
vt 0.153730 0.067108
vt 0.156534 0.067923
vt 0.154392 0.068134
vt 0.157000 0.068965
vt 0.154847 0.069181
vt 0.157230 0.070032
vt 0.155075 0.070249
vt 0.157409 0.071793
vt 0.155252 0.072012
vt 0.157399 0.072891
vt 0.155248 0.073111
vt 0.157154 0.074015
vt 0.155013 0.074234
vt 0.156690 0.075164
vt 0.154567 0.075379
vt 0.156033 0.076334
vt 0.153934 0.076538
vt 0.155221 0.077519
vt 0.153151 0.077709
vt 0.154295 0.078713
vt 0.152259 0.078886
vt 0.153378 0.079822
vt 0.151374 0.079978
vt 0.149092 0.084788
vt 0.147230 0.084914
vt 0.149126 0.085386
vt 0.147266 0.085504
vt 0.145398 0.092441
vt 0.144858 0.093062
vt 0.143149 0.093139
vt 0.143667 0.092529
vt 0.144139 0.093871
vt 0.142455 0.093933
vt 0.129245 0.109468
vt 0.129284 0.110647
vt 0.128091 0.110686
vt 0.128050 0.109505
vt 0.129451 0.115344
vt 0.129096 0.115732
vt 0.127918 0.115777
vt 0.128258 0.115388
vt 0.124931 0.120255
vt 0.124949 0.120766
vt 0.123907 0.120793
vt 0.123888 0.120286
vt 0.125007 0.122681
vt 0.125025 0.124407
vt 0.123978 0.124416
vt 0.123959 0.122688
vt 0.123898 0.299285
vt 0.123901 0.299782
vt 0.122858 0.299783
vt 0.122855 0.299289
vt 0.128223 0.304143
vt 0.128595 0.304517
vt 0.127401 0.304514
vt 0.127041 0.304139
vt 0.128581 0.309223
vt 0.128577 0.310412
vt 0.127382 0.310406
vt 0.127386 0.309218
vt 0.143697 0.325794
vt 0.144444 0.326556
vt 0.142732 0.326541
vt 0.142009 0.325780
vt 0.149102 0.331313
vt 0.147239 0.331294
vt 0.153758 0.336072
vt 0.151742 0.336050
vt 0.158408 0.340836
vt 0.156240 0.340809
vt 0.159107 0.341555
vt 0.156916 0.341527
vt 0.160729 0.343240
vt 0.158486 0.343209
vt 0.162238 0.344924
vt 0.159945 0.344890
vt 0.163530 0.346605
vt 0.161194 0.346570
vt 0.164514 0.348283
vt 0.162146 0.348246
vt 0.165123 0.349954
vt 0.162735 0.349917
vt 0.165313 0.351620
vt 0.162917 0.351581
vt 0.165290 0.353037
vt 0.162894 0.352999
vt 0.165046 0.354696
vt 0.162658 0.354658
vt 0.164384 0.356348
vt 0.162016 0.356311
vt 0.163348 0.357996
vt 0.161012 0.357959
vt 0.162005 0.359639
vt 0.159712 0.359604
vt 0.160448 0.361278
vt 0.158205 0.361245
vt 0.158778 0.362919
vt 0.156587 0.362883
vt 0.158059 0.363621
vt 0.155892 0.363585
vt 0.158002 0.367046
vt 0.155834 0.367009
vt 0.157870 0.367943
vt 0.155707 0.367907
vt 0.157514 0.368836
vt 0.155361 0.368800
vt 0.156954 0.369725
vt 0.154819 0.369689
vt 0.156229 0.370611
vt 0.154118 0.370574
vt 0.155389 0.371493
vt 0.153304 0.371457
vt 0.154488 0.372374
vt 0.152431 0.372339
vt 0.153179 0.373644
vt 0.151163 0.373609
vt 0.153159 0.374638
vt 0.151144 0.374603
vt 0.153044 0.375414
vt 0.151032 0.375379
vt 0.152734 0.376186
vt 0.150731 0.376152
vt 0.152248 0.376954
vt 0.150261 0.376921
vt 0.151620 0.377719
vt 0.149652 0.377687
vt 0.150890 0.378483
vt 0.148946 0.378452
vt 0.150110 0.379246
vt 0.148191 0.379216
vt 0.148350 0.380952
vt 0.146487 0.380922
vt 0.148312 0.383524
vt 0.146449 0.383496
vt 0.148200 0.384298
vt 0.146341 0.384272
vt 0.147893 0.385070
vt 0.146043 0.385044
vt 0.147409 0.385839
vt 0.145575 0.385813
vt 0.146784 0.386606
vt 0.144968 0.386579
vt 0.146057 0.387372
vt 0.144264 0.387344
vt 0.145277 0.388136
vt 0.143510 0.388108
vt 0.143522 0.389800
vt 0.141811 0.389786
vt 0.143538 0.417454
vt 0.141827 0.418431
vt 0.136521 0.645620
vt 0.136510 0.603142
vt 0.141088 0.607856
vt 0.141096 0.645621
vt 0.137558 0.646820
vt 0.142236 0.646820
vt 0.138350 0.647742
vt 0.143108 0.647743
vt 0.139089 0.648664
vt 0.143920 0.648664
vt 0.139723 0.649585
vt 0.144617 0.649587
vt 0.140210 0.650507
vt 0.145152 0.650508
vt 0.140516 0.651429
vt 0.145489 0.651430
vt 0.140620 0.652350
vt 0.145604 0.652352
vt 0.140620 0.653527
vt 0.145604 0.653529
vt 0.141642 0.654705
vt 0.146727 0.654707
vt 0.142435 0.655626
vt 0.147599 0.655628
vt 0.143174 0.656548
vt 0.148412 0.656550
vt 0.143809 0.657469
vt 0.149109 0.657471
vt 0.144295 0.658390
vt 0.149645 0.658392
vt 0.144602 0.659310
vt 0.149981 0.659313
vt 0.144706 0.660231
vt 0.150096 0.660233
vt 0.144706 0.661407
vt 0.150096 0.661409
vt 0.145727 0.662584
vt 0.151219 0.662585
vt 0.147305 0.664424
vt 0.152953 0.664424
vt 0.148728 0.666263
vt 0.154518 0.666262
vt 0.149857 0.668102
vt 0.155760 0.668101
vt 0.150582 0.669940
vt 0.156558 0.669939
vt 0.150832 0.671778
vt 0.156833 0.671777
vt 0.150583 0.673616
vt 0.156558 0.673614
vt 0.149857 0.675452
vt 0.155761 0.675450
vt 0.148729 0.677289
vt 0.154519 0.677286
vt 0.147306 0.679126
vt 0.152955 0.679122
vt 0.145730 0.680963
vt 0.151221 0.680959
vt 0.150099 0.682134
vt 0.144708 0.682138
vt 0.144709 0.683312
vt 0.150099 0.683307
vt 0.144605 0.684231
vt 0.149985 0.684226
vt 0.144299 0.685151
vt 0.149649 0.685145
vt 0.143813 0.686070
vt 0.149114 0.686064
vt 0.143179 0.686991
vt 0.148416 0.686985
vt 0.142440 0.687912
vt 0.147604 0.687906
vt 0.141647 0.688833
vt 0.146732 0.688827
vt 0.145609 0.690004
vt 0.140626 0.690009
vt 0.140626 0.691185
vt 0.145609 0.691180
vt 0.140521 0.692105
vt 0.145495 0.692101
vt 0.140215 0.693026
vt 0.145158 0.693022
vt 0.139728 0.693948
vt 0.144622 0.693943
vt 0.139094 0.694869
vt 0.143924 0.694864
vt 0.138354 0.695790
vt 0.143112 0.695785
vt 0.137561 0.696711
vt 0.142240 0.696707
vt 0.141080 0.697939
vt 0.136504 0.697940
vt 0.136447 0.733865
vt 0.141021 0.733864
vt 0.139572 0.737461
vt 0.144458 0.737458
vt 0.140536 0.741527
vt 0.140534 0.739011
vt 0.145515 0.739007
vt 0.145517 0.741523
vt 0.141558 0.742703
vt 0.146641 0.742699
vt 0.142923 0.744283
vt 0.148141 0.744279
vt 0.144219 0.745863
vt 0.149566 0.745858
vt 0.145382 0.747443
vt 0.150844 0.747439
vt 0.146353 0.749023
vt 0.151912 0.749020
vt 0.147082 0.750603
vt 0.152714 0.750601
vt 0.147535 0.752184
vt 0.153213 0.752182
vt 0.147688 0.753764
vt 0.153381 0.753763
vt 0.157507 0.773741
vt 0.164177 0.773740
vt 0.159483 0.776017
vt 0.166349 0.776017
vt 0.159937 0.777206
vt 0.159937 0.776542
vt 0.166849 0.776541
vt 0.166848 0.777205
vt 0.160270 0.781630
vt 0.159935 0.781244
vt 0.166847 0.781244
vt 0.167214 0.781629
vt 0.164018 0.786415
vt 0.164018 0.785945
vt 0.171336 0.785945
vt 0.171336 0.786415
vt 0.164018 0.801329
vt 0.164018 0.792765
vt 0.171335 0.792765
vt 0.171335 0.801328
vt 0.164018 0.813088
vt 0.171336 0.813088
vt 0.164017 0.819609
vt 0.171334 0.819611
vt 0.375718 0.008910
vt 0.557200 0.006253
vt 0.557348 0.014736
vt 0.375809 0.017396
vt 0.369106 0.014381
vt 0.370066 0.012565
vt 0.561899 0.010253
vt 0.562578 0.011240
vt 0.800456 0.017996
vt 0.618932 0.014599
vt 0.619095 0.006255
vt 0.800568 0.009654
vt 0.807211 0.013820
vt 0.806196 0.015379
vt 0.613953 0.011184
vt 0.613495 0.010870
vt 0.614775 0.009804
vt 0.468395 0.954755
vt 0.648361 0.931114
vt 0.649567 0.940266
vt 0.469572 0.963911
vt 0.464388 0.961061
vt 0.463436 0.960109
vt 0.655307 0.934222
vt 0.654426 0.936792
vt 0.560417 0.988921
vt 0.378894 0.986706
vt 0.378999 0.977346
vt 0.560507 0.979564
vt 0.372952 0.980904
vt 0.371884 0.982713
vt 0.370876 0.982140
vt 0.566126 0.984238
vt 0.566414 0.984477
vt 0.565465 0.985187
vt 0.701666 0.591668
vt 0.701734 0.559915
vt 0.700417 0.558098
vt 0.699810 0.557318
vt 0.699245 0.556536
vt 0.698759 0.555755
vt 0.698386 0.554974
vt 0.698152 0.554192
vt 0.698073 0.553411
vt 0.698076 0.550835
vt 0.696705 0.549096
vt 0.696097 0.548315
vt 0.695530 0.547533
vt 0.695043 0.546752
vt 0.694670 0.545970
vt 0.694435 0.545191
vt 0.694356 0.544411
vt 0.694357 0.543417
vt 0.693339 0.542125
vt 0.692640 0.541229
vt 0.691989 0.540333
vt 0.691431 0.539438
vt 0.691002 0.538545
vt 0.690735 0.537653
vt 0.690645 0.536762
vt 0.690652 0.533345
vt 0.690096 0.532640
vt 0.688799 0.530985
vt 0.687591 0.529331
vt 0.686556 0.527673
vt 0.685764 0.526014
vt 0.685269 0.524355
vt 0.685105 0.522698
vt 0.685113 0.521288
vt 0.685292 0.519634
vt 0.685804 0.517980
vt 0.686612 0.516328
vt 0.687663 0.514677
vt 0.688885 0.513024
vt 0.690195 0.511370
vt 0.690759 0.510663
vt 0.694497 0.505965
vt 0.698235 0.501268
vt 0.702035 0.496415
vt 0.702925 0.495219
vt 0.714786 0.480263
vt 0.714792 0.479887
vt 0.714826 0.474377
vt 0.714969 0.474209
vt 0.718604 0.469679
vt 0.718619 0.469325
vt 0.718696 0.294302
vt 0.718735 0.292604
vt 0.718822 0.290614
vt 0.718861 0.290256
vt 0.715421 0.285649
vt 0.715339 0.285471
vt 0.715535 0.279933
vt 0.715599 0.279536
vt 0.703950 0.264471
vt 0.703205 0.263445
vt 0.702820 0.262890
vt 0.699919 0.256086
vt 0.700009 0.255509
vt 0.696567 0.250793
vt 0.695890 0.249784
vt 0.695189 0.248686
vt 0.694572 0.247589
vt 0.694078 0.246493
vt 0.693738 0.245402
vt 0.693575 0.244317
vt 0.693604 0.243235
vt 0.693770 0.241477
vt 0.693991 0.240404
vt 0.694393 0.239334
vt 0.694964 0.238269
vt 0.695681 0.237207
vt 0.696511 0.236147
vt 0.697419 0.235082
vt 0.698359 0.234006
vt 0.698316 0.233798
vt 0.695312 0.229655
vt 0.695049 0.225753
vt 0.695101 0.225291
vt 0.694776 0.224788
vt 0.693699 0.223254
vt 0.692681 0.221722
vt 0.691774 0.220193
vt 0.691029 0.218669
vt 0.690486 0.217152
vt 0.690178 0.215642
vt 0.690125 0.214137
vt 0.690308 0.208547
vt 0.690362 0.207521
vt 0.689699 0.206591
vt 0.685492 0.178215
vt 0.685533 0.176744
vt 0.192985 0.031292
vt 0.200023 0.036905
vt 0.207062 0.042520
vt 0.211756 0.046263
vt 0.216451 0.050006
vt 0.221149 0.053748
vt 0.228120 0.053768
vt 0.232823 0.053782
vt 0.315519 0.053978
vt 0.327004 0.054010
vt 0.319849 0.053990
vt 0.331717 0.050296
vt 0.336434 0.046583
vt 0.341148 0.042871
vt 0.348214 0.037300
vt 0.355281 0.031728
vt 0.966373 0.007122
vt 0.966373 0.008594
vt 0.961376 0.036873
vt 0.960694 0.037796
vt 0.960732 0.038833
vt 0.960791 0.044440
vt 0.960718 0.045959
vt 0.960390 0.047477
vt 0.959830 0.048997
vt 0.959070 0.050520
vt 0.958152 0.052044
vt 0.957123 0.053569
vt 0.956034 0.055090
vt 0.955721 0.055594
vt 0.955789 0.056065
vt 0.955545 0.059974
vt 0.952496 0.064057
vt 0.952480 0.064266
vt 0.953432 0.065359
vt 0.954356 0.066437
vt 0.955205 0.067502
vt 0.955943 0.068559
vt 0.956536 0.069613
vt 0.956959 0.070668
vt 0.957199 0.071724
vt 0.957375 0.073464
vt 0.957420 0.074530
vt 0.957269 0.075600
vt 0.956938 0.076671
vt 0.956449 0.077737
vt 0.955833 0.078798
vt 0.955127 0.079849
vt 0.954444 0.080809
vt 0.950902 0.085406
vt 0.950986 0.085953
vt 0.947905 0.092568
vt 0.947495 0.093075
vt 0.947135 0.093497
vt 0.934684 0.108744
vt 0.934704 0.109962
vt 0.934729 0.114490
vt 0.933945 0.115428
vt 0.930980 0.119047
vt 0.930991 0.119680
vt 0.931011 0.121268
vt 0.931019 0.122926
vt 0.930900 0.297559
vt 0.930905 0.298220
vt 0.933857 0.301901
vt 0.934661 0.302882
vt 0.934684 0.307471
vt 0.934694 0.308709
vt 0.947015 0.324165
vt 0.947416 0.324643
vt 0.951166 0.329328
vt 0.954918 0.334013
vt 0.958671 0.338699
vt 0.959242 0.339400
vt 0.960558 0.341051
vt 0.961786 0.342704
vt 0.962842 0.344358
vt 0.963656 0.346013
vt 0.964172 0.347670
vt 0.964357 0.349329
vt 0.964369 0.350744
vt 0.964210 0.352406
vt 0.963720 0.354073
vt 0.962932 0.355743
vt 0.961901 0.357413
vt 0.960697 0.359084
vt 0.959405 0.360755
vt 0.958851 0.361471
vt 0.958865 0.364898
vt 0.958778 0.365801
vt 0.958513 0.366705
vt 0.958088 0.367611
vt 0.957532 0.368517
vt 0.956884 0.369424
vt 0.956188 0.370330
vt 0.955173 0.371634
vt 0.955178 0.372636
vt 0.955101 0.373423
vt 0.954870 0.374210
vt 0.954499 0.374996
vt 0.954015 0.375782
vt 0.953451 0.376569
vt 0.952845 0.377354
vt 0.951477 0.379097
vt 0.951485 0.381676
vt 0.951407 0.382458
vt 0.951175 0.383239
vt 0.950803 0.384021
vt 0.950319 0.384801
vt 0.949753 0.385580
vt 0.949147 0.386359
vt 0.947802 0.388234
vt 0.947799 0.420040
vt 0.947675 0.601749
vt 0.947643 0.644203
vt 0.948574 0.645377
vt 0.949297 0.646296
vt 0.949970 0.647216
vt 0.950549 0.648138
vt 0.950993 0.649059
vt 0.951272 0.649981
vt 0.951368 0.650903
vt 0.951369 0.652083
vt 0.952302 0.653261
vt 0.953026 0.654182
vt 0.953702 0.655100
vt 0.954282 0.656017
vt 0.954727 0.656935
vt 0.955006 0.657853
vt 0.955102 0.658772
vt 0.955103 0.659947
vt 0.956037 0.661121
vt 0.957478 0.662958
vt 0.958778 0.664796
vt 0.959810 0.666633
vt 0.960472 0.668471
vt 0.960699 0.670311
vt 0.960472 0.672151
vt 0.959810 0.673992
vt 0.958779 0.675834
vt 0.957480 0.677677
vt 0.956039 0.679521
vt 0.955106 0.680701
vt 0.955105 0.681882
vt 0.955010 0.682808
vt 0.954731 0.683733
vt 0.954287 0.684657
vt 0.953708 0.685580
vt 0.953034 0.686502
vt 0.952310 0.687423
vt 0.951378 0.688598
vt 0.951377 0.689776
vt 0.951282 0.690700
vt 0.951002 0.691624
vt 0.950558 0.692549
vt 0.949979 0.693473
vt 0.949305 0.694399
vt 0.948582 0.695322
vt 0.947630 0.696582
vt 0.947599 0.732538
vt 0.950449 0.736136
vt 0.951326 0.737688
vt 0.951325 0.740204
vt 0.952257 0.741380
vt 0.953500 0.742960
vt 0.954681 0.744540
vt 0.955739 0.746120
vt 0.956622 0.747700
vt 0.957286 0.749280
vt 0.957697 0.750861
vt 0.957836 0.752443
vt 0.966795 0.772420
vt 0.968597 0.774697
vt 0.969011 0.775223
vt 0.969010 0.775889
vt 0.969007 0.779929
vt 0.969312 0.780315
vt 0.972734 0.784633
vt 0.972733 0.785102
vt 0.972733 0.791451
vt 0.972732 0.800014
vt 0.972731 0.811770
vt 0.972729 0.818288
vt 0.972729 0.819473
vt 0.005834 0.838548
vt 0.010541 0.842267
vt 0.024651 0.853442
vt 0.032884 0.859957
vt 0.037592 0.863675
vt 0.044745 0.863659
vt 0.049071 0.863647
vt 0.131764 0.863667
vt 0.136468 0.863653
vt 0.143433 0.863635
vt 0.148131 0.859895
vt 0.156358 0.853360
vt 0.170468 0.842167
vt 0.175168 0.838431
vt 0.676542 0.991026
vt 0.676541 0.989841
vt 0.676538 0.983321
vt 0.676536 0.971563
vt 0.676533 0.963002
vt 0.676531 0.956656
vt 0.676530 0.956188
vt 0.679950 0.951878
vt 0.680255 0.951494
vt 0.680253 0.947452
vt 0.680251 0.946786
vt 0.680665 0.946260
vt 0.682466 0.943979
vt 0.691421 0.923999
vt 0.691557 0.922417
vt 0.691967 0.920834
vt 0.692631 0.919250
vt 0.693513 0.917668
vt 0.694571 0.916085
vt 0.695751 0.914501
vt 0.696993 0.912918
vt 0.697924 0.911738
vt 0.697922 0.909218
vt 0.698797 0.907660
vt 0.701646 0.904062
vt 0.701636 0.868159
vt 0.700687 0.866949
vt 0.699963 0.866026
vt 0.699289 0.865104
vt 0.698710 0.864183
vt 0.698266 0.863262
vt 0.697987 0.862340
vt 0.697891 0.861418
vt 0.697892 0.860241
vt 0.696959 0.859064
vt 0.696236 0.858144
vt 0.695562 0.857222
vt 0.694983 0.856301
vt 0.694539 0.855381
vt 0.694260 0.854461
vt 0.694165 0.853542
vt 0.694165 0.852368
vt 0.693232 0.851192
vt 0.691792 0.849355
vt 0.690493 0.847519
vt 0.689460 0.845682
vt 0.688797 0.843847
vt 0.688568 0.842009
vt 0.688795 0.840172
vt 0.689456 0.838335
vt 0.690486 0.836497
vt 0.691784 0.834659
vt 0.693223 0.832818
vt 0.694154 0.831642
vt 0.694153 0.830468
vt 0.694248 0.829549
vt 0.694526 0.828627
vt 0.694970 0.827706
vt 0.695548 0.826784
vt 0.696222 0.825861
vt 0.696944 0.824939
vt 0.697876 0.823761
vt 0.697874 0.822586
vt 0.697970 0.821666
vt 0.698248 0.820748
vt 0.698691 0.819828
vt 0.699270 0.818910
vt 0.699944 0.817990
vt 0.700669 0.817069
vt 0.701618 0.815865
vt 0.701644 0.773383
vt 0.226605 0.590543
vt 0.226488 0.558860
vt 0.224869 0.557108
vt 0.224204 0.556330
vt 0.223586 0.555552
vt 0.223054 0.554774
vt 0.222648 0.553997
vt 0.222394 0.553220
vt 0.222311 0.552443
vt 0.222321 0.549870
vt 0.220825 0.548129
vt 0.220163 0.547349
vt 0.219545 0.546569
vt 0.219017 0.545790
vt 0.218612 0.545011
vt 0.218360 0.544234
vt 0.218278 0.543458
vt 0.218286 0.542468
vt 0.217177 0.541176
vt 0.216417 0.540281
vt 0.215710 0.539387
vt 0.215104 0.538495
vt 0.214640 0.537604
vt 0.214353 0.536714
vt 0.214260 0.535827
vt 0.214286 0.532417
vt 0.213680 0.531713
vt 0.212268 0.530051
vt 0.210952 0.528391
vt 0.209825 0.526731
vt 0.208965 0.525076
vt 0.208430 0.523423
vt 0.208258 0.521774
vt 0.208272 0.520373
vt 0.208475 0.518727
vt 0.209040 0.517087
vt 0.209930 0.515448
vt 0.211087 0.513814
vt 0.212428 0.512179
vt 0.213867 0.510546
vt 0.214483 0.509859
vt 0.218594 0.505195
vt 0.222699 0.500528
vt 0.226801 0.495861
vt 0.227652 0.494896
vt 0.240730 0.479972
vt 0.240729 0.479389
vt 0.240745 0.474159
vt 0.241441 0.473398
vt 0.244880 0.469578
vt 0.244888 0.468963
vt 0.244266 0.294346
vt 0.244258 0.292646
vt 0.244266 0.290313
vt 0.244261 0.290948
vt 0.240222 0.285581
vt 0.240903 0.286385
vt 0.240263 0.279673
vt 0.240258 0.280287
vt 0.226449 0.263577
vt 0.227294 0.264581
vt 0.225961 0.262991
vt 0.222471 0.256118
vt 0.222480 0.255522
vt 0.218557 0.250800
vt 0.217711 0.249751
vt 0.216849 0.248623
vt 0.216080 0.247498
vt 0.215443 0.246374
vt 0.214972 0.245253
vt 0.214693 0.244136
vt 0.214620 0.243025
vt 0.214671 0.241237
vt 0.214810 0.240133
vt 0.215154 0.239035
vt 0.215686 0.237943
vt 0.216382 0.236854
vt 0.217209 0.235768
vt 0.218123 0.234685
vt 0.219084 0.233601
vt 0.218979 0.233408
vt 0.215567 0.229296
vt 0.215063 0.225395
vt 0.215075 0.224934
vt 0.214679 0.224441
vt 0.213436 0.222932
vt 0.212257 0.221424
vt 0.211199 0.219921
vt 0.210321 0.218422
vt 0.209665 0.216929
vt 0.209266 0.215441
vt 0.209143 0.213960
vt 0.209206 0.208385
vt 0.209219 0.207374
vt 0.208455 0.206473
vt 0.203264 0.178224
vt 0.203274 0.176749
vt 0.209436 0.169723
vt 0.215592 0.162692
vt 0.219694 0.158002
vt 0.223796 0.153311
vt 0.227897 0.148621
vt 0.228154 0.042786
vt 0.224081 0.038073
vt 0.220011 0.033358
vt 0.215940 0.028643
vt 0.209835 0.021570
vt 0.203730 0.014494
vt 0.157462 0.006121
vt 0.157507 0.007597
vt 0.152314 0.036935
vt 0.153049 0.036005
vt 0.152359 0.037952
vt 0.152603 0.043527
vt 0.152531 0.045016
vt 0.152188 0.046521
vt 0.151592 0.048041
vt 0.150774 0.049576
vt 0.149782 0.051122
vt 0.148668 0.052678
vt 0.147494 0.054239
vt 0.147125 0.054746
vt 0.147163 0.055206
vt 0.143633 0.063373
vt 0.146853 0.059114
vt 0.143541 0.063567
vt 0.144563 0.064593
vt 0.145542 0.065618
vt 0.146436 0.066645
vt 0.147203 0.067679
vt 0.147810 0.068724
vt 0.148232 0.069783
vt 0.148448 0.070859
vt 0.148623 0.072621
vt 0.148630 0.073711
vt 0.148432 0.074820
vt 0.148042 0.075943
vt 0.147485 0.077077
vt 0.146792 0.078218
vt 0.146004 0.079363
vt 0.145223 0.080426
vt 0.141508 0.085280
vt 0.141550 0.085847
vt 0.137899 0.093337
vt 0.138352 0.092763
vt 0.137290 0.094101
vt 0.124381 0.109599
vt 0.124427 0.110791
vt 0.124593 0.115504
vt 0.124297 0.115895
vt 0.120685 0.120347
vt 0.120707 0.120843
vt 0.120755 0.122715
vt 0.120777 0.124431
vt 0.119659 0.299780
vt 0.119655 0.299290
vt 0.123734 0.304500
vt 0.123412 0.304127
vt 0.123713 0.310386
vt 0.123719 0.309201
vt 0.137477 0.326494
vt 0.136831 0.325736
vt 0.141517 0.331238
vt 0.145554 0.335983
vt 0.149587 0.340732
vt 0.150191 0.341446
vt 0.151597 0.343122
vt 0.152904 0.344797
vt 0.154024 0.346471
vt 0.154876 0.348142
vt 0.155401 0.349809
vt 0.155563 0.351471
vt 0.155539 0.352887
vt 0.155324 0.354544
vt 0.154747 0.356196
vt 0.153843 0.357845
vt 0.152673 0.359489
vt 0.151317 0.361130
vt 0.149862 0.362770
vt 0.149237 0.363471
vt 0.149181 0.366894
vt 0.149065 0.367791
vt 0.148753 0.368684
vt 0.148264 0.369573
vt 0.147633 0.370460
vt 0.146901 0.371344
vt 0.146117 0.372227
vt 0.144975 0.373499
vt 0.144957 0.374494
vt 0.144855 0.375271
vt 0.144584 0.376045
vt 0.144160 0.376816
vt 0.143612 0.377585
vt 0.142977 0.378351
vt 0.142298 0.379117
vt 0.140767 0.380825
vt 0.140729 0.383401
vt 0.140631 0.384176
vt 0.140362 0.384950
vt 0.139941 0.385718
vt 0.139396 0.386485
vt 0.138763 0.387249
vt 0.138084 0.388014
vt 0.136560 0.389742
vt 0.136575 0.421430
vt 0.327012 0.050457
vt 0.319857 0.050439
vt 0.331727 0.046428
vt 0.336443 0.042398
vt 0.341158 0.038370
vt 0.348228 0.032324
vt 0.355301 0.026281
vt 0.971807 0.007122
vt 0.971802 0.008598
vt 0.966415 0.036843
vt 0.965660 0.037747
vt 0.965679 0.038760
vt 0.965781 0.044334
vt 0.965681 0.045814
vt 0.965316 0.047303
vt 0.964701 0.048803
vt 0.963871 0.050313
vt 0.962868 0.051832
vt 0.961747 0.053360
vt 0.960571 0.054893
vt 0.960211 0.055385
vt 0.960255 0.055835
vt 0.959950 0.059698
vt 0.956722 0.063898
vt 0.956644 0.064068
vt 0.957669 0.065082
vt 0.958658 0.066091
vt 0.959565 0.067099
vt 0.960350 0.068112
vt 0.960978 0.069137
vt 0.961421 0.070176
vt 0.961661 0.071234
vt 0.961861 0.072976
vt 0.961890 0.074046
vt 0.961714 0.075132
vt 0.961346 0.076232
vt 0.960809 0.077339
vt 0.960133 0.078450
vt 0.959358 0.079560
vt 0.958582 0.080584
vt 0.954811 0.085322
vt 0.954849 0.085853
vt 0.951518 0.092555
vt 0.951058 0.093075
vt 0.950662 0.093514
vt 0.937158 0.108743
vt 0.937177 0.109962
vt 0.937215 0.114499
vt 0.936361 0.115448
vt 0.933134 0.119055
vt 0.933146 0.119685
vt 0.933166 0.121283
vt 0.933166 0.122957
vt 0.933058 0.297564
vt 0.933060 0.298225
vt 0.936274 0.301887
vt 0.937143 0.302865
vt 0.937165 0.307461
vt 0.937171 0.308703
vt 0.950544 0.324146
vt 0.950968 0.324630
vt 0.955036 0.329309
vt 0.959104 0.333990
vt 0.963177 0.338668
vt 0.963790 0.339368
vt 0.965217 0.341017
vt 0.966547 0.342666
vt 0.967691 0.344317
vt 0.968572 0.345971
vt 0.969130 0.347628
vt 0.969330 0.349287
vt 0.969341 0.350705
vt 0.969168 0.352369
vt 0.968635 0.354037
vt 0.967780 0.355708
vt 0.966661 0.357380
vt 0.965356 0.359054
vt 0.963954 0.360728
vt 0.963350 0.361447
vt 0.963367 0.364873
vt 0.963271 0.365775
vt 0.962982 0.366679
vt 0.962520 0.367585
vt 0.961917 0.368492
vt 0.961214 0.369400
vt 0.960460 0.370309
vt 0.959359 0.371614
vt 0.959363 0.372617
vt 0.959279 0.373404
vt 0.959027 0.374192
vt 0.958624 0.374980
vt 0.958099 0.375767
vt 0.957487 0.376554
vt 0.956830 0.377340
vt 0.955347 0.379085
vt 0.955354 0.381664
vt 0.955269 0.382446
vt 0.955017 0.383227
vt 0.954613 0.384009
vt 0.954087 0.384790
vt 0.953474 0.385569
vt 0.952815 0.386348
vt 0.951355 0.388231
vt 0.951348 0.420045
vt 0.951227 0.601748
vt 0.951194 0.644201
vt 0.952205 0.645375
vt 0.952988 0.646294
vt 0.953719 0.647213
vt 0.954346 0.648132
vt 0.954828 0.649053
vt 0.955131 0.649973
vt 0.955234 0.650894
vt 0.955235 0.652071
vt 0.956247 0.653245
vt 0.957033 0.654164
vt 0.957765 0.655082
vt 0.958394 0.656001
vt 0.958876 0.656921
vt 0.959180 0.657841
vt 0.959284 0.658762
vt 0.959285 0.659938
vt 0.960297 0.661114
vt 0.961860 0.662952
vt 0.963270 0.664790
vt 0.964389 0.666629
vt 0.965107 0.668469
vt 0.965354 0.670311
vt 0.965107 0.672153
vt 0.964389 0.673995
vt 0.963271 0.675837
vt 0.961862 0.677681
vt 0.960299 0.679523
vt 0.959288 0.680704
vt 0.959287 0.681886
vt 0.959184 0.682812
vt 0.958881 0.683737
vt 0.958399 0.684661
vt 0.957772 0.685585
vt 0.957041 0.686508
vt 0.956256 0.687431
vt 0.955245 0.688608
vt 0.955244 0.689787
vt 0.955140 0.690710
vt 0.954836 0.691632
vt 0.954355 0.692555
vt 0.953727 0.693476
vt 0.952996 0.694398
vt 0.952211 0.695320
vt 0.951182 0.696581
vt 0.951151 0.732538
vt 0.954243 0.736135
vt 0.955195 0.737687
vt 0.955194 0.740204
vt 0.956205 0.741382
vt 0.957553 0.742962
vt 0.958833 0.744542
vt 0.959981 0.746123
vt 0.960939 0.747703
vt 0.961658 0.749283
vt 0.962105 0.750864
vt 0.962255 0.752444
vt 0.971971 0.772422
vt 0.973927 0.774699
vt 0.974376 0.775224
vt 0.974375 0.775889
vt 0.974373 0.779928
vt 0.974704 0.780314
vt 0.978415 0.784631
vt 0.978414 0.785101
vt 0.978414 0.791451
vt 0.978413 0.800014
vt 0.978412 0.811773
vt 0.978410 0.818295
vt 0.978409 0.819483
vt 0.005810 0.832869
vt 0.010523 0.836899
vt 0.024639 0.849019
vt 0.032873 0.856088
vt 0.037583 0.860122
vt 0.044735 0.860105
vt 0.044841 0.421407
vt 0.044843 0.389509
vt 0.043363 0.387527
vt 0.042708 0.386740
vt 0.042100 0.385954
vt 0.041579 0.385167
vt 0.041182 0.384384
vt 0.040936 0.383602
vt 0.040859 0.382821
vt 0.040895 0.380246
vt 0.039421 0.378486
vt 0.038770 0.377695
vt 0.038163 0.376905
vt 0.037644 0.376115
vt 0.037251 0.375328
vt 0.037008 0.374543
vt 0.036934 0.373759
vt 0.036952 0.372762
vt 0.035862 0.371449
vt 0.035114 0.370536
vt 0.034418 0.369625
vt 0.033824 0.368715
vt 0.033371 0.367808
vt 0.033092 0.366904
vt 0.033007 0.366004
vt 0.033061 0.362581
vt 0.032463 0.361859
vt 0.031069 0.360174
vt 0.029772 0.358491
vt 0.028664 0.356809
vt 0.027819 0.355134
vt 0.027298 0.353463
vt 0.027138 0.351799
vt 0.027160 0.350385
vt 0.027373 0.348727
vt 0.027947 0.347076
vt 0.028842 0.345429
vt 0.030003 0.343788
vt 0.031348 0.342147
vt 0.032790 0.340510
vt 0.033410 0.339812
vt 0.037528 0.335156
vt 0.041643 0.330497
vt 0.045755 0.325837
vt 0.046409 0.325098
vt 0.059718 0.309983
vt 0.059721 0.308806
vt 0.059733 0.304130
vt 0.060051 0.303771
vt 0.063814 0.299475
vt 0.063809 0.298993
vt 0.064941 0.124182
vt 0.064920 0.122489
vt 0.064869 0.120669
vt 0.064847 0.120199
vt 0.060936 0.116033
vt 0.060592 0.115701
vt 0.060430 0.111054
vt 0.060387 0.109892
vt 0.046870 0.094950
vt 0.046182 0.094222
vt 0.045652 0.093670
vt 0.041693 0.087074
vt 0.041649 0.086486
vt 0.037367 0.082111
vt 0.036420 0.081171
vt 0.035435 0.080157
vt 0.034535 0.079141
vt 0.033762 0.078116
vt 0.033151 0.077079
vt 0.032728 0.076027
vt 0.032509 0.074957
vt 0.032333 0.073204
vt 0.032327 0.072123
vt 0.032521 0.071025
vt 0.032907 0.069912
vt 0.033459 0.068786
vt 0.034146 0.067654
vt 0.034929 0.066517
vt 0.035764 0.065383
vt 0.035631 0.065226
vt 0.031890 0.061448
vt 0.031021 0.057679
vt 0.030982 0.057242
vt 0.030536 0.056805
vt 0.029173 0.055418
vt 0.027878 0.054025
vt 0.026709 0.052624
vt 0.025720 0.051210
vt 0.024958 0.049781
vt 0.024458 0.048338
vt 0.024242 0.046878
vt 0.023996 0.041321
vt 0.023952 0.040323
vt 0.023145 0.039471
vt 0.016921 0.011494
vt 0.016876 0.010020
vt 0.344365 0.014849
vt 0.338242 0.021888
vt 0.332119 0.028928
vt 0.328037 0.033621
vt 0.323956 0.038314
vt 0.319877 0.043007
vt 0.319608 0.148839
vt 0.323663 0.153553
vt 0.327715 0.158268
vt 0.331765 0.162984
vt 0.337839 0.170060
vt 0.343908 0.177142
vt 0.343900 0.178617
vt 0.338408 0.206795
vt 0.337626 0.207684
vt 0.337613 0.208696
vt 0.337550 0.214274
vt 0.337385 0.215756
vt 0.336940 0.217235
vt 0.336236 0.218710
vt 0.335307 0.220185
vt 0.334201 0.221657
vt 0.332970 0.223127
vt 0.331673 0.224597
vt 0.331250 0.225078
vt 0.331235 0.225543
vt 0.330561 0.229436
vt 0.327018 0.233433
vt 0.326894 0.233626
vt 0.327795 0.234748
vt 0.328646 0.235871
vt 0.329405 0.236993
vt 0.330033 0.238114
vt 0.330497 0.239232
vt 0.330771 0.240347
vt 0.330842 0.241457
vt 0.330791 0.243248
vt 0.330650 0.244358
vt 0.330304 0.245464
vt 0.329768 0.246567
vt 0.329068 0.247667
vt 0.328238 0.248765
vt 0.327319 0.249864
vt 0.326427 0.250885
vt 0.322366 0.255491
vt 0.322348 0.256100
vt 0.318665 0.262918
vt 0.318157 0.263505
vt 0.317287 0.264505
vt 0.304289 0.279548
vt 0.304276 0.280161
vt 0.304225 0.285451
vt 0.303528 0.286243
vt 0.300116 0.290132
vt 0.300108 0.290766
vt 0.300089 0.292464
vt 0.300075 0.294166
vt 0.300726 0.468814
vt 0.300714 0.469436
vt 0.304080 0.473314
vt 0.304758 0.474091
vt 0.304717 0.479332
vt 0.304707 0.479921
vt 0.317690 0.494882
vt 0.318530 0.495850
vt 0.322580 0.500543
vt 0.326630 0.505239
vt 0.330676 0.509940
vt 0.331278 0.510633
vt 0.332686 0.512282
vt 0.333996 0.513933
vt 0.335118 0.515585
vt 0.335975 0.517236
vt 0.336510 0.518885
vt 0.336681 0.520532
vt 0.336666 0.521934
vt 0.336462 0.523580
vt 0.335897 0.525223
vt 0.335008 0.526864
vt 0.333856 0.528504
vt 0.332516 0.530144
vt 0.331080 0.531784
vt 0.330463 0.532480
vt 0.330437 0.535891
vt 0.330328 0.536777
vt 0.330024 0.537662
vt 0.329546 0.538546
vt 0.328926 0.539430
vt 0.328205 0.540314
vt 0.327434 0.541199
vt 0.326310 0.542477
vt 0.326303 0.543467
vt 0.326211 0.544240
vt 0.325948 0.545013
vt 0.325534 0.545785
vt 0.324997 0.546558
vt 0.324372 0.547330
vt 0.323702 0.548101
vt 0.322195 0.549826
vt 0.322183 0.552399
vt 0.322092 0.553173
vt 0.321831 0.553946
vt 0.321418 0.554719
vt 0.320883 0.555491
vt 0.320260 0.556263
vt 0.319592 0.557034
vt 0.318204 0.558823
vt 0.318336 0.590555
vt 0.044716 0.852669
vt 0.040638 0.847970
vt 0.033511 0.839742
vt 0.021297 0.825634
vt 0.017243 0.820876
vt 0.017271 0.819625
vt 0.017273 0.813101
vt 0.017271 0.801340
vt 0.017272 0.792774
vt 0.017272 0.786422
vt 0.017273 0.785950
vt 0.021007 0.781629
vt 0.021342 0.781241
vt 0.021343 0.777198
vt 0.021344 0.776531
vt 0.021797 0.776005
vt 0.023767 0.773725
vt 0.033549 0.753747
vt 0.033703 0.752164
vt 0.034154 0.750581
vt 0.034881 0.748997
vt 0.035846 0.747412
vt 0.037002 0.745827
vt 0.038291 0.744242
vt 0.039648 0.742658
vt 0.040664 0.741478
vt 0.040663 0.738959
vt 0.041619 0.737405
vt 0.044729 0.733806
vt 0.044777 0.697912
vt 0.043789 0.696709
vt 0.043001 0.695785
vt 0.042266 0.694862
vt 0.041635 0.693939
vt 0.041151 0.693016
vt 0.040846 0.692093
vt 0.040742 0.691172
vt 0.040742 0.689995
vt 0.039725 0.688817
vt 0.038935 0.687896
vt 0.038200 0.686974
vt 0.037568 0.686053
vt 0.037082 0.685133
vt 0.036777 0.684213
vt 0.036673 0.683294
vt 0.036672 0.682120
vt 0.035654 0.680946
vt 0.034082 0.679110
vt 0.032664 0.677274
vt 0.031538 0.675438
vt 0.030815 0.673604
vt 0.030566 0.671769
vt 0.030815 0.669934
vt 0.031537 0.668100
vt 0.032662 0.666266
vt 0.034081 0.664431
vt 0.035652 0.662595
vt 0.036670 0.661422
vt 0.036670 0.660249
vt 0.036773 0.659330
vt 0.037078 0.658411
vt 0.037562 0.657492
vt 0.038194 0.656571
vt 0.038930 0.655651
vt 0.039719 0.654731
vt 0.040736 0.653554
vt 0.040736 0.652378
vt 0.040840 0.651457
vt 0.041145 0.650537
vt 0.041630 0.649617
vt 0.042262 0.648696
vt 0.042999 0.647776
vt 0.043788 0.646855
vt 0.044800 0.645628
vt 0.044795 0.603121
vt 0.872778 0.303684
vt 0.869015 0.303697
vt 0.875354 0.303674
vt 0.934671 0.303792
vt 0.937150 0.303779
vt 0.941746 0.303755
vt 0.942338 0.303752
vt 0.945590 0.118341
vt 0.945586 0.116538
vt 0.942397 0.113633
vt 0.941802 0.113636
vt 0.934713 0.113613
vt 0.937202 0.113617
vt 0.875399 0.112918
vt 0.872835 0.112918
vt 0.869078 0.112919
vt 0.865414 0.116251
vt 0.865406 0.118056
vt 0.876898 0.296106
vt 0.873617 0.296094
vt 0.879140 0.296120
vt 0.930897 0.296265
vt 0.933059 0.296276
vt 0.937067 0.296291
vt 0.937582 0.296297
vt 0.938048 0.122977
vt 0.938043 0.121270
vt 0.937677 0.120958
vt 0.937163 0.120966
vt 0.930999 0.120938
vt 0.933156 0.120946
vt 0.879247 0.120632
vt 0.877010 0.120623
vt 0.873734 0.120605
vt 0.872929 0.120994
vt 0.872929 0.122705
vt 0.876893 0.295735
vt 0.873615 0.295718
vt 0.879133 0.295759
vt 0.930892 0.295894
vt 0.933057 0.295915
vt 0.937069 0.295935
vt 0.937587 0.295950
vt 0.873284 0.120996
vt 0.873294 0.122709
vt 0.872074 0.309469
vt 0.868227 0.309478
vt 0.874708 0.309467
vt 0.935372 0.309533
vt 0.937897 0.309534
vt 0.943197 0.309516
vt 0.942594 0.309520
vt 0.951357 0.115691
vt 0.951357 0.117510
vt 0.942570 0.107965
vt 0.943178 0.107971
vt 0.935331 0.107936
vt 0.937865 0.107938
vt 0.874673 0.107085
vt 0.872047 0.107075
vt 0.868207 0.107061
vt 0.859648 0.117213
vt 0.859651 0.115394
vt 0.054074 0.310599
vt 0.055170 0.310605
vt 0.062215 0.310645
vt 0.059149 0.310631
vt 0.120939 0.311030
vt 0.124282 0.311049
vt 0.129232 0.311079
vt 0.128016 0.311073
vt 0.138701 0.117403
vt 0.138689 0.119220
vt 0.129884 0.108795
vt 0.128665 0.108831
vt 0.121554 0.108970
vt 0.124922 0.108925
vt 0.062830 0.109225
vt 0.059794 0.109262
vt 0.054736 0.109393
vt 0.055828 0.109361
vt 0.047257 0.118773
vt 0.047271 0.116958
vt 0.054740 0.304901
vt 0.055818 0.304904
vt 0.062754 0.304932
vt 0.059733 0.304921
vt 0.120454 0.305292
vt 0.123733 0.305304
vt 0.128594 0.305324
vt 0.127400 0.305320
vt 0.132944 0.119831
vt 0.132955 0.118028
vt 0.129419 0.114539
vt 0.128224 0.114581
vt 0.121261 0.114786
vt 0.124555 0.114692
vt 0.063560 0.114834
vt 0.060554 0.114923
vt 0.055570 0.115084
vt 0.056647 0.115046
vt 0.052963 0.117671
vt 0.052940 0.119475
vt 0.059009 0.299920
vt 0.059961 0.299919
vt 0.066091 0.299932
vt 0.063421 0.299926
vt 0.117157 0.300234
vt 0.120060 0.300242
vt 0.124364 0.300248
vt 0.123306 0.300247
vt 0.127861 0.123963
vt 0.127869 0.122242
vt 0.125376 0.119764
vt 0.124315 0.119796
vt 0.118140 0.119915
vt 0.121063 0.119875
vt 0.067075 0.119727
vt 0.064428 0.119763
vt 0.060032 0.119884
vt 0.060979 0.119852
vt 0.057895 0.121993
vt 0.057875 0.123709
vt 0.059438 0.297548
vt 0.060381 0.297534
vt 0.066435 0.297519
vt 0.063798 0.297528
vt 0.116786 0.297823
vt 0.119648 0.297816
vt 0.123890 0.297805
vt 0.122848 0.297812
vt 0.125416 0.124406
vt 0.125412 0.122693
vt 0.124991 0.122266
vt 0.123945 0.122285
vt 0.117876 0.122357
vt 0.120742 0.122324
vt 0.067530 0.122091
vt 0.064905 0.122124
vt 0.060567 0.122180
vt 0.061501 0.122160
vt 0.060243 0.122488
vt 0.060240 0.124195
vt 0.059425 0.297178
vt 0.060371 0.297160
vt 0.066427 0.297142
vt 0.063790 0.297154
vt 0.116779 0.297443
vt 0.119644 0.297431
vt 0.123887 0.297415
vt 0.122844 0.297424
vt 0.707749 0.474911
vt 0.712340 0.474937
vt 0.714815 0.474950
vt 0.774131 0.474985
vt 0.776705 0.475000
vt 0.780321 0.475022
vt 0.781004 0.475028
vt 0.783870 0.289732
vt 0.783865 0.287927
vt 0.780866 0.285205
vt 0.781547 0.285232
vt 0.774713 0.285014
vt 0.777261 0.285089
vt 0.715398 0.284886
vt 0.712899 0.284814
vt 0.708302 0.284672
vt 0.704182 0.287854
vt 0.704189 0.289658
vt 0.712254 0.469806
vt 0.716283 0.469835
vt 0.718455 0.469847
vt 0.770491 0.469845
vt 0.772752 0.469855
vt 0.775925 0.469883
vt 0.776524 0.469891
vt 0.778852 0.294204
vt 0.778850 0.292494
vt 0.776200 0.290158
vt 0.776797 0.290181
vt 0.770804 0.290036
vt 0.773037 0.290067
vt 0.718770 0.290076
vt 0.716572 0.290047
vt 0.712537 0.289937
vt 0.709375 0.292350
vt 0.709379 0.294070
vt 0.712480 0.467572
vt 0.716484 0.467604
vt 0.718645 0.467630
vt 0.770406 0.467612
vt 0.772654 0.467636
vt 0.775812 0.467667
vt 0.776411 0.467681
vt 0.776700 0.294369
vt 0.776726 0.292658
vt 0.775905 0.292350
vt 0.776494 0.292376
vt 0.770526 0.292238
vt 0.772761 0.292286
vt 0.718767 0.292303
vt 0.716596 0.292256
vt 0.712581 0.292189
vt 0.711668 0.292516
vt 0.711647 0.294229
vt 0.712495 0.467259
vt 0.716500 0.467288
vt 0.718663 0.467314
vt 0.770423 0.467303
vt 0.772668 0.467327
vt 0.775826 0.467354
vt 0.776429 0.467369
vt 0.712021 0.292504
vt 0.711973 0.294231
vt 0.235878 0.475227
vt 0.237256 0.475232
vt 0.244020 0.475272
vt 0.240740 0.475253
vt 0.301723 0.475178
vt 0.304746 0.475191
vt 0.309741 0.475217
vt 0.308611 0.475208
vt 0.312470 0.289676
vt 0.312471 0.287872
vt 0.309227 0.284368
vt 0.308101 0.284357
vt 0.301222 0.284306
vt 0.304238 0.284327
vt 0.243520 0.284471
vt 0.240233 0.284455
vt 0.235371 0.284429
vt 0.236750 0.284437
vt 0.231806 0.288213
vt 0.231834 0.290017
vt 0.240616 0.467459
vt 0.241864 0.467500
vt 0.247762 0.467518
vt 0.244904 0.467512
vt 0.298109 0.467339
vt 0.300744 0.467354
vt 0.305100 0.467400
vt 0.304116 0.467377
vt 0.304617 0.294223
vt 0.304652 0.292510
vt 0.304442 0.292276
vt 0.303461 0.292262
vt 0.297466 0.292222
vt 0.300094 0.292237
vt 0.247121 0.292415
vt 0.244260 0.292419
vt 0.240016 0.292444
vt 0.241220 0.292435
vt 0.239770 0.292712
vt 0.239825 0.294428
vt 0.240241 0.469921
vt 0.241455 0.469933
vt 0.247415 0.469967
vt 0.244527 0.469958
vt 0.298390 0.469817
vt 0.301057 0.469827
vt 0.305459 0.469851
vt 0.304465 0.469843
vt 0.307112 0.292166
vt 0.307106 0.293884
vt 0.304882 0.289763
vt 0.303885 0.289754
vt 0.297810 0.289719
vt 0.300473 0.289730
vt 0.246824 0.289911
vt 0.243921 0.289910
vt 0.239619 0.289897
vt 0.240839 0.289903
vt 0.237296 0.294140
vt 0.237268 0.292419
vt 0.240729 0.467345
vt 0.241889 0.467309
vt 0.247771 0.467303
vt 0.244915 0.467303
vt 0.298118 0.467122
vt 0.300752 0.467136
vt 0.305108 0.467192
vt 0.304122 0.467158
vt 0.235528 0.480301
vt 0.236916 0.480303
vt 0.243720 0.480309
vt 0.240425 0.480312
vt 0.301966 0.480258
vt 0.305007 0.480266
vt 0.310038 0.480283
vt 0.308900 0.480275
vt 0.317552 0.287519
vt 0.317556 0.289327
vt 0.309656 0.279209
vt 0.308515 0.279198
vt 0.301561 0.279174
vt 0.304612 0.279182
vt 0.243285 0.279299
vt 0.239952 0.279302
vt 0.235031 0.279281
vt 0.236425 0.279287
vt 0.226698 0.289726
vt 0.226686 0.287915
vt 0.683242 0.488031
vt 0.683242 0.487249
vt 0.684268 0.486214
vt 0.684271 0.486991
vt 0.151953 0.317520
vt 0.151959 0.316743
vt 0.152702 0.317493
vt 0.152698 0.318275
vt 0.136814 0.301510
vt 0.137470 0.302166
vt 0.137467 0.302836
vt 0.136811 0.302176
vt 0.135631 0.301504
vt 0.135627 0.302170
vt 0.131735 0.301480
vt 0.131731 0.302146
vt 0.130930 0.301477
vt 0.130928 0.302144
vt 0.130556 0.301108
vt 0.130555 0.301771
vt 0.126702 0.297240
vt 0.126700 0.297876
vt 0.126242 0.296782
vt 0.126241 0.297414
vt 0.125748 0.296781
vt 0.125747 0.297413
vt 0.124270 0.296777
vt 0.124272 0.297411
vt 0.123881 0.296781
vt 0.122838 0.296792
vt 0.116772 0.296815
vt 0.119636 0.296800
vt 0.066421 0.296518
vt 0.063781 0.296534
vt 0.059412 0.296553
vt 0.060360 0.296540
vt 0.059025 0.297188
vt 0.059022 0.296556
vt 0.057536 0.297176
vt 0.057542 0.296544
vt 0.057034 0.297167
vt 0.057044 0.296535
vt 0.056559 0.297617
vt 0.056567 0.296981
vt 0.052627 0.301440
vt 0.052642 0.300778
vt 0.052239 0.301801
vt 0.052255 0.301135
vt 0.051430 0.301787
vt 0.051439 0.301121
vt 0.047525 0.301750
vt 0.047532 0.301085
vt 0.046330 0.301739
vt 0.046338 0.301072
vt 0.045652 0.302386
vt 0.045660 0.301715
vt 0.030159 0.317574
vt 0.030162 0.316792
vt 0.030928 0.316055
vt 0.030920 0.316830
vt 0.966118 0.316145
vt 0.966118 0.315367
vt 0.966613 0.315855
vt 0.966608 0.316637
vt 0.950588 0.299992
vt 0.951439 0.300825
vt 0.951441 0.301498
vt 0.950589 0.300659
vt 0.949329 0.299992
vt 0.949329 0.300658
vt 0.945626 0.299995
vt 0.945628 0.300661
vt 0.944691 0.299997
vt 0.944696 0.300663
vt 0.943679 0.299010
vt 0.943683 0.299668
vt 0.939963 0.295342
vt 0.939962 0.295976
vt 0.939285 0.295344
vt 0.939284 0.295976
vt 0.937980 0.295341
vt 0.937972 0.295970
vt 0.937600 0.295334
vt 0.937076 0.295324
vt 0.930885 0.295266
vt 0.933058 0.295302
vt 0.879125 0.295146
vt 0.876893 0.295109
vt 0.873617 0.295089
vt 0.872774 0.295710
vt 0.872778 0.295077
vt 0.873152 0.295082
vt 0.873147 0.295715
vt 0.871476 0.295700
vt 0.871480 0.295069
vt 0.870810 0.295692
vt 0.870813 0.295061
vt 0.867108 0.299388
vt 0.867110 0.298729
vt 0.866105 0.300383
vt 0.866109 0.299716
vt 0.865177 0.300376
vt 0.865181 0.299710
vt 0.861480 0.300366
vt 0.861483 0.299700
vt 0.860224 0.300362
vt 0.860226 0.299696
vt 0.859375 0.301200
vt 0.859377 0.300528
vt 0.844194 0.316323
vt 0.844190 0.315541
vt 0.844684 0.315055
vt 0.844684 0.315832
vt 0.333242 0.486146
vt 0.334236 0.487117
vt 0.334238 0.487898
vt 0.333246 0.486919
vt 0.318133 0.471326
vt 0.318499 0.471684
vt 0.318500 0.472353
vt 0.318131 0.471994
vt 0.317522 0.471322
vt 0.317520 0.471990
vt 0.313355 0.471328
vt 0.313354 0.471994
vt 0.312227 0.471320
vt 0.312226 0.471984
vt 0.311426 0.470526
vt 0.311427 0.471186
vt 0.307905 0.467054
vt 0.307899 0.467689
vt 0.307501 0.466639
vt 0.307487 0.467271
vt 0.306855 0.466619
vt 0.306839 0.467253
vt 0.305372 0.466589
vt 0.305352 0.467213
vt 0.305131 0.466569
vt 0.304137 0.466540
vt 0.298124 0.466510
vt 0.300760 0.466523
vt 0.247776 0.466692
vt 0.244921 0.466697
vt 0.240719 0.466756
vt 0.241897 0.466715
vt 0.240525 0.466800
vt 0.239109 0.467496
vt 0.239077 0.466858
vt 0.238475 0.467520
vt 0.238453 0.466887
vt 0.238084 0.467943
vt 0.238071 0.467311
vt 0.234629 0.471493
vt 0.234613 0.470832
vt 0.233867 0.472311
vt 0.233846 0.471644
vt 0.232752 0.472336
vt 0.232739 0.471670
vt 0.228601 0.472377
vt 0.228591 0.471709
vt 0.228006 0.472388
vt 0.227998 0.471721
vt 0.227657 0.472751
vt 0.227651 0.472084
vt 0.212117 0.488480
vt 0.212114 0.487698
vt 0.213088 0.486713
vt 0.213093 0.487488
vt 0.804501 0.486962
vt 0.804501 0.486188
vt 0.805544 0.487215
vt 0.805544 0.487997
vt 0.789115 0.471377
vt 0.789500 0.471378
vt 0.789496 0.472046
vt 0.789112 0.472044
vt 0.784166 0.471385
vt 0.784167 0.472052
vt 0.783581 0.471388
vt 0.783586 0.472054
vt 0.783402 0.471227
vt 0.783410 0.471889
vt 0.779006 0.466910
vt 0.779003 0.467546
vt 0.778826 0.466743
vt 0.778824 0.467375
vt 0.778463 0.466743
vt 0.778460 0.467375
vt 0.776764 0.466740
vt 0.776756 0.467372
vt 0.776447 0.466735
vt 0.775844 0.466719
vt 0.770443 0.466673
vt 0.772686 0.466694
vt 0.718683 0.466672
vt 0.716518 0.466650
vt 0.712514 0.466624
vt 0.711690 0.467236
vt 0.711699 0.466604
vt 0.712003 0.466609
vt 0.711982 0.467242
vt 0.710013 0.467237
vt 0.710014 0.466604
vt 0.709670 0.467239
vt 0.709669 0.466607
vt 0.709508 0.467410
vt 0.709509 0.466780
vt 0.705175 0.471805
vt 0.705165 0.471138
vt 0.705022 0.471972
vt 0.705014 0.471306
vt 0.704461 0.471978
vt 0.704457 0.471312
vt 0.699536 0.471990
vt 0.699538 0.471323
vt 0.699171 0.471988
vt 0.699174 0.471325
vt 0.168805 0.027952
vt 0.168849 0.029273
vt 0.166226 0.029359
vt 0.166183 0.028038
vt 0.150970 0.029889
vt 0.150916 0.028533
vt 0.158128 0.028301
vt 0.158173 0.029637
vt 0.024220 0.033284
vt 0.024168 0.031978
vt 0.017590 0.033522
vt 0.017546 0.032195
vt 0.006630 0.033900
vt 0.006587 0.032558
vt 0.008954 0.032481
vt 0.008997 0.033823
vt 0.981790 0.029317
vt 0.983088 0.029316
vt 0.983090 0.030631
vt 0.981788 0.030623
vt 0.966238 0.030670
vt 0.966226 0.029314
vt 0.971688 0.029311
vt 0.971686 0.030644
vt 0.835903 0.029300
vt 0.835890 0.027987
vt 0.830253 0.027989
vt 0.830253 0.029325
vt 0.821993 0.027981
vt 0.821995 0.029337
vt 0.354764 0.199394
vt 0.354755 0.200734
vt 0.352277 0.200721
vt 0.352285 0.199380
vt 0.337173 0.199288
vt 0.343800 0.199330
vt 0.343790 0.200663
vt 0.337157 0.200613
vt 0.210380 0.198981
vt 0.210363 0.200322
vt 0.203165 0.198935
vt 0.203155 0.200265
vt 0.192472 0.200192
vt 0.192482 0.198868
vt 0.195511 0.198887
vt 0.195501 0.200211
vt 0.828909 0.203040
vt 0.828947 0.201692
vt 0.830450 0.201733
vt 0.830410 0.203078
vt 0.815323 0.202646
vt 0.815371 0.201328
vt 0.821008 0.201481
vt 0.820971 0.202816
vt 0.685001 0.200276
vt 0.685050 0.198928
vt 0.679555 0.200110
vt 0.679591 0.198778
vt 0.669501 0.198511
vt 0.669466 0.199825
vt 0.680939 0.201823
vt 0.671062 0.201519
vt 0.686265 0.201992
vt 0.813907 0.204266
vt 0.819446 0.204441
vt 0.828694 0.204718
vt 0.827224 0.204680
vt 0.194128 0.201864
vt 0.197094 0.201884
vt 0.211647 0.202006
vt 0.204589 0.201944
vt 0.335833 0.202270
vt 0.342333 0.202325
vt 0.353072 0.202402
vt 0.350645 0.202388
vt 0.831733 0.030993
vt 0.823640 0.031035
vt 0.837276 0.030955
vt 0.964930 0.032359
vt 0.970255 0.032321
vt 0.981419 0.032267
vt 0.980145 0.032261
vt 0.008357 0.035525
vt 0.010675 0.035447
vt 0.025591 0.034885
vt 0.019091 0.035132
vt 0.149734 0.031622
vt 0.156785 0.031361
vt 0.167240 0.030986
vt 0.164670 0.031073
vt 0.156144 0.057229
vt 0.156184 0.057765
vt 0.154022 0.057918
vt 0.153982 0.057380
vt 0.141450 0.058788
vt 0.141385 0.058219
vt 0.147339 0.057834
vt 0.147386 0.058383
vt 0.036721 0.060441
vt 0.036657 0.059928
vt 0.031249 0.060819
vt 0.031201 0.060287
vt 0.022208 0.061461
vt 0.022166 0.060919
vt 0.024117 0.060778
vt 0.024160 0.061320
vt 0.968751 0.057969
vt 0.969824 0.057893
vt 0.969868 0.058410
vt 0.968797 0.058486
vt 0.955988 0.059268
vt 0.955905 0.058707
vt 0.960419 0.058451
vt 0.960473 0.058985
vt 0.848340 0.056964
vt 0.848255 0.056428
vt 0.843616 0.056682
vt 0.843675 0.057243
vt 0.836806 0.057063
vt 0.836860 0.057631
vt 0.340239 0.228338
vt 0.340224 0.228893
vt 0.338176 0.228857
vt 0.338194 0.228297
vt 0.325710 0.228096
vt 0.331185 0.228184
vt 0.331167 0.228744
vt 0.325687 0.228652
vt 0.220968 0.228144
vt 0.220945 0.228708
vt 0.215010 0.228031
vt 0.214995 0.228586
vt 0.206177 0.228391
vt 0.206188 0.227843
vt 0.208689 0.227899
vt 0.208677 0.228448
vt 0.813733 0.230705
vt 0.813776 0.230157
vt 0.815013 0.230241
vt 0.814972 0.230789
vt 0.802519 0.229986
vt 0.802582 0.229466
vt 0.807228 0.229750
vt 0.807182 0.230289
vt 0.694850 0.228942
vt 0.694914 0.228387
vt 0.690364 0.228646
vt 0.690408 0.228110
vt 0.682087 0.227594
vt 0.682048 0.228117
vt 0.149286 0.088036
vt 0.147426 0.088149
vt 0.136586 0.088742
vt 0.141711 0.088473
vt 0.046545 0.089461
vt 0.041852 0.089712
vt 0.034077 0.090158
vt 0.035757 0.090056
vt 0.963053 0.088183
vt 0.962129 0.088221
vt 0.951070 0.088547
vt 0.954955 0.088444
vt 0.858521 0.086869
vt 0.854524 0.086972
vt 0.848663 0.087147
vt 0.330086 0.258865
vt 0.328328 0.258835
vt 0.322302 0.258765
vt 0.317596 0.258712
vt 0.227554 0.258848
vt 0.222430 0.258773
vt 0.214847 0.258646
vt 0.216996 0.258682
vt 0.801957 0.259724
vt 0.803021 0.259793
vt 0.792334 0.259186
vt 0.796327 0.259407
vt 0.699773 0.258713
vt 0.695896 0.258496
vt 0.688740 0.258087
vt 0.696554 0.259357
vt 0.689507 0.258987
vt 0.700350 0.259555
vt 0.791561 0.260021
vt 0.795522 0.260223
vt 0.802128 0.260575
vt 0.801077 0.260512
vt 0.215679 0.259518
vt 0.217795 0.259557
vt 0.228184 0.259711
vt 0.223146 0.259641
vt 0.316912 0.259576
vt 0.321555 0.259622
vt 0.329227 0.259702
vt 0.327494 0.259684
vt 0.855307 0.087824
vt 0.849525 0.087960
vt 0.859269 0.087746
vt 0.950470 0.089336
vt 0.954276 0.089260
vt 0.962250 0.089060
vt 0.961341 0.089091
vt 0.034961 0.090930
vt 0.036620 0.090829
vt 0.047285 0.090280
vt 0.042636 0.090512
vt 0.136014 0.089591
vt 0.141041 0.089345
vt 0.148498 0.088938
vt 0.146666 0.089048
vt 0.687981 0.255386
vt 0.687814 0.258026
vt 0.688016 0.254798
vt 0.683729 0.249843
vt 0.682818 0.248738
vt 0.681901 0.247549
vt 0.681096 0.246371
vt 0.680446 0.245210
vt 0.679987 0.244069
vt 0.679750 0.242954
vt 0.679746 0.241868
vt 0.679931 0.240118
vt 0.680167 0.239061
vt 0.680637 0.238032
vt 0.681323 0.237026
vt 0.682193 0.236041
vt 0.683208 0.235069
vt 0.684324 0.234107
vt 0.685491 0.233152
vt 0.685376 0.232996
vt 0.681600 0.228758
vt 0.680970 0.228047
vt 0.681008 0.227522
vt 0.681185 0.224921
vt 0.681218 0.224491
vt 0.680783 0.224013
vt 0.679404 0.222485
vt 0.678096 0.220959
vt 0.676929 0.219443
vt 0.675965 0.217938
vt 0.675257 0.216447
vt 0.674842 0.214972
vt 0.674741 0.213513
vt 0.674965 0.207967
vt 0.675004 0.206984
vt 0.674145 0.206087
vt 0.669780 0.201487
vt 0.668158 0.199793
vt 0.668195 0.198474
vt 0.668678 0.177775
vt 0.668716 0.176300
vt 0.463179 0.960385
vt 0.690753 0.559893
vt 0.690681 0.587688
vt 0.689079 0.558055
vt 0.688312 0.557278
vt 0.687597 0.556500
vt 0.686983 0.555723
vt 0.686513 0.554946
vt 0.686217 0.554169
vt 0.686118 0.553392
vt 0.686120 0.550818
vt 0.684391 0.549078
vt 0.683622 0.548299
vt 0.682907 0.547518
vt 0.682292 0.546738
vt 0.681821 0.545958
vt 0.681525 0.545179
vt 0.681424 0.544399
vt 0.681425 0.543404
vt 0.680140 0.542106
vt 0.679258 0.541208
vt 0.678435 0.540310
vt 0.677730 0.539412
vt 0.677189 0.538516
vt 0.676850 0.537621
vt 0.676736 0.536726
vt 0.676744 0.533307
vt 0.676040 0.532597
vt 0.674402 0.530931
vt 0.672877 0.529266
vt 0.671569 0.527601
vt 0.670568 0.525937
vt 0.669942 0.524276
vt 0.669733 0.522617
vt 0.669740 0.521204
vt 0.669965 0.519547
vt 0.670608 0.517894
vt 0.671625 0.516242
vt 0.672948 0.514593
vt 0.674488 0.512946
vt 0.676139 0.511300
vt 0.676846 0.510599
vt 0.681566 0.505916
vt 0.686283 0.501228
vt 0.691062 0.496391
vt 0.692161 0.495207
vt 0.707111 0.480234
vt 0.707116 0.479850
vt 0.707154 0.474905
vt 0.707164 0.474326
vt 0.707336 0.474157
vt 0.711731 0.469797
vt 0.711910 0.469618
vt 0.711923 0.469255
vt 0.711963 0.467558
vt 0.712055 0.292167
vt 0.712141 0.290461
vt 0.712168 0.290099
vt 0.712012 0.289919
vt 0.707824 0.285381
vt 0.707673 0.285210
vt 0.707705 0.284648
vt 0.707886 0.279730
vt 0.707902 0.279367
vt 0.693211 0.264143
vt 0.692234 0.263030
vt 0.691699 0.262418
vt 0.688596 0.258928
vt 0.847720 0.084541
vt 0.847826 0.087179
vt 0.847693 0.083961
vt 0.842864 0.079560
vt 0.841795 0.078641
vt 0.840677 0.077654
vt 0.839652 0.076664
vt 0.838769 0.075662
vt 0.838069 0.074641
vt 0.837582 0.073594
vt 0.837331 0.072516
vt 0.837128 0.070746
vt 0.837117 0.069639
vt 0.837336 0.068501
vt 0.837772 0.067332
vt 0.838399 0.066137
vt 0.839180 0.064922
vt 0.840069 0.063694
vt 0.841007 0.062444
vt 0.840852 0.062227
vt 0.836625 0.058354
vt 0.835886 0.057699
vt 0.835835 0.057132
vt 0.835640 0.054482
vt 0.835595 0.053997
vt 0.835077 0.053509
vt 0.833534 0.052047
vt 0.832067 0.050587
vt 0.830747 0.049120
vt 0.829638 0.047643
vt 0.828791 0.046155
vt 0.828250 0.044656
vt 0.828039 0.043145
vt 0.827912 0.037534
vt 0.827888 0.036485
vt 0.826986 0.035557
vt 0.822483 0.031030
vt 0.820815 0.029331
vt 0.820809 0.027982
vt 0.820918 0.007258
vt 0.820920 0.005780
vt 0.562838 0.011067
vt 0.852948 0.388288
vt 0.852958 0.416008
vt 0.851189 0.386538
vt 0.850417 0.385763
vt 0.849698 0.384987
vt 0.849080 0.384209
vt 0.848606 0.383431
vt 0.848306 0.382651
vt 0.848201 0.381870
vt 0.848186 0.379290
vt 0.846452 0.377547
vt 0.845681 0.376764
vt 0.844962 0.375981
vt 0.844344 0.375197
vt 0.843869 0.374413
vt 0.843568 0.373630
vt 0.843461 0.372845
vt 0.843451 0.371840
vt 0.842163 0.370535
vt 0.841275 0.369631
vt 0.840448 0.368728
vt 0.839737 0.367825
vt 0.839190 0.366924
vt 0.838843 0.366024
vt 0.838721 0.365123
vt 0.838697 0.361695
vt 0.837988 0.360979
vt 0.836339 0.359316
vt 0.834799 0.357656
vt 0.833475 0.355997
vt 0.832455 0.354338
vt 0.831808 0.352679
vt 0.831578 0.351017
vt 0.831567 0.349599
vt 0.831769 0.347935
vt 0.832388 0.346267
vt 0.833382 0.344595
vt 0.834682 0.342921
vt 0.836199 0.341246
vt 0.837827 0.339570
vt 0.838528 0.338856
vt 0.843199 0.334117
vt 0.847876 0.329385
vt 0.852552 0.324655
vt 0.853037 0.324160
vt 0.867675 0.309480
vt 0.868514 0.308641
vt 0.868502 0.307393
vt 0.868476 0.303699
vt 0.868467 0.302773
vt 0.869462 0.301770
vt 0.873158 0.298065
vt 0.873152 0.297396
vt 0.873147 0.296094
vt 0.873267 0.120612
vt 0.873248 0.119299
vt 0.873235 0.118614
vt 0.869556 0.114870
vt 0.868551 0.113860
vt 0.868540 0.112921
vt 0.868515 0.109210
vt 0.868495 0.107934
vt 0.867658 0.107058
vt 0.853168 0.092223
vt 0.852661 0.091753
vt 0.852072 0.091202
vt 0.848697 0.087986
vt 0.375592 0.008446
vt 0.557335 0.005780
vt 0.557465 0.015203
vt 0.375723 0.017864
vt 0.368251 0.014517
vt 0.369308 0.012491
vt 0.562208 0.009891
vt 0.562840 0.011636
vt 0.563613 0.011118
vt 0.800544 0.018462
vt 0.618813 0.015067
vt 0.618963 0.005780
vt 0.800691 0.009192
vt 0.808088 0.013809
vt 0.808212 0.014448
vt 0.809196 0.014511
vt 0.806949 0.015554
vt 0.613685 0.011578
vt 0.612717 0.010906
vt 0.614473 0.009437
vt 0.468204 0.954304
vt 0.648418 0.930636
vt 0.649728 0.940714
vt 0.469513 0.964394
vt 0.464161 0.961478
vt 0.463088 0.959784
vt 0.656076 0.934049
vt 0.655104 0.936890
vt 0.462428 0.960504
vt 0.560536 0.989392
vt 0.378785 0.987171
vt 0.378888 0.976878
vt 0.560640 0.979094
vt 0.371049 0.982785
vt 0.369942 0.982149
vt 0.372225 0.980785
vt 0.566429 0.983871
vt 0.567172 0.984497
vt 0.565746 0.985569
vt 0.801206 0.908784
vt 0.799460 0.908785
vt 0.790484 0.908792
vt 0.794497 0.908788
vt 0.697922 0.908770
vt 0.694053 0.908772
vt 0.687510 0.908774
vt 0.140534 0.738567
vt 0.145515 0.738563
vt 0.135415 0.738572
vt 0.045373 0.738509
vt 0.040662 0.738513
vt 0.033849 0.738515
vt 0.032875 0.738516
vt 0.963287 0.737242
vt 0.961216 0.737242
vt 0.951326 0.737244
vt 0.955195 0.737242
vt 0.858764 0.737215
vt 0.854751 0.737216
vt 0.848966 0.737214
vt 0.328033 0.907701
vt 0.322313 0.907703
vt 0.317601 0.907707
vt 0.227559 0.907656
vt 0.222440 0.907662
vt 0.215845 0.907664
vt 0.823580 0.950580
vt 0.821157 0.950580
vt 0.808704 0.950576
vt 0.814271 0.950580
vt 0.680254 0.950590
vt 0.674888 0.950585
vt 0.665811 0.950584
vt 0.159936 0.780341
vt 0.166847 0.780341
vt 0.152834 0.780344
vt 0.027879 0.780335
vt 0.021342 0.780335
vt 0.011887 0.780337
vt 0.010535 0.780336
vt 0.985602 0.779025
vt 0.982728 0.779024
vt 0.969009 0.779025
vt 0.974373 0.779025
vt 0.840559 0.779037
vt 0.834992 0.779037
vt 0.826966 0.779036
vt 0.349610 0.949485
vt 0.341672 0.949489
vt 0.335136 0.949491
vt 0.210183 0.949473
vt 0.203083 0.949475
vt 0.193933 0.949476
vt 0.827563 0.955470
vt 0.825019 0.955471
vt 0.811947 0.955470
vt 0.817791 0.955471
vt 0.677102 0.955468
vt 0.671469 0.955465
vt 0.661940 0.955466
vt 0.163392 0.785223
vt 0.170647 0.785222
vt 0.155936 0.785227
vt 0.024761 0.785224
vt 0.017899 0.785225
vt 0.007973 0.785225
vt 0.006553 0.785226
vt 0.989582 0.783908
vt 0.986565 0.783907
vt 0.972161 0.783909
vt 0.977794 0.783908
vt 0.837316 0.783929
vt 0.831473 0.783929
vt 0.823048 0.783928
vt 0.353452 0.954372
vt 0.345119 0.954375
vt 0.338258 0.954378
vt 0.207084 0.954363
vt 0.199631 0.954364
vt 0.190025 0.954366
vt 0.674447 0.843857
vt 0.674158 0.842019
vt 0.674445 0.840181
vt 0.675280 0.838343
vt 0.676580 0.836505
vt 0.678217 0.834666
vt 0.680034 0.832827
vt 0.681210 0.831652
vt 0.681210 0.830477
vt 0.681329 0.829557
vt 0.681680 0.828637
vt 0.682240 0.827717
vt 0.682970 0.826795
vt 0.683821 0.825873
vt 0.684732 0.824952
vt 0.685908 0.823773
vt 0.685906 0.822597
vt 0.686026 0.821676
vt 0.686378 0.820753
vt 0.686938 0.819832
vt 0.687669 0.818910
vt 0.688519 0.817988
vt 0.689433 0.817067
vt 0.690632 0.815863
vt 0.690651 0.780558
vt 0.657890 0.934868
vt 0.656956 0.934963
vt 0.143480 0.610320
vt 0.143488 0.645622
vt 0.144681 0.646822
vt 0.145594 0.647743
vt 0.146444 0.648665
vt 0.147175 0.649587
vt 0.147735 0.650508
vt 0.148088 0.651430
vt 0.148208 0.652352
vt 0.148208 0.653529
vt 0.149384 0.654706
vt 0.150298 0.655628
vt 0.151148 0.656549
vt 0.151879 0.657470
vt 0.152440 0.658391
vt 0.152793 0.659312
vt 0.152913 0.660233
vt 0.152913 0.661409
vt 0.154089 0.662585
vt 0.155906 0.664424
vt 0.157544 0.666263
vt 0.158844 0.668101
vt 0.159680 0.669938
vt 0.159968 0.671776
vt 0.159680 0.673614
vt 0.158846 0.675450
vt 0.157545 0.677286
vt 0.155907 0.679122
vt 0.154091 0.680958
vt 0.152915 0.682133
vt 0.152916 0.683307
vt 0.152796 0.684226
vt 0.152444 0.685145
vt 0.151884 0.686064
vt 0.151153 0.686985
vt 0.150302 0.687905
vt 0.149389 0.688826
vt 0.148214 0.690003
vt 0.148214 0.691180
vt 0.148093 0.692101
vt 0.147741 0.693022
vt 0.147180 0.693943
vt 0.146449 0.694864
vt 0.145597 0.695785
vt 0.144685 0.696706
vt 0.143472 0.697938
vt 0.143412 0.733864
vt 0.147012 0.737456
vt 0.148119 0.738561
vt 0.148119 0.739006
vt 0.148120 0.741522
vt 0.149297 0.742698
vt 0.150869 0.744277
vt 0.152361 0.745857
vt 0.153700 0.747438
vt 0.154817 0.749020
vt 0.155658 0.750601
vt 0.156180 0.752182
vt 0.156356 0.753763
vt 0.167663 0.773741
vt 0.169938 0.776018
vt 0.170461 0.776542
vt 0.170460 0.777206
vt 0.170459 0.780341
vt 0.170459 0.781244
vt 0.170844 0.781629
vt 0.174438 0.785223
vt 0.175161 0.785945
vt 0.175160 0.786415
vt 0.175160 0.792765
vt 0.175160 0.801328
vt 0.175160 0.813088
vt 0.175160 0.819611
vt 0.175132 0.820823
vt 0.170419 0.825569
vt 0.156323 0.839698
vt 0.148099 0.847939
vt 0.143402 0.852650
vt 0.658973 0.991041
vt 0.658972 0.989854
vt 0.658969 0.983331
vt 0.658965 0.971571
vt 0.658962 0.963008
vt 0.658960 0.956658
vt 0.658959 0.956188
vt 0.659682 0.955466
vt 0.663277 0.951873
vt 0.663662 0.951488
vt 0.663660 0.950585
vt 0.663658 0.947450
vt 0.663656 0.946787
vt 0.664179 0.946262
vt 0.666453 0.943985
vt 0.677751 0.924003
vt 0.677924 0.922423
vt 0.678442 0.920841
vt 0.679280 0.919259
vt 0.680394 0.917675
vt 0.681729 0.916090
vt 0.683217 0.914505
vt 0.684785 0.912920
vt 0.685961 0.911739
vt 0.685960 0.909221
vt 0.685960 0.908774
vt 0.687066 0.907666
vt 0.690661 0.904065
vt 0.690644 0.868153
vt 0.689449 0.866934
vt 0.688538 0.866012
vt 0.687687 0.865090
vt 0.686957 0.864169
vt 0.686396 0.863249
vt 0.686044 0.862328
vt 0.685924 0.861407
vt 0.685924 0.860230
vt 0.684748 0.859054
vt 0.683835 0.858133
vt 0.682984 0.857212
vt 0.682254 0.856292
vt 0.681694 0.855373
vt 0.681341 0.854454
vt 0.681221 0.853535
vt 0.681221 0.852363
vt 0.680045 0.851191
vt 0.678227 0.849359
vt 0.676587 0.847526
vt 0.675284 0.845692
vt 0.203304 0.839048
vt 0.204140 0.837212
vt 0.205442 0.835376
vt 0.207083 0.833542
vt 0.208902 0.831709
vt 0.210080 0.830538
vt 0.210080 0.829365
vt 0.210201 0.828447
vt 0.210554 0.827529
vt 0.211116 0.826610
vt 0.211848 0.825692
vt 0.212699 0.824774
vt 0.213613 0.823855
vt 0.214791 0.822680
vt 0.214792 0.821505
vt 0.214912 0.820584
vt 0.215266 0.819664
vt 0.215827 0.818744
vt 0.216559 0.817823
vt 0.217410 0.816902
vt 0.218323 0.815981
vt 0.219555 0.814758
vt 0.219598 0.779434
vt 0.187865 0.989949
vt 0.187865 0.988761
vt 0.187864 0.982238
vt 0.187863 0.970478
vt 0.187863 0.961913
vt 0.187862 0.955562
vt 0.187861 0.955091
vt 0.188584 0.954368
vt 0.192176 0.950769
vt 0.192562 0.950382
vt 0.192560 0.949477
vt 0.192558 0.946340
vt 0.192556 0.945675
vt 0.193080 0.945149
vt 0.195353 0.942869
vt 0.206653 0.922887
vt 0.206827 0.921306
vt 0.207347 0.919725
vt 0.208183 0.918144
vt 0.209295 0.916561
vt 0.210628 0.914976
vt 0.212116 0.913392
vt 0.213684 0.911808
vt 0.214858 0.910628
vt 0.214856 0.908110
vt 0.214855 0.907665
vt 0.215961 0.906555
vt 0.219557 0.902956
vt 0.219525 0.867046
vt 0.218304 0.865830
vt 0.217392 0.864908
vt 0.216543 0.863986
vt 0.215813 0.863064
vt 0.215253 0.862143
vt 0.214902 0.861222
vt 0.214781 0.860301
vt 0.214781 0.859124
vt 0.213604 0.857948
vt 0.212691 0.857027
vt 0.211840 0.856106
vt 0.211109 0.855184
vt 0.210548 0.854264
vt 0.210195 0.853344
vt 0.210074 0.852423
vt 0.210074 0.851248
vt 0.208898 0.850073
vt 0.207080 0.848235
vt 0.205441 0.846398
vt 0.204139 0.844561
vt 0.203304 0.842723
vt 0.203016 0.840885
vt 0.836348 0.670304
vt 0.836634 0.668459
vt 0.837468 0.666615
vt 0.838767 0.664770
vt 0.840404 0.662924
vt 0.842219 0.661077
vt 0.843394 0.659894
vt 0.843394 0.658714
vt 0.843514 0.657791
vt 0.843865 0.656868
vt 0.844424 0.655944
vt 0.845153 0.655020
vt 0.846003 0.654097
vt 0.846915 0.653173
vt 0.848089 0.651995
vt 0.848088 0.650819
vt 0.848208 0.649898
vt 0.848560 0.648977
vt 0.849121 0.648058
vt 0.849852 0.647138
vt 0.850703 0.646220
vt 0.851617 0.645302
vt 0.852795 0.644129
vt 0.852816 0.608850
vt 0.367052 0.013978
vt 0.368028 0.013899
vt 0.325441 0.779448
vt 0.325395 0.814758
vt 0.326535 0.815969
vt 0.327446 0.816892
vt 0.328295 0.817815
vt 0.329025 0.818737
vt 0.329584 0.819659
vt 0.329936 0.820580
vt 0.330055 0.821501
vt 0.330054 0.822677
vt 0.331228 0.823855
vt 0.332140 0.824777
vt 0.332991 0.825698
vt 0.333720 0.826618
vt 0.334280 0.827538
vt 0.334631 0.828457
vt 0.334750 0.829375
vt 0.334749 0.830549
vt 0.335923 0.831723
vt 0.337739 0.833559
vt 0.339378 0.835394
vt 0.340678 0.837230
vt 0.341512 0.839065
vt 0.341800 0.840901
vt 0.341512 0.842738
vt 0.340677 0.844575
vt 0.339376 0.846411
vt 0.337738 0.848248
vt 0.335921 0.850085
vt 0.334745 0.851259
vt 0.334745 0.852434
vt 0.334626 0.853353
vt 0.334274 0.854273
vt 0.333713 0.855193
vt 0.332983 0.856113
vt 0.332133 0.857035
vt 0.331220 0.857956
vt 0.330044 0.859132
vt 0.330044 0.860309
vt 0.329924 0.861231
vt 0.329571 0.862152
vt 0.329010 0.863074
vt 0.328279 0.863995
vt 0.327427 0.864916
vt 0.326514 0.865837
vt 0.325374 0.867071
vt 0.325395 0.902999
vt 0.328994 0.906594
vt 0.330101 0.907700
vt 0.330102 0.908143
vt 0.330104 0.910659
vt 0.331283 0.911834
vt 0.332856 0.913413
vt 0.334350 0.914993
vt 0.335690 0.916573
vt 0.336810 0.918154
vt 0.337654 0.919735
vt 0.338178 0.921317
vt 0.338357 0.922900
vt 0.349669 0.942878
vt 0.351949 0.945154
vt 0.352474 0.945680
vt 0.352476 0.946346
vt 0.352479 0.949483
vt 0.352480 0.950388
vt 0.352867 0.950776
vt 0.356464 0.954371
vt 0.357187 0.955095
vt 0.357188 0.955568
vt 0.357189 0.961919
vt 0.357189 0.970485
vt 0.357189 0.982246
vt 0.357189 0.988769
vt 0.357189 0.989956
vt 0.005898 0.990325
vt 0.010583 0.985602
vt 0.024680 0.971475
vt 0.032905 0.963239
vt 0.037602 0.958529
vt 0.820971 0.819515
vt 0.820971 0.818327
vt 0.820974 0.811804
vt 0.820975 0.800044
vt 0.820976 0.791477
vt 0.820978 0.785126
vt 0.820978 0.784653
vt 0.821702 0.783929
vt 0.825295 0.780330
vt 0.825682 0.779941
vt 0.825683 0.779035
vt 0.825686 0.775896
vt 0.825687 0.775229
vt 0.826214 0.774702
vt 0.828490 0.772421
vt 0.839798 0.752439
vt 0.839979 0.750854
vt 0.840504 0.749272
vt 0.841345 0.747689
vt 0.842463 0.746106
vt 0.843801 0.744522
vt 0.845293 0.742939
vt 0.846863 0.741357
vt 0.848040 0.740178
vt 0.848042 0.737660
vt 0.848042 0.737215
vt 0.849148 0.736107
vt 0.852746 0.732511
vt 0.852779 0.696588
vt 0.851625 0.695360
vt 0.850712 0.694439
vt 0.849861 0.693517
vt 0.849130 0.692595
vt 0.848570 0.691672
vt 0.848218 0.690749
vt 0.848098 0.689826
vt 0.848097 0.688647
vt 0.846923 0.687464
vt 0.846011 0.686538
vt 0.845161 0.685611
vt 0.844431 0.684686
vt 0.843870 0.683760
vt 0.843518 0.682834
vt 0.843397 0.681909
vt 0.843395 0.680726
vt 0.842220 0.679539
vt 0.840406 0.677690
vt 0.838769 0.675841
vt 0.837471 0.673994
vt 0.836636 0.672149
s 1
usemtl initialShadingGroup
f 3854/1/1 81/2/2 4790/3/3 4791/4/4
f 5740/5/5 3/6/5 5739/7/5 5844/8/5
f 88/9/6 3859/10/7 4575/11/8 4574/12/9
f 4785/13/10 1/14/10 4784/15/10 4996/16/10
f 4089/17/11 1468/18/12 3868/19/13 4088/20/13
f 4779/21/14 81/22/2 3854/23/1 4778/24/15
f 4763/25/16 66/26/17 3954/27/1 4762/28/15
f 67/29/18 3959/30/7 4591/31/8 4590/32/19
f 4073/33/20 1479/34/21 3968/35/13 4072/36/13
f 3954/37/1 66/38/17 4806/39/22 4807/40/4
f 4977/41/23 41/42/24 3994/43/1 4976/44/15
f 42/45/25 3999/46/7 4613/47/8 4612/48/26
f 4051/49/27 1498/50/28 4008/51/13 4050/52/13
f 3994/53/1 41/54/24 4828/55/29 4829/56/4
f 4961/57/30 653/58/31 3696/59/32 4960/60/15
f 660/61/33 3722/62/34 4630/63/8 4629/64/35
f 4271/65/36 1504/66/37 3752/67/13 4270/68/13
f 3675/69/38 666/70/39 4845/71/40 4846/72/4
f 4905/73/41 17/74/42 21/75/43 4904/76/44
f 18/77/45 22/78/46 4687/79/47 4686/80/48
f 4215/81/49 1551/82/50 1552/83/51 4214/84/52
f 21/85/43 17/86/42 4902/87/53 4903/88/54
f 25/89/55 29/90/56 5816/91/57 5817/92/58
f 5554/93/59 732/94/60 733/95/61 5553/96/62
f 5233/97/63 1553/98/64 1554/99/65 5232/100/66
f 5820/101/67 5821/102/68 29/103/56 25/104/55
f 33/105/69 306/106/70 5771/107/71 5772/108/72
f 5599/109/73 687/110/74 688/111/75 5598/112/76
f 5346/113/77 1598/114/78 1599/115/79 5345/116/80
f 5707/117/81 5708/118/82 306/119/70 33/120/69
f 341/121/83 343/122/83 5747/123/15 5748/124/15
f 5623/125/8 671/126/8 672/127/8 5622/128/8
f 5322/129/13 1614/130/13 1615/131/13 5321/132/13
f 5731/133/4 5732/134/4 343/135/83 341/136/83
f 343/122/83 349/137/83 5746/138/15 5747/123/15
f 5624/139/8 670/140/8 671/126/8 5623/125/8
f 5321/132/13 1615/131/13 1616/141/13 5320/142/13
f 5732/134/4 5733/143/4 349/144/83 343/135/83
f 5199/145/83 353/146/84 5744/147/85 5745/148/15
f 5626/149/86 669/150/87 5193/151/8 5625/152/8
f 5319/153/13 5205/154/13 1617/155/88 5318/156/89
f 5734/157/4 5735/158/90 353/159/84 5199/160/83
f 37/161/10 1/14/10 4785/13/10 4786/162/10
f 7/163/10 40/164/10 4570/165/10 4569/166/10
f 4094/167/10 1463/168/10 1464/169/10 4093/170/10
f 4784/15/10 1/14/10 37/161/10 4783/171/10
f 9/172/91 4972/173/92 4973/174/5 4044/175/5
f 4039/176/5 10/177/93 4617/178/94 4616/179/5
f 1500/180/95 4282/181/96 4283/182/5 4030/183/5
f 9/184/91 4044/185/5 4832/186/5 4833/187/97
f 49/188/10 37/161/10 4786/162/10 4787/189/10
f 40/164/10 52/190/10 4571/191/10 4570/165/10
f 4093/170/10 1464/169/10 1465/192/10 4092/193/10
f 4783/171/10 37/161/10 49/188/10 4782/194/10
f 41/42/24 4977/41/23 4978/195/98 57/196/99
f 58/197/100 42/45/25 4612/48/26 4611/198/101
f 1498/50/28 4051/49/27 4052/199/102 1497/200/103
f 41/54/24 57/201/99 4827/202/104 4828/55/29
f 61/203/10 49/188/10 4787/189/10 4788/204/10
f 52/190/10 64/205/10 4572/206/10 4571/191/10
f 4092/193/10 1465/192/10 1466/207/10 4091/208/10
f 4782/194/10 49/188/10 61/203/10 4781/209/10
f 53/210/105 4994/211/106 4995/212/5 3984/213/5
f 3979/214/5 54/215/107 4595/216/108 4594/217/5
f 1481/218/109 4068/219/110 4069/220/5 3970/221/5
f 53/222/105 3984/223/5 4810/224/5 4811/225/111
f 73/226/10 61/203/10 4788/204/10 4789/227/10
f 64/205/10 80/228/10 4573/229/10 4572/206/10
f 4091/208/10 1466/207/10 1467/230/10 4090/231/10
f 4781/209/10 61/203/10 73/226/10 4780/232/10
f 81/233/2 73/226/10 4789/227/10 4790/234/3
f 76/235/112 3904/236/5 4795/237/5 4796/238/113
f 3899/239/5 77/240/114 4580/241/115 4579/242/5
f 80/228/10 88/9/6 4574/12/9 4573/229/10
f 4090/231/10 1467/230/10 1468/243/12 4089/244/11
f 1470/245/116 4083/246/117 4084/247/5 3890/248/5
f 4780/232/10 73/226/10 81/233/2 4779/249/14
f 76/250/112 4773/251/118 4774/252/5 3904/253/5
f 4947/254/119 13/255/120 89/256/10 4946/257/10
f 14/258/121 90/259/10 4645/260/10 4644/261/122
f 4257/262/123 1509/263/124 1510/264/10 4256/265/10
f 89/266/10 13/267/120 4860/268/125 4861/269/10
f 4946/257/10 89/256/10 97/270/10 4945/271/10
f 90/259/10 98/272/10 4646/273/10 4645/260/10
f 4256/265/10 1510/264/10 1511/274/10 4255/275/10
f 97/276/10 89/266/10 4861/269/10 4862/277/10
f 4945/271/10 97/270/10 105/278/10 4944/279/10
f 98/272/10 106/280/10 4647/281/10 4646/273/10
f 4255/275/10 1511/274/10 1512/282/10 4254/283/10
f 105/284/10 97/276/10 4862/277/10 4863/285/10
f 4074/286/126 4075/287/127 1477/288/128 1478/289/129
f 4075/287/127 4076/290/130 1476/291/131 1477/288/128
f 4076/290/130 4077/292/132 1475/293/133 1476/291/131
f 4077/292/132 4078/294/134 1474/295/135 1475/293/133
f 4078/294/134 4079/296/136 1473/297/137 1474/295/135
f 4079/296/136 4080/298/138 1472/299/139 1473/297/137
f 4080/298/138 4081/300/140 1471/301/141 1472/299/139
f 142/302/142 143/303/143 4798/304/144 4799/305/145
f 141/306/146 142/302/142 4799/305/145 4800/307/147
f 140/308/148 141/306/146 4800/307/147 4801/309/149
f 139/310/150 140/308/148 4801/309/149 4802/311/151
f 138/312/152 139/310/150 4802/311/151 4803/313/153
f 137/314/154 138/312/152 4803/313/153 4804/315/155
f 144/316/156 137/314/154 4804/315/155 4805/317/157
f 143/318/143 142/319/142 4770/320/158 4771/321/159
f 142/319/142 141/322/146 4769/323/160 4770/320/158
f 141/322/146 140/324/148 4768/325/161 4769/323/160
f 140/324/148 139/326/150 4767/327/162 4768/325/161
f 139/326/150 138/328/152 4766/329/163 4767/327/162
f 138/328/152 137/330/154 4765/331/164 4766/329/163
f 137/330/154 144/332/156 4764/333/165 4765/331/164
f 151/334/166 150/335/167 4583/336/168 4582/337/169
f 150/335/167 149/338/170 4584/339/171 4583/336/168
f 149/338/170 148/340/172 4585/341/173 4584/339/171
f 148/340/172 147/342/174 4586/343/175 4585/341/173
f 147/342/174 146/344/176 4587/345/177 4586/343/175
f 146/344/176 145/346/178 4588/347/179 4587/345/177
f 145/346/178 152/348/180 4589/349/181 4588/347/179
f 3914/350/1 76/235/112 4796/238/113 4797/351/4
f 4773/251/118 76/250/112 3914/352/1 4772/353/15
f 77/240/114 3919/354/7 4581/355/8 4580/241/115
f 4083/246/117 1470/245/116 3928/356/13 4082/357/13
f 66/38/17 144/316/156 4805/317/157 4806/39/22
f 66/26/17 4763/25/16 4764/333/165 144/332/156
f 152/348/180 67/29/18 4590/32/19 4589/349/181
f 1479/34/21 4073/33/20 4074/286/126 1478/289/129
f 167/358/182 166/359/183 4818/360/184 4819/361/185
f 166/359/183 165/362/186 4817/363/187 4818/360/184
f 165/362/186 164/364/188 4816/365/189 4817/363/187
f 164/364/188 163/366/190 4815/367/191 4816/365/189
f 163/366/190 162/368/192 4814/369/193 4815/367/191
f 162/368/192 161/370/194 4813/371/195 4814/369/193
f 161/370/194 168/372/196 4812/373/197 4813/371/195
f 168/374/196 161/375/194 4992/376/198 4993/377/199
f 161/375/194 162/378/192 4991/379/200 4992/376/198
f 162/378/192 163/380/190 4990/381/201 4991/379/200
f 163/380/190 164/382/188 4989/383/202 4990/381/201
f 164/382/188 165/384/186 4988/385/203 4989/383/202
f 165/384/186 166/386/183 4987/387/204 4988/385/203
f 166/386/183 167/388/182 4986/389/205 4987/387/204
f 176/390/206 169/391/207 4597/392/208 4596/393/209
f 169/391/207 170/394/210 4598/395/211 4597/392/208
f 170/394/210 171/396/212 4599/397/213 4598/395/211
f 171/396/212 172/398/214 4600/399/215 4599/397/213
f 172/398/214 173/400/216 4601/401/217 4600/399/215
f 173/400/216 174/402/218 4602/403/219 4601/401/217
f 174/402/218 175/404/220 4603/405/221 4602/403/219
f 57/201/99 182/406/222 4826/407/223 4827/202/104
f 182/406/222 181/408/224 4825/409/225 4826/407/223
f 181/408/224 180/410/226 4824/411/227 4825/409/225
f 180/410/226 179/412/228 4823/413/229 4824/411/227
f 179/412/228 178/414/230 4822/415/231 4823/413/229
f 178/414/230 177/416/232 4821/417/233 4822/415/231
f 177/416/232 183/418/234 4820/419/235 4821/417/233
f 183/420/234 177/421/232 4984/422/236 4985/423/237
f 177/421/232 178/424/230 4983/425/238 4984/422/236
f 178/424/230 179/426/228 4982/427/239 4983/425/238
f 179/426/228 180/428/226 4981/429/240 4982/427/239
f 180/428/226 181/430/224 4980/431/241 4981/429/240
f 181/430/224 182/432/222 4979/433/242 4980/431/241
f 182/432/222 57/196/99 4978/195/98 4979/433/242
f 190/434/243 189/435/244 4605/436/245 4604/437/246
f 189/435/244 188/438/247 4606/439/248 4605/436/245
f 188/438/247 187/440/249 4607/441/250 4606/439/248
f 187/440/249 186/442/251 4608/443/252 4607/441/250
f 186/442/251 185/444/253 4609/445/254 4608/443/252
f 185/444/253 184/446/255 4610/447/256 4609/445/254
f 184/446/255 58/197/100 4611/198/101 4610/447/256
f 1490/448/257 1491/449/258 4058/450/259 4059/451/260
f 1491/449/258 1492/452/261 4057/453/262 4058/450/259
f 1492/452/261 1493/454/263 4056/455/264 4057/453/262
f 1493/454/263 1494/456/265 4055/457/266 4056/455/264
f 1494/456/265 1495/458/267 4054/459/268 4055/457/266
f 1495/458/267 1496/460/269 4053/461/270 4054/459/268
f 1496/460/269 1497/200/103 4052/199/102 4053/461/270
f 1482/462/271 1483/463/272 4066/464/273 4067/465/274
f 1483/463/272 1484/466/275 4065/467/276 4066/464/273
f 1484/466/275 1485/468/277 4064/469/278 4065/467/276
f 1485/468/277 1486/470/279 4063/471/280 4064/469/278
f 1486/470/279 1487/472/281 4062/473/282 4063/471/280
f 1487/472/281 1488/474/283 4061/475/284 4062/473/282
f 1488/474/283 1489/476/285 4060/477/286 4061/475/284
f 4986/389/205 167/388/182 183/420/234 4985/423/237
f 175/404/220 190/434/243 4604/437/246 4603/405/221
f 4060/477/286 1489/476/285 1490/448/257 4059/451/260
f 183/418/234 167/358/182 4819/361/185 4820/419/235
f 168/374/196 4993/377/199 4994/211/106 53/210/105
f 54/215/107 176/390/206 4596/393/209 4595/216/108
f 1482/462/271 4067/465/274 4068/219/110 1481/218/109
f 168/372/196 53/222/105 4811/225/111 4812/373/197
f 226/478/287 225/479/288 4869/480/289 4870/481/290
f 225/479/288 224/482/291 4868/483/292 4869/480/289
f 224/482/291 223/484/293 4867/485/294 4868/483/292
f 223/484/293 222/486/295 4866/487/296 4867/485/294
f 222/486/295 221/488/297 4865/489/298 4866/487/296
f 221/488/297 227/490/299 4864/491/300 4865/489/298
f 227/492/299 221/493/297 4942/494/301 4943/495/302
f 221/493/297 222/496/295 4941/497/303 4942/494/301
f 222/496/295 223/498/293 4940/499/304 4941/497/303
f 223/498/293 224/500/291 4939/501/305 4940/499/304
f 224/500/291 225/502/288 4938/503/306 4939/501/305
f 225/502/288 226/504/287 4937/505/307 4938/503/306
f 233/506/308 232/507/309 4649/508/310 4648/509/311
f 232/507/309 231/510/312 4650/511/313 4649/508/310
f 231/510/312 230/512/314 4651/513/315 4650/511/313
f 230/512/314 229/514/316 4652/515/317 4651/513/315
f 229/514/316 228/516/318 4653/517/319 4652/515/317
f 228/516/318 234/518/320 4654/519/321 4653/517/319
f 240/520/322 239/521/323 4876/522/324 4877/523/325
f 239/521/323 238/524/326 4875/525/327 4876/522/324
f 238/524/326 237/526/328 4874/527/329 4875/525/327
f 237/526/328 236/528/330 4873/529/331 4874/527/329
f 236/528/330 235/530/332 4872/531/333 4873/529/331
f 235/530/332 241/532/334 4871/533/335 4872/531/333
f 241/534/334 235/535/332 4935/536/336 4936/537/337
f 235/535/332 236/538/330 4934/539/338 4935/536/336
f 236/538/330 237/540/328 4933/541/339 4934/539/338
f 237/540/328 238/542/326 4932/543/340 4933/541/339
f 238/542/326 239/544/323 4931/545/341 4932/543/340
f 239/544/323 240/546/322 4930/547/342 4931/545/341
f 247/548/343 246/549/344 4656/550/345 4655/551/346
f 246/549/344 245/552/347 4657/553/348 4656/550/345
f 245/552/347 244/554/349 4658/555/350 4657/553/348
f 244/554/349 243/556/351 4659/557/352 4658/555/350
f 243/556/351 242/558/353 4660/559/354 4659/557/352
f 242/558/353 248/560/355 4661/561/356 4660/559/354
f 1520/562/357 1521/563/358 4245/564/359 4246/565/360
f 1521/563/358 1522/566/361 4244/567/362 4245/564/359
f 1522/566/361 1523/568/363 4243/569/364 4244/567/362
f 1523/568/363 1524/570/365 4242/571/366 4243/569/364
f 1524/570/365 1525/572/367 4241/573/368 4242/571/366
f 1525/572/367 1526/574/369 4240/575/370 4241/573/368
f 1513/576/371 1514/577/372 4252/578/373 4253/579/374
f 1514/577/372 1515/580/375 4251/581/376 4252/578/373
f 1515/580/375 1516/582/377 4250/583/378 4251/581/376
f 1516/582/377 1517/584/379 4249/585/380 4250/583/378
f 1517/584/379 1518/586/381 4248/587/382 4249/585/380
f 1518/586/381 1519/588/383 4247/589/384 4248/587/382
f 4937/505/307 226/504/287 241/534/334 4936/537/337
f 234/518/320 247/548/343 4655/551/346 4654/519/321
f 4247/589/384 1519/588/383 1520/562/357 4246/565/360
f 241/532/334 226/478/287 4870/481/290 4871/533/335
f 4944/279/10 105/278/10 227/492/299 4943/495/302
f 107/590/385 4929/591/386 4930/547/342 240/546/322
f 248/560/355 108/592/387 4662/593/388 4661/561/356
f 106/280/10 233/506/308 4648/509/311 4647/281/10
f 4254/283/10 1512/282/10 1513/576/371 4253/579/374
f 1527/594/389 4239/595/390 4240/575/370 1526/574/369
f 227/490/299 105/284/10 4863/285/10 4864/491/300
f 107/596/385 240/520/322 4877/523/325 4878/597/391
f 282/598/392 281/599/393 4884/600/394 4885/601/395
f 281/599/393 280/602/396 4883/603/397 4884/600/394
f 280/602/396 279/604/398 4882/605/399 4883/603/397
f 279/604/398 278/606/400 4881/607/401 4882/605/399
f 278/606/400 277/608/402 4880/609/403 4881/607/401
f 277/608/402 283/610/404 4879/611/405 4880/609/403
f 283/612/404 277/613/402 4927/614/406 4928/615/407
f 277/613/402 278/616/400 4926/617/408 4927/614/406
f 278/616/400 279/618/398 4925/619/409 4926/617/408
f 279/618/398 280/620/396 4924/621/410 4925/619/409
f 280/620/396 281/622/393 4923/623/411 4924/621/410
f 281/622/393 282/624/392 4922/625/412 4923/623/411
f 289/626/413 288/627/414 4664/628/415 4663/629/416
f 288/627/414 287/630/417 4665/631/418 4664/628/415
f 287/630/417 286/632/419 4666/633/420 4665/631/418
f 286/632/419 285/634/421 4667/635/422 4666/633/420
f 285/634/421 284/636/423 4668/637/424 4667/635/422
f 284/636/423 290/638/425 4669/639/426 4668/637/424
f 1528/640/427 1529/641/428 4237/642/429 4238/643/430
f 1529/641/428 1530/644/431 4236/645/432 4237/642/429
f 1530/644/431 1531/646/433 4235/647/434 4236/645/432
f 1531/646/433 1532/648/435 4234/649/436 4235/647/434
f 1532/648/435 1533/650/437 4233/651/438 4234/649/436
f 1533/650/437 1534/652/439 4232/653/440 4233/651/438
f 4929/591/386 107/590/385 283/612/404 4928/615/407
f 108/592/387 289/626/413 4663/629/416 4662/593/388
f 4239/595/390 1527/594/389 1528/640/427 4238/643/430
f 283/610/404 107/596/385 4878/597/391 4879/611/405
f 101/654/441 4921/655/442 4922/625/412 282/624/392
f 290/638/425 102/656/443 4670/657/444 4669/639/426
f 1535/658/445 4231/659/446 4232/653/440 1534/652/439
f 101/660/441 282/598/392 4885/601/395 4886/661/447
f 675/662/448 5614/663/449 5615/664/8 5105/665/8
f 337/666/450 5099/667/83 5755/668/15 5756/669/451
f 5723/670/452 5724/671/4 5099/672/83 337/673/450
f 5330/674/453 1611/675/454 5093/676/13 5329/677/13
f 357/678/455 5179/679/83 5749/680/15 5750/681/456
f 673/682/457 5620/683/458 5621/684/8 5185/685/8
f 5324/686/459 1613/687/460 5173/688/13 5323/689/13
f 5729/690/461 5730/691/4 5179/692/83 357/693/455
f 5711/694/4 5712/695/462 309/696/463 5059/697/464
f 5059/698/464 309/699/463 5767/700/465 5768/701/15
f 5603/702/466 685/703/467 5053/704/8 5602/705/8
f 5342/706/13 5065/707/13 1601/708/468 5341/709/469
f 313/710/5 3/6/5 5740/5/5 5741/711/5
f 5630/712/5 983/713/5 984/714/5 5629/715/5
f 1621/716/5 5314/717/5 5315/718/5 1620/719/5
f 5738/720/5 5739/7/5 3/6/5 313/710/5
f 5708/118/82 5709/721/10 5039/722/10 306/119/70
f 306/106/70 5039/723/10 5770/724/10 5771/107/71
f 687/110/74 5599/109/73 5600/725/10 5045/726/10
f 5345/116/80 1599/115/79 5033/727/10 5344/728/10
f 325/729/5 313/710/5 5741/711/5 5742/730/5
f 5629/715/5 984/714/5 985/731/5 5628/732/5
f 1620/719/5 5315/718/5 5316/733/5 1619/734/5
f 5737/735/5 5738/720/5 313/710/5 325/729/5
f 329/736/5 325/729/5 5742/730/5 5743/737/5
f 5628/732/5 985/731/5 986/738/5 5627/739/5
f 1619/734/5 5316/733/5 5317/740/5 1618/741/5
f 5736/742/5 5737/735/5 325/729/5 329/736/5
f 353/159/84 329/736/5 5743/737/5 5744/743/85
f 5627/739/5 986/738/5 669/744/87 5626/745/86
f 1618/741/5 5317/740/5 5318/746/89 1617/747/88
f 5735/158/90 5736/742/5 329/736/5 353/159/84
f 338/748/470 5139/749/10 5752/750/10 5753/751/471
f 674/752/472 5617/753/473 5618/754/10 5145/755/10
f 5327/756/474 1612/757/475 5133/758/10 5326/759/10
f 5726/760/476 5727/761/10 5139/762/10 338/763/470
f 5719/764/477 5720/765/478 367/766/479 366/767/480
f 5718/768/481 5719/764/477 366/767/480 365/769/482
f 5717/770/483 5718/768/481 365/769/482 364/771/484
f 5716/772/485 5717/770/483 364/771/484 363/773/486
f 5715/774/487 5716/772/485 363/773/486 362/775/488
f 5714/776/489 5715/774/487 362/775/488 361/777/490
f 5713/778/491 5714/776/489 361/777/490 368/779/492
f 368/780/492 361/781/490 5765/782/493 5766/783/494
f 361/781/490 362/784/488 5764/785/495 5765/782/493
f 362/784/488 363/786/486 5763/787/496 5764/785/495
f 363/786/486 364/788/484 5762/789/497 5763/787/496
f 364/788/484 365/790/482 5761/791/498 5762/789/497
f 365/790/482 366/792/480 5760/793/499 5761/791/498
f 366/792/480 367/794/479 5759/795/500 5760/793/499
f 5604/796/501 5605/797/502 683/798/503 684/799/504
f 5605/797/502 5606/800/505 682/801/506 683/798/503
f 5606/800/505 5607/802/507 681/803/508 682/801/506
f 5607/802/507 5608/804/509 680/805/510 681/803/508
f 5608/804/509 5609/806/511 679/807/512 680/805/510
f 5609/806/511 5610/808/513 678/809/514 679/807/512
f 5610/808/513 5611/810/515 677/811/516 678/809/514
f 1602/812/517 1603/813/518 5339/814/519 5340/815/520
f 1603/813/518 1604/816/521 5338/817/522 5339/814/519
f 1604/816/521 1605/818/523 5337/819/524 5338/817/522
f 1605/818/523 1606/820/525 5336/821/526 5337/819/524
f 1606/820/525 1607/822/527 5335/823/528 5336/821/526
f 1607/822/527 1608/824/529 5334/825/530 5335/823/528
f 1608/824/529 1609/826/531 5333/827/532 5334/825/530
f 367/794/479 321/828/533 5758/829/534 5759/795/500
f 5612/830/535 676/831/536 677/811/516 5611/810/515
f 5333/827/532 1609/826/531 1610/832/537 5332/833/538
f 5720/765/478 5721/834/539 321/835/533 367/766/479
f 309/699/463 368/780/492 5766/783/494 5767/700/465
f 685/703/467 5603/702/466 5604/796/501 684/799/504
f 5341/709/469 1601/708/468 1602/812/517 5340/815/520
f 5712/695/462 5713/778/491 368/779/492 309/696/463
f 5332/833/538 1610/832/537 5073/836/10 5331/837/10
f 5721/834/539 5722/838/10 5079/839/10 321/835/533
f 321/828/533 5079/840/10 5757/841/10 5758/829/534
f 676/831/536 5612/830/535 5613/842/10 5085/843/10
f 5842/844/540 5843/845/4 397/846/83 396/847/541
f 5841/848/542 5842/844/540 396/847/541 395/849/543
f 5840/850/544 5841/848/542 395/849/543 394/851/545
f 5839/852/546 5840/850/544 394/851/545 393/853/547
f 5838/854/548 5839/852/546 393/853/547 398/855/549
f 398/856/549 393/857/547 5798/858/550 5799/859/551
f 393/857/547 394/860/545 5797/861/552 5798/858/550
f 394/860/545 395/862/543 5796/863/553 5797/861/552
f 395/862/543 396/864/541 5795/865/554 5796/863/553
f 396/864/541 397/866/83 5794/867/15 5795/865/554
f 5571/868/555 5572/869/556 714/870/557 715/871/558
f 5572/869/556 5573/872/559 713/873/560 714/870/557
f 5573/872/559 5574/874/561 712/875/562 713/873/560
f 5574/874/561 5575/876/563 711/877/564 712/875/562
f 5575/876/563 5576/878/8 710/879/8 711/877/564
f 5689/880/565 5690/881/566 409/882/567 408/883/568
f 5688/884/569 5689/880/565 408/883/568 407/885/570
f 5687/886/571 5688/884/569 407/885/570 406/887/572
f 5686/888/573 5687/886/571 406/887/572 405/889/574
f 5843/845/4 5686/888/573 405/889/574 397/846/83
f 397/866/83 405/890/574 5793/891/575 5794/867/15
f 405/890/574 406/892/572 5792/893/576 5793/891/575
f 406/892/572 407/894/570 5791/895/577 5792/893/576
f 407/894/570 408/896/568 5790/897/578 5791/895/577
f 408/896/568 409/898/567 5789/899/579 5790/897/578
f 5576/878/8 5577/900/580 709/901/581 710/879/8
f 5577/900/580 5578/902/582 708/903/583 709/901/581
f 5578/902/582 5579/904/584 707/905/585 708/903/583
f 5579/904/584 5580/906/586 706/907/587 707/905/585
f 5580/906/586 5581/908/588 705/909/589 706/907/587
f 1576/910/13 1577/911/590 5209/912/591 5210/913/13
f 1577/911/590 1578/914/592 5366/915/593 5209/912/591
f 1578/914/592 1579/916/594 5365/917/595 5366/915/593
f 1579/916/594 1580/918/596 5364/919/597 5365/917/595
f 1580/918/596 1581/920/598 5363/921/599 5364/919/597
f 1571/922/600 1572/923/601 5214/924/602 5215/925/603
f 1572/923/601 1573/926/604 5213/927/605 5214/924/602
f 1573/926/604 1574/928/606 5212/929/607 5213/927/605
f 1574/928/606 1575/930/608 5211/931/609 5212/929/607
f 1575/930/608 1576/910/13 5210/913/13 5211/931/609
f 121/932/610 398/856/549 5799/859/551 5800/933/611
f 409/898/567 125/934/612 5788/935/613 5789/899/579
f 5582/936/614 704/937/615 705/909/589 5581/908/588
f 716/938/616 5570/939/617 5571/868/555 715/871/558
f 5216/940/618 1570/941/619 1571/922/600 5215/925/603
f 1582/942/620 5362/943/621 5363/921/599 1581/920/598
f 5837/944/622 5838/854/548 398/855/549 121/945/610
f 5690/881/566 5691/946/623 125/947/612 409/882/567
f 5827/948/624 5828/949/625 442/950/626 441/951/627
f 5826/952/628 5827/948/624 441/951/627 440/953/629
f 5825/954/630 5826/952/628 440/953/629 439/955/631
f 5824/956/632 5825/954/630 439/955/631 438/957/633
f 5823/958/634 5824/956/632 438/957/633 437/959/635
f 5822/960/636 5823/958/634 437/959/635 443/961/637
f 443/962/637 437/963/635 5814/964/638 5815/965/639
f 437/963/635 438/966/633 5813/967/640 5814/964/638
f 438/966/633 439/968/631 5812/969/641 5813/967/640
f 439/968/631 440/970/629 5811/971/642 5812/969/641
f 440/970/629 441/972/627 5810/973/643 5811/971/642
f 441/972/627 442/974/626 5809/975/644 5810/973/643
f 5555/976/645 5556/977/646 730/978/647 731/979/648
f 5556/977/646 5557/980/649 729/981/650 730/978/647
f 5557/980/649 5558/982/651 728/983/652 729/981/650
f 5558/982/651 5559/984/653 727/985/654 728/983/652
f 5559/984/653 5560/986/655 726/987/656 727/985/654
f 5560/986/655 5561/988/657 725/989/658 726/987/656
f 1555/990/659 1556/991/660 5230/992/661 5231/993/662
f 1556/991/660 1557/994/663 5229/995/664 5230/992/661
f 1557/994/663 1558/996/665 5228/997/666 5229/995/664
f 1558/996/665 1559/998/667 5227/999/668 5228/997/666
f 1559/998/667 1560/1000/669 5226/1001/670 5227/999/668
f 1560/1000/669 1561/1002/671 5225/1003/672 5226/1001/670
f 5705/1004/673 5706/1005/674 470/1006/675 469/1007/676
f 5704/1008/677 5705/1004/673 469/1007/676 468/1009/678
f 5703/1010/679 5704/1008/677 468/1009/678 467/1011/680
f 5702/1012/681 5703/1010/679 467/1011/680 466/1013/682
f 5701/1014/683 5702/1012/681 466/1013/682 465/1015/684
f 5700/1016/685 5701/1014/683 465/1015/684 471/1017/686
f 471/1018/686 465/1019/684 5778/1020/687 5779/1021/688
f 465/1019/684 466/1022/682 5777/1023/689 5778/1020/687
f 466/1022/682 467/1024/680 5776/1025/690 5777/1023/689
f 467/1024/680 468/1026/678 5775/1027/691 5776/1025/690
f 468/1026/678 469/1028/676 5774/1029/692 5775/1027/691
f 469/1028/676 470/1030/675 5773/1031/693 5774/1029/692
f 5591/1032/694 5592/1033/695 694/1034/696 695/1035/697
f 5592/1033/695 5593/1036/698 693/1037/699 694/1034/696
f 5593/1036/698 5594/1038/700 692/1039/701 693/1037/699
f 5594/1038/700 5595/1040/702 691/1041/703 692/1039/701
f 5595/1040/702 5596/1042/704 690/1043/705 691/1041/703
f 5596/1042/704 5597/1044/706 689/1045/707 690/1043/705
f 1591/1046/708 1592/1047/709 5352/1048/710 5353/1049/711
f 1592/1047/709 1593/1050/712 5351/1051/713 5352/1048/710
f 1593/1050/712 1594/1052/714 5350/1053/715 5351/1051/713
f 1594/1052/714 1595/1054/716 5349/1055/717 5350/1053/715
f 1595/1054/716 1596/1056/718 5348/1057/719 5349/1055/717
f 1596/1056/718 1597/1058/720 5347/1059/721 5348/1057/719
f 5835/1060/624 5836/1061/625 498/1062/722 497/1063/723
f 5834/1064/724 5835/1060/624 497/1063/723 496/1065/725
f 5833/1066/630 5834/1064/724 496/1065/725 495/1067/631
f 5832/1068/632 5833/1066/630 495/1067/631 494/1069/633
f 5831/1070/634 5832/1068/632 494/1069/633 493/1071/726
f 5830/1072/727 5831/1070/634 493/1071/726 499/1073/637
f 499/1074/637 493/1075/726 5806/1076/638 5807/1077/728
f 493/1075/726 494/1078/633 5805/1079/729 5806/1076/638
f 494/1078/633 495/1080/631 5804/1081/730 5805/1079/729
f 495/1080/631 496/1082/725 5803/1083/642 5804/1081/730
f 496/1082/725 497/1084/723 5802/1085/731 5803/1083/642
f 497/1084/723 498/1086/722 5801/1087/644 5802/1085/731
f 5563/1088/645 5564/1089/732 722/1090/733 723/1091/734
f 5564/1089/732 5565/1092/735 721/1093/736 722/1090/733
f 5565/1092/735 5566/1094/737 720/1095/652 721/1093/736
f 5566/1094/737 5567/1096/738 719/1097/654 720/1095/652
f 5567/1096/738 5568/1098/739 718/1099/740 719/1097/654
f 5568/1098/739 5569/1100/657 717/1101/658 718/1099/740
f 1563/1102/741 1564/1103/742 5222/1104/661 5223/1105/743
f 1564/1103/742 1565/1106/744 5221/1107/664 5222/1104/661
f 1565/1106/744 1566/1108/665 5220/1109/745 5221/1107/664
f 1566/1108/665 1567/1110/667 5219/1111/746 5220/1109/745
f 1567/1110/667 1568/1112/669 5218/1113/670 5219/1111/746
f 1568/1112/669 1569/1114/671 5217/1115/672 5218/1113/670
f 5697/1116/673 5698/1117/747 526/1118/675 525/1119/748
f 5696/1120/677 5697/1116/673 525/1119/748 524/1121/678
f 5695/1122/679 5696/1120/677 524/1121/678 523/1123/749
f 5694/1124/750 5695/1122/679 523/1123/749 522/1125/751
f 5693/1126/683 5694/1124/750 522/1125/751 521/1127/684
f 5692/1128/685 5693/1126/683 521/1127/684 527/1129/686
f 527/1130/686 521/1131/684 5786/1132/752 5787/1133/688
f 521/1131/684 522/1134/751 5785/1135/689 5786/1132/752
f 522/1134/751 523/1136/749 5784/1137/753 5785/1135/689
f 523/1136/749 524/1138/678 5783/1139/754 5784/1137/753
f 524/1138/678 525/1140/748 5782/1141/692 5783/1139/754
f 525/1140/748 526/1142/675 5781/1143/755 5782/1141/692
f 5583/1144/694 5584/1145/756 702/1146/757 703/1147/697
f 5584/1145/756 5585/1148/758 701/1149/699 702/1146/757
f 5585/1148/758 5586/1150/759 700/1151/701 701/1149/699
f 5586/1150/759 5587/1152/760 699/1153/761 700/1151/701
f 5587/1152/760 5588/1154/762 698/1155/763 699/1153/761
f 5588/1154/762 5589/1156/706 697/1157/707 698/1155/763
f 1583/1158/708 1584/1159/764 5360/1160/710 5361/1161/711
f 1584/1159/764 1585/1162/712 5359/1163/765 5360/1160/710
f 1585/1162/712 1586/1164/714 5358/1165/766 5359/1163/765
f 1586/1164/714 1587/1166/767 5357/1167/717 5358/1165/766
f 1587/1166/767 1588/1168/768 5356/1169/719 5357/1167/717
f 1588/1168/768 1589/1170/769 5355/1171/770 5356/1169/719
f 442/974/626 113/1172/771 5808/1173/772 5809/975/644
f 5562/1174/773 724/1175/774 725/989/658 5561/988/657
f 5225/1003/672 1561/1002/671 1562/1176/775 5224/1177/776
f 5828/949/625 5829/1178/777 113/1179/771 442/950/626
f 498/1086/722 121/932/610 5800/933/611 5801/1087/644
f 5570/939/617 716/938/616 717/1101/658 5569/1100/657
f 5217/1115/672 1569/1114/671 1570/941/619 5216/940/618
f 5836/1061/625 5837/944/622 121/945/610 498/1062/722
f 125/934/612 527/1130/686 5787/1133/688 5788/935/613
f 5583/1144/694 703/1147/697 704/937/615 5582/936/614
f 5362/943/621 1582/942/620 1583/1158/708 5361/1161/711
f 5691/946/623 5692/1128/685 527/1129/686 125/947/612
f 117/1180/778 471/1018/686 5779/1021/688 5780/1181/779
f 5591/1032/694 695/1035/697 696/1182/780 5590/1183/781
f 5354/1184/782 1590/1185/783 1591/1046/708 5353/1049/711
f 5699/1186/784 5700/1016/685 471/1017/686 117/1187/778
f 29/90/56 443/962/637 5815/965/639 5816/91/57
f 732/94/60 5554/93/59 5555/976/645 731/979/648
f 5232/100/66 1554/99/65 1555/990/659 5231/993/662
f 5821/102/68 5822/960/636 443/961/637 29/103/56
f 470/1030/675 33/105/69 5772/108/72 5773/1031/693
f 5598/112/76 688/111/75 689/1045/707 5597/1044/706
f 1598/114/78 5346/113/77 5347/1059/721 1597/1058/720
f 5706/1005/674 5707/117/81 33/120/69 470/1006/675
f 113/1172/771 499/1074/637 5807/1077/728 5808/1173/772
f 724/1175/774 5562/1174/773 5563/1088/645 723/1091/734
f 5224/1177/776 1562/1176/775 1563/1102/741 5223/1105/743
f 5829/1178/777 5830/1072/727 499/1073/637 113/1179/771
f 526/1142/675 117/1180/778 5780/1181/779 5781/1143/755
f 5590/1183/781 696/1182/780 697/1157/707 5589/1156/706
f 1590/1185/783 5354/1184/782 5355/1171/770 1589/1170/769
f 5698/1117/747 5699/1186/784 117/1187/778 526/1118/675
f 554/1188/785 553/1189/786 4900/1190/394 4901/1191/787
f 553/1189/786 552/1192/396 4899/1193/397 4900/1190/394
f 552/1192/396 551/1194/788 4898/1195/399 4899/1193/397
f 551/1194/788 550/1196/400 4897/1197/789 4898/1195/399
f 550/1196/400 549/1198/402 4896/1199/403 4897/1197/789
f 549/1198/402 555/1200/790 4895/1201/791 4896/1199/403
f 555/1202/790 549/1203/402 4911/1204/406 4912/1205/792
f 549/1203/402 550/1206/400 4910/1207/793 4911/1204/406
f 550/1206/400 551/1208/788 4909/1209/409 4910/1207/793
f 551/1208/788 552/1210/396 4908/1211/410 4909/1209/409
f 552/1210/396 553/1212/786 4907/1213/411 4908/1211/410
f 553/1212/786 554/1214/785 4906/1215/794 4907/1213/411
f 561/1216/795 560/1217/414 4680/1218/415 4679/1219/796
f 560/1217/414 559/1220/417 4681/1221/418 4680/1218/415
f 559/1220/417 558/1222/797 4682/1223/420 4681/1221/418
f 558/1222/797 557/1224/421 4683/1225/422 4682/1223/420
f 557/1224/421 556/1226/423 4684/1227/424 4683/1225/422
f 556/1226/423 562/1228/798 4685/1229/799 4684/1227/424
f 1544/1230/800 1545/1231/428 4221/1232/429 4222/1233/801
f 1545/1231/428 1546/1234/431 4220/1235/432 4221/1232/429
f 1546/1234/431 1547/1236/433 4219/1237/434 4220/1235/432
f 1547/1236/433 1548/1238/435 4218/1239/436 4219/1237/434
f 1548/1238/435 1549/1240/437 4217/1241/438 4218/1239/436
f 1549/1240/437 1550/1242/802 4216/1243/803 4217/1241/438
f 582/1244/785 581/1245/393 4892/1246/394 4893/1247/804
f 581/1245/393 580/1248/805 4891/1249/806 4892/1246/394
f 580/1248/805 579/1250/788 4890/1251/399 4891/1249/806
f 579/1250/788 578/1252/400 4889/1253/401 4890/1251/399
f 578/1252/400 577/1254/402 4888/1255/403 4889/1253/401
f 577/1254/402 583/1256/807 4887/1257/808 4888/1255/403
f 583/1258/807 577/1259/402 4919/1260/406 4920/1261/809
f 577/1259/402 578/1262/400 4918/1263/793 4919/1260/406
f 578/1262/400 579/1264/788 4917/1265/810 4918/1263/793
f 579/1264/788 580/1266/805 4916/1267/811 4917/1265/810
f 580/1266/805 581/1268/393 4915/1269/812 4916/1267/811
f 581/1268/393 582/1270/785 4914/1271/794 4915/1269/812
f 589/1272/813 588/1273/414 4672/1274/415 4671/1275/814
f 588/1273/414 587/1276/417 4673/1277/815 4672/1274/415
f 587/1276/417 586/1278/816 4674/1279/420 4673/1277/815
f 586/1278/816 585/1280/421 4675/1281/817 4674/1279/420
f 585/1280/421 584/1282/423 4676/1283/818 4675/1281/817
f 584/1282/423 590/1284/819 4677/1285/820 4676/1283/818
f 1536/1286/821 1537/1287/428 4229/1288/429 4230/1289/822
f 1537/1287/428 1538/1290/823 4228/1291/432 4229/1288/429
f 1538/1290/823 1539/1292/433 4227/1293/434 4228/1291/432
f 1539/1292/433 1540/1294/824 4226/1295/825 4227/1293/434
f 1540/1294/824 1541/1296/437 4225/1297/826 4226/1295/825
f 1541/1296/437 1542/1298/802 4224/1299/827 4225/1297/826
f 4921/655/442 101/654/441 583/1258/807 4920/1261/809
f 102/656/443 589/1272/813 4671/1275/814 4670/657/444
f 4231/659/446 1535/658/445 1536/1286/821 4230/1289/822
f 583/1256/807 101/660/441 4886/661/447 4887/1257/808
f 4913/1300/828 93/1301/829 555/1202/790 4912/1205/792
f 94/1302/830 561/1216/795 4679/1219/796 4678/1303/831
f 4223/1304/832 1543/1305/833 1544/1230/800 4222/1233/801
f 555/1200/790 93/1306/829 4894/1307/834 4895/1201/791
f 17/74/42 4905/73/41 4906/1215/794 554/1214/785
f 562/1228/798 18/77/45 4686/80/48 4685/1229/799
f 1551/82/50 4215/81/49 4216/1243/803 1550/1242/802
f 17/86/42 554/1188/785 4901/1191/787 4902/87/53
f 93/1301/829 4913/1300/828 4914/1271/794 582/1270/785
f 590/1284/819 94/1302/830 4678/1303/831 4677/1285/820
f 1543/1305/833 4223/1304/832 4224/1299/827 1542/1298/802
f 93/1306/829 582/1244/785 4893/1247/804 4894/1307/834
f 4972/173/92 9/172/91 3815/1308/15 4971/1309/15
f 9/1310/91 3686/1311/835 3814/1312/15 3815/1313/15
f 13/255/120 4947/254/119 4948/1314/15 3828/1315/15
f 3711/1316/836 10/1317/93 3820/1318/15 3821/1319/15
f 3769/1320/8 14/258/121 4644/261/122 4643/1321/8
f 3738/1322/837 11/1323/838 3777/1324/8 3778/1325/8
f 10/177/93 3772/1326/8 4618/1327/8 4617/178/94
f 10/1328/93 3711/1329/836 3771/1330/8 3772/1331/8
f 4282/181/96 1500/180/95 3787/1332/13 4281/1333/13
f 11/1334/838 3738/1335/837 3782/1336/13 3783/1337/13
f 1509/263/124 4257/262/123 4258/1338/13 3792/1339/13
f 3763/1340/839 12/1341/840 3788/1342/13 3789/1343/13
f 3804/1344/4 9/184/91 4833/187/97 4834/1345/4
f 12/1346/840 3763/1347/839 3798/1348/4 3799/1349/4
f 13/267/120 3807/1350/4 4859/1351/4 4860/268/125
f 3686/1352/835 9/1353/91 3804/1354/4 3805/1355/4
f 4969/1356/841 605/1357/842 3251/1358/843 4968/1359/5
f 605/1360/842 3688/1361/844 3689/1362/8 3251/1363/843
f 607/1364/845 4950/1365/846 4951/1366/10 3250/1367/847
f 3709/1368/848 606/1369/849 3256/1370/850 3708/1371/4
f 3478/1372/851 609/1373/852 4641/1374/853 4640/1375/10
f 3736/1376/854 611/1377/855 3484/1378/856 3735/1379/15
f 612/1380/857 3479/1381/858 4621/1382/5 4620/1383/859
f 612/1384/857 3713/1385/860 3714/1386/13 3479/1387/858
f 4280/1388/861 1501/1389/862 3411/1390/5 4279/1391/5
f 613/1392/863 3739/1393/864 3740/1394/4 3407/1395/865
f 1508/1396/866 4259/1397/867 4260/1398/10 3402/1399/10
f 3761/1400/8 3762/1401/868 614/1402/869 3412/1403/870
f 3340/1404/871 618/1405/872 4836/1406/873 4837/1407/5
f 617/1408/874 3661/1409/875 3662/1410/15 3335/1411/876
f 620/1412/877 3329/1413/878 4856/1414/10 4857/1415/879
f 3684/1416/880 618/1417/872 3340/1418/871 3683/1419/13
f 4966/1420/881 621/1421/882 3275/1422/15 4965/1423/15
f 621/1424/882 3691/1425/883 3692/1426/15 3275/1427/15
f 623/1428/884 4953/1429/885 4954/1430/15 3274/1431/15
f 3706/1432/886 622/1433/887 3280/1434/15 3705/1435/15
f 3538/1436/8 625/1437/888 4638/1438/889 4637/1439/8
f 3733/1440/890 627/1441/891 3544/1442/8 3732/1443/8
f 628/1444/892 3539/1445/8 4624/1446/8 4623/1447/893
f 628/1448/892 3716/1449/894 3717/1450/8 3539/1451/8
f 4277/1452/895 1502/1453/896 3435/1454/13 4276/1455/13
f 629/1456/897 3742/1457/898 3743/1458/13 3431/1459/13
f 1507/1460/899 4262/1461/900 4263/1462/13 3426/1463/13
f 3759/1464/901 630/1465/902 3436/1466/13 3758/1467/13
f 3364/1468/4 634/1469/903 4839/1470/904 4840/1471/4
f 633/1472/905 3664/1473/906 3665/1474/4 3359/1475/4
f 636/1476/907 3353/1477/4 4853/1478/4 4854/1479/908
f 3681/1480/909 634/1481/903 3364/1482/4 3680/1483/4
f 4964/1484/910 637/1485/911 3287/1486/912 4963/1487/5
f 637/1488/911 3693/1489/913 3694/1490/8 3287/1491/912
f 639/1492/914 4955/1493/915 4956/1494/10 3286/1495/916
f 3704/1496/917 638/1497/918 3292/1498/919 3703/1499/4
f 3502/1500/920 641/1501/921 4635/1502/922 4634/1503/10
f 3730/1504/923 643/1505/924 3508/1506/925 3729/1507/15
f 644/1508/926 3503/1509/927 4627/1510/5 4626/1511/928
f 644/1512/926 3719/1513/929 3720/1514/13 3503/1515/927
f 4274/1516/930 1503/1517/931 3459/1518/5 4273/1519/5
f 645/1520/932 3745/1521/933 3746/1522/4 3455/1523/934
f 1506/1524/935 4265/1525/936 4266/1526/10 3450/1527/10
f 3756/1528/937 646/1529/938 3460/1530/939 3755/1531/8
f 3388/1532/940 650/1533/941 4842/1534/942 4843/1535/5
f 649/1536/943 3667/1537/944 3668/1538/15 3383/1539/945
f 652/1540/946 3377/1541/947 4850/1542/10 4851/1543/948
f 3678/1544/949 650/1545/941 3388/1546/940 3677/1547/13
f 3167/1548/950 2530/1549/951 5191/1550/8 5192/1551/8
f 3165/1552/8 3166/1553/8 2531/1554/8 2532/1555/8
f 3164/1556/8 3165/1552/8 2532/1555/8 2533/1557/8
f 2534/1558/952 3163/1559/953 5186/1560/8 5187/1561/8
f 2535/1562/954 3162/1563/955 5146/1564/10 5147/1565/10
f 2536/1566/956 3161/1567/957 5106/1568/8 5107/1569/8
f 2537/1570/958 3160/1571/959 5086/1572/10 5087/1573/10
f 3159/1574/960 3160/1571/959 2537/1570/958 2538/1575/960
f 3158/1576/961 3159/1574/960 2538/1575/960 2539/1577/962
f 3157/1578/963 3158/1576/961 2539/1577/962 2540/1579/964
f 3156/1580/965 3157/1578/963 2540/1579/964 2541/1581/966
f 3155/1582/967 3156/1580/965 2541/1581/966 2542/1583/968
f 3154/1584/969 3155/1582/967 2542/1583/968 2543/1585/970
f 3153/1586/971 3154/1584/969 2543/1585/970 2544/1587/972
f 3152/1588/973 3153/1586/971 2544/1587/972 2545/1589/974
f 2546/1590/975 3151/1591/976 3152/1588/973 2545/1589/974
f 5052/1592/8 3151/1591/976 2546/1590/975 5051/1593/8
f 2548/1594/977 3149/1595/978 5046/1596/10 5047/1597/10
f 3148/1598/979 3149/1595/978 2548/1594/977 2549/1599/980
f 3147/1600/981 3148/1598/979 2549/1599/980 2550/1601/982
f 3146/1602/983 3147/1600/981 2550/1601/982 2551/1603/984
f 3145/1604/985 3146/1602/983 2551/1603/984 2552/1605/986
f 3144/1606/987 3145/1604/985 2552/1605/986 2553/1607/988
f 3143/1608/989 3144/1606/987 2553/1607/988 2554/1609/990
f 3142/1610/991 3143/1608/989 2554/1609/990 2555/1611/992
f 3141/1612/993 3142/1610/991 2555/1611/992 2556/1613/993
f 3140/1614/994 3141/1612/993 2556/1613/993 2557/1615/995
f 3139/1616/996 3140/1614/994 2557/1615/995 2558/1617/982
f 3138/1618/997 3139/1616/996 2558/1617/982 2559/1619/998
f 3137/1620/999 3138/1618/997 2559/1619/998 2560/1621/1000
f 3136/1622/1001 3137/1620/999 2560/1621/1000 2561/1623/988
f 3135/1624/1002 3136/1622/1001 2561/1623/988 2562/1625/990
f 3134/1626/991 3135/1624/1002 2562/1625/990 2563/1627/992
f 3133/1628/993 3134/1626/991 2563/1627/992 2564/1629/993
f 3132/1630/1003 3133/1628/993 2564/1629/993 2565/1631/1004
f 3131/1632/1005 3132/1630/1003 2565/1631/1004 2566/1633/1006
f 3130/1634/1007 3131/1632/1005 2566/1633/1006 2567/1635/1008
f 3129/1636/1009 3130/1634/1007 2567/1635/1008 2568/1637/1010
f 3128/1638/1011 3129/1636/1009 2568/1637/1010 2569/1639/1012
f 3127/1640/1013 3128/1638/1011 2569/1639/1012 2570/1641/1014
f 3126/1642/8 3127/1640/1013 2570/1641/1014 2571/1643/8
f 3125/1644/1015 3126/1642/8 2571/1643/8 2572/1645/1016
f 3124/1646/1017 3125/1644/1015 2572/1645/1016 2573/1647/1018
f 3123/1648/1019 3124/1646/1017 2573/1647/1018 2574/1649/1020
f 3122/1650/1021 3123/1648/1019 2574/1649/1020 2575/1651/1022
f 3121/1652/1023 3122/1650/1021 2575/1651/1022 2576/1653/1024
f 2577/1654/1025 3120/1655/1026 3121/1652/1023 2576/1653/1024
f 3119/1656/1027 3120/1655/1026 2577/1654/1025 2578/1657/1027
f 3118/1658/1028 3119/1656/1027 2578/1657/1027 2579/1659/1029
f 3117/1660/1030 3118/1658/1028 2579/1659/1029 2580/1661/1031
f 3116/1662/1032 3117/1660/1030 2580/1661/1031 2581/1663/1033
f 3115/1664/1034 3116/1662/1032 2581/1663/1033 2582/1665/1035
f 3114/1666/1036 3115/1664/1034 2582/1665/1035 2583/1667/1037
f 3113/1668/1038 3114/1666/1036 2583/1667/1037 2584/1669/1039
f 2585/1670/1040 3112/1671/1041 3113/1668/1038 2584/1669/1039
f 3111/1672/1027 3112/1671/1041 2585/1670/1040 2586/1673/1027
f 3110/1674/1028 3111/1672/1027 2586/1673/1027 2587/1675/1029
f 3109/1676/1042 3110/1674/1028 2587/1675/1029 2588/1677/1031
f 3108/1678/1043 3109/1676/1042 2588/1677/1031 2589/1679/1033
f 3107/1680/1044 3108/1678/1043 2589/1679/1033 2590/1681/1045
f 3106/1682/1046 3107/1680/1044 2590/1681/1045 2591/1683/1047
f 3105/1684/1048 3106/1682/1046 2591/1683/1047 2592/1685/1049
f 2593/1686/1050 3104/1687/1051 3105/1684/1048 2592/1685/1049
f 3103/1688/8 3104/1687/1051 2593/1686/1050 2594/1689/8
f 3102/1690/8 3103/1688/8 2594/1689/8 2271/1691/8
f 3101/1692/1052 3102/1690/8 2271/1691/8 2272/1693/1053
f 3100/1694/1054 3101/1692/1052 2272/1693/1053 2273/1695/1055
f 3099/1696/1056 3100/1694/1054 2273/1695/1055 2274/1697/998
f 3098/1698/1057 3099/1696/1056 2274/1697/998 2275/1699/1058
f 3097/1700/1001 3098/1698/1057 2275/1699/1058 2276/1701/1059
f 3096/1702/1002 3097/1700/1001 2276/1701/1059 2277/1703/990
f 3095/1704/991 3096/1702/1002 2277/1703/990 2278/1705/1060
f 3094/1706/1061 3095/1704/991 2278/1705/1060 2279/1707/1061
f 3093/1708/1062 3094/1706/1061 2279/1707/1061 2280/1709/1063
f 3092/1710/1054 3093/1708/1062 2280/1709/1063 2281/1711/1064
f 3091/1712/1056 3092/1710/1054 2281/1711/1064 2282/1713/1065
f 3090/1714/1057 3091/1712/1056 2282/1713/1065 2283/1715/1066
f 3089/1716/1001 3090/1714/1057 2283/1715/1066 2284/1717/1067
f 3088/1718/1002 3089/1716/1001 2284/1717/1067 2285/1719/1068
f 3087/1720/1069 3088/1718/1002 2285/1719/1068 2286/1721/1060
f 3086/1722/993 3087/1720/1069 2286/1721/1060 2287/1723/993
f 3085/1724/1070 3086/1722/993 2287/1723/993 2288/1725/1071
f 3084/1726/1072 3085/1724/1070 2288/1725/1071 2289/1727/1073
f 3083/1728/1056 3084/1726/1072 2289/1727/1073 2290/1729/1065
f 3082/1730/1057 3083/1728/1056 2290/1729/1065 2291/1731/1058
f 3081/1732/1001 3082/1730/1057 2291/1731/1058 2292/1733/1067
f 3080/1734/1002 3081/1732/1001 2292/1733/1067 2293/1735/990
f 3079/1736/991 3080/1734/1002 2293/1735/990 2294/1737/1060
f 3078/1738/1074 3079/1736/991 2294/1737/1060 2295/1739/1074
f 3077/1740/1075 3078/1738/1074 2295/1739/1074 2296/1741/1076
f 3076/1742/1077 3077/1740/1075 2296/1741/1076 2297/1743/1078
f 3075/1744/1079 3076/1742/1077 2297/1743/1078 2298/1745/1080
f 3074/1746/1081 3075/1744/1079 2298/1745/1080 2299/1747/1082
f 3073/1748/1083 3074/1746/1081 2299/1747/1082 2300/1749/1084
f 3072/1750/1085 3073/1748/1083 2300/1749/1084 2301/1751/1086
f 3071/1752/1087 3072/1750/1085 2301/1751/1086 2302/1753/1069
f 3070/1754/1088 3071/1752/1087 2302/1753/1069 2303/1755/1088
f 3069/1756/1089 3070/1754/1088 2303/1755/1088 2304/1757/1089
f 3068/1758/1090 3069/1756/1089 2304/1757/1089 2305/1759/1091
f 3067/1760/1092 3068/1758/1090 2305/1759/1091 2306/1761/1093
f 3066/1762/1094 3067/1760/1092 2306/1761/1093 2307/1763/1095
f 3065/1764/1096 3066/1762/1094 2307/1763/1095 2308/1765/1097
f 3064/1766/1098 3065/1764/1096 2308/1765/1097 2309/1767/1099
f 3063/1768/1100 3064/1766/1098 2309/1767/1099 2310/1769/1101
f 2311/1770/10 3062/1771/10 3063/1768/1100 2310/1769/1101
f 2312/1772/10 3061/1773/10 3062/1771/10 2311/1770/10
f 2313/1774/10 3060/1775/10 3061/1773/10 2312/1772/10
f 2314/1776/1102 3059/1777/1103 3060/1775/10 2313/1774/10
f 3767/1778/8 3059/1777/1103 2314/1776/1102 3766/1779/8
f 3476/1780/10 3058/1781/1104 2315/1782/1105 3475/1783/10
f 3536/1784/8 3057/1785/1106 2316/1786/1107 3535/1787/8
f 3500/1788/10 3056/1789/1108 2317/1790/1109 3499/1791/10
f 3054/1792/1110 3724/1793/8 3725/1794/8 2319/1795/35
f 2320/1796/1111 3053/1797/1112 3505/1798/5 3506/1799/5
f 2321/1800/1113 3052/1801/1114 3541/1802/8 3542/1803/8
f 2322/1804/1115 3051/1805/1116 3481/1806/5 3482/1807/5
f 2323/1808/1117 3050/1809/1118 3774/1810/8 3775/1811/8
f 4037/1812/5 3050/1809/1118 2323/1808/1117 4036/1813/5
f 3048/1814/1119 4001/1815/8 4002/1816/8 2325/1817/1120
f 3047/1818/1121 3048/1814/1119 2325/1817/1120 2326/1819/1122
f 3046/1820/1123 3047/1818/1121 2326/1819/1122 2327/1821/1124
f 3045/1822/1125 3046/1820/1123 2327/1821/1124 2328/1823/1126
f 3044/1824/1127 3045/1822/1125 2328/1823/1126 2329/1825/1128
f 3043/1826/1129 3044/1824/1127 2329/1825/1128 2330/1827/1130
f 3042/1828/1131 3043/1826/1129 2330/1827/1130 2331/1829/1132
f 3041/1830/1133 3042/1828/1131 2331/1829/1132 2332/1831/1134
f 3040/1832/1135 3041/1830/1133 2332/1831/1134 2333/1833/1135
f 3039/1834/1136 3040/1832/1135 2333/1833/1135 2334/1835/1136
f 3038/1836/961 3039/1834/1136 2334/1835/1136 2335/1837/1137
f 3037/1838/1138 3038/1836/961 2335/1837/1137 2336/1839/1139
f 3036/1840/1140 3037/1838/1138 2336/1839/1139 2337/1841/1141
f 3035/1842/1142 3036/1840/1140 2337/1841/1141 2338/1843/1143
f 3034/1844/1144 3035/1842/1142 2338/1843/1143 2339/1845/1145
f 3033/1846/1146 3034/1844/1144 2339/1845/1145 2340/1847/1147
f 3032/1848/1148 3033/1846/1146 2340/1847/1147 2341/1849/1149
f 3031/1850/1150 3032/1848/1148 2341/1849/1149 2342/1851/1151
f 3977/1852/5 3031/1850/1150 2342/1851/1151 3976/1853/5
f 3029/1854/1152 3961/1855/8 3962/1856/8 2344/1857/1153
f 3028/1858/1154 3029/1854/1152 2344/1857/1153 2345/1859/1155
f 3027/1860/1156 3028/1858/1154 2345/1859/1155 2346/1861/1157
f 3026/1862/1158 3027/1860/1156 2346/1861/1157 2347/1863/1159
f 3025/1864/1160 3026/1862/1158 2347/1863/1159 2348/1865/1161
f 3024/1866/1162 3025/1864/1160 2348/1865/1161 2349/1867/1163
f 3023/1868/1164 3024/1866/1162 2349/1867/1163 2350/1869/1165
f 3022/1870/1166 3023/1868/1164 2350/1869/1165 2351/1871/1167
f 3021/1872/1168 3022/1870/1166 2351/1871/1167 2352/1873/1168
f 3020/1874/1169 3921/1875/8 3922/1876/8 2353/1877/1170
f 3897/1878/5 3020/1874/1169 2353/1877/1170 3896/1879/5
f 3018/1880/1171 3861/1881/8 3862/1882/8 2355/1883/1172
f 2356/1884/10 3017/1885/10 3018/1880/1171 2355/1883/1172
f 2357/1886/10 3016/1887/10 3017/1885/10 2356/1884/10
f 2358/1888/10 3015/1889/10 3016/1887/10 2357/1886/10
f 2359/1890/10 3014/1891/10 3015/1889/10 2358/1888/10
f 2360/1892/10 3013/1893/10 3014/1891/10 2359/1890/10
f 3008/1894/10 3009/1895/10 2363/1896/10 2364/1897/10
f 3007/1898/10 3008/1894/10 2364/1897/10 2365/1899/10
f 3006/1900/10 3007/1898/10 2365/1899/10 2366/1901/10
f 3005/1902/10 3006/1900/10 2366/1901/10 2367/1903/10
f 3004/1904/10 3005/1902/10 2367/1903/10 2368/1905/10
f 3003/1906/1173 3004/1904/10 2368/1905/10 2369/1907/1174
f 3852/1908/4 3003/1909/1173 2369/1910/1174 3851/1911/4
f 2371/1912/1175 3001/1913/1176 3906/1914/5 3907/1915/5
f 3912/1916/4 3001/1913/1176 2371/1912/1175 3911/1917/4
f 2372/1918/1177 2373/1919/1178 2999/1920/1179 3000/1921/1177
f 2373/1919/1178 2374/1922/1180 2998/1923/1181 2999/1920/1179
f 2374/1922/1180 2375/1924/1182 2997/1925/1183 2998/1923/1181
f 2375/1924/1182 2376/1926/1184 2996/1927/1185 2997/1925/1183
f 2376/1926/1184 2377/1928/1186 2995/1929/1187 2996/1927/1185
f 2377/1928/1186 2378/1930/1188 2994/1931/1189 2995/1929/1187
f 2378/1930/1188 2379/1932/1190 2993/1933/1191 2994/1931/1189
f 2380/1934/1192 2992/1935/1193 2993/1933/1191 2379/1932/1190
f 3952/1936/4 2992/1935/1193 2380/1934/1192 3951/1937/4
f 2382/1938/1194 2990/1939/1195 3986/1940/5 3987/1941/5
f 2383/1942/1196 2989/1943/1197 2990/1939/1195 2382/1938/1194
f 2988/1944/1198 2989/1943/1197 2383/1942/1196 2384/1945/1199
f 2987/1946/1200 2988/1944/1198 2384/1945/1199 2385/1947/1201
f 2986/1948/1202 2987/1946/1200 2385/1947/1201 2386/1949/1203
f 2985/1950/1204 2986/1948/1202 2386/1949/1203 2387/1951/1205
f 2984/1952/1206 2985/1950/1204 2387/1951/1205 2388/1953/1207
f 2983/1954/1208 2984/1952/1206 2388/1953/1207 2389/1955/1209
f 2982/1956/1210 2983/1954/1208 2389/1955/1209 2390/1957/1210
f 2981/1958/1211 2982/1956/1210 2390/1957/1210 2391/1959/1211
f 2980/1960/1212 2981/1958/1211 2391/1959/1211 2392/1961/1213
f 2979/1962/1214 2980/1960/1212 2392/1961/1213 2393/1963/1215
f 2978/1964/1216 2979/1962/1214 2393/1963/1215 2394/1965/1217
f 2977/1966/1218 2978/1964/1216 2394/1965/1217 2395/1967/1219
f 2976/1968/1220 2977/1966/1218 2395/1967/1219 2396/1969/1221
f 2975/1970/1222 2976/1968/1220 2396/1969/1221 2397/1971/1223
f 2974/1972/1224 2975/1970/1222 2397/1971/1223 2398/1973/1225
f 2399/1974/1226 2973/1975/1227 2974/1972/1224 2398/1973/1225
f 3992/1976/4 2973/1975/1227 2399/1974/1226 3991/1977/4
f 2401/1978/1228 2971/1979/1229 4046/1980/5 4047/1981/5
f 3802/1982/4 2971/1979/1229 2401/1978/1228 3801/1983/4
f 3338/1984/5 2970/1985/1230 2402/1986/1231 3337/1987/5
f 3362/1988/4 2969/1989/1232 2403/1990/1233 3361/1991/4
f 3386/1992/5 2968/1993/1234 2404/1994/1235 3385/1995/5
f 3673/1996/4 2967/1997/1236 2405/1998/1237 3672/1999/4
f 2407/2000/1238 2965/2001/1239 3379/2002/10 3380/2003/10
f 2408/2004/1240 2964/2005/1241 3355/2006/4 3356/2007/4
f 2409/2008/1242 2963/2009/1243 3331/2010/10 3332/2011/10
f 2410/2012/1244 2962/2013/1245 3809/2014/4 3810/2015/4
f 2961/2016/10 2962/2013/1245 2410/2012/1244 2411/2017/10
f 2960/2018/10 2961/2016/10 2411/2017/10 2412/2019/10
f 2959/2020/10 2960/2018/10 2412/2019/10 2413/2021/10
f 2958/2022/1246 2959/2020/10 2413/2021/10 2414/2023/1247
f 2957/2024/1248 2958/2022/1246 2414/2023/1247 2415/2025/1249
f 2956/2026/1250 2957/2024/1248 2415/2025/1249 2416/2027/1251
f 2955/2028/1252 2956/2026/1250 2416/2027/1251 2417/2029/1253
f 2954/2030/1254 2955/2028/1252 2417/2029/1253 2418/2031/1255
f 2953/2032/1256 2954/2030/1254 2418/2031/1255 2419/2033/1257
f 2952/2034/1258 2953/2032/1256 2419/2033/1257 2420/2035/1258
f 2951/2036/1259 2952/2034/1258 2420/2035/1258 2421/2037/1259
f 2950/2038/1260 2951/2036/1259 2421/2037/1259 2422/2039/1261
f 2949/2040/1262 2950/2038/1260 2422/2039/1261 2423/2041/1263
f 2948/2042/1264 2949/2040/1262 2423/2041/1263 2424/2043/1265
f 2947/2044/1266 2948/2042/1264 2424/2043/1265 2425/2045/1267
f 2946/2046/1268 2947/2044/1266 2425/2045/1267 2426/2047/1269
f 2945/2048/1270 2946/2046/1268 2426/2047/1269 2427/2049/1271
f 2428/2050/1272 2944/2051/1273 2945/2048/1270 2427/2049/1271
f 2943/2052/1274 2944/2051/1273 2428/2050/1272 2429/2053/1274
f 2942/2054/1275 2943/2052/1274 2429/2053/1274 2430/2055/1276
f 2941/2056/1277 2942/2054/1275 2430/2055/1276 2431/2057/1278
f 2940/2058/679 2941/2056/1277 2431/2057/1278 2432/2059/1279
f 2939/2060/1280 2940/2058/679 2432/2059/1279 2433/2061/1281
f 2938/2062/1282 2939/2060/1280 2433/2061/1281 2434/2063/1283
f 2937/2064/1284 2938/2062/1282 2434/2063/1283 2435/2065/1285
f 2436/2066/1286 2936/2067/1287 2937/2064/1284 2435/2065/1285
f 2935/2068/1288 2936/2067/1287 2436/2066/1286 2437/2069/1288
f 2934/2070/1261 2935/2068/1288 2437/2069/1288 2438/2071/1276
f 2933/2072/1277 2934/2070/1261 2438/2071/1276 2439/2073/1289
f 2932/2074/679 2933/2072/1277 2439/2073/1289 2440/2075/1290
f 2931/2076/1280 2932/2074/679 2440/2075/1290 2441/2077/677
f 2930/2078/1282 2931/2076/1280 2441/2077/677 2442/2079/1283
f 2929/2080/1291 2930/2078/1282 2442/2079/1283 2443/2081/1292
f 2444/2082/1293 2928/2083/1294 2929/2080/1291 2443/2081/1292
f 2927/2084/1295 2928/2083/1294 2444/2082/1293 2445/2085/1295
f 2926/2086/1275 2927/2084/1295 2445/2085/1295 2446/2087/1276
f 2925/2088/1277 2926/2086/1275 2446/2087/1276 2447/2089/1278
f 2924/2090/679 2925/2088/1277 2447/2089/1278 2448/2091/1279
f 2923/2092/1280 2924/2090/679 2448/2091/1279 2449/2093/1281
f 2922/2094/1282 2923/2092/1280 2449/2093/1281 2450/2095/1296
f 2921/2096/1291 2922/2094/1282 2450/2095/1296 2451/2097/1292
f 2452/2098/1297 2920/2099/1298 2921/2096/1291 2451/2097/1292
f 2919/2100/4 2920/2099/1298 2452/2098/1297 2453/2101/4
f 3244/2102/4 2919/2100/4 2453/2101/4 2454/2103/4
f 3243/2104/1299 3244/2102/4 2454/2103/4 2455/2105/1300
f 3242/2106/1301 3243/2104/1299 2455/2105/1300 2456/2107/1302
f 3241/2108/1303 3242/2106/1301 2456/2107/1302 2457/2109/1304
f 3240/2110/1305 3241/2108/1303 2457/2109/1304 2458/2111/1306
f 3239/2112/1307 3240/2110/1305 2458/2111/1306 2459/2113/1308
f 3238/2114/1309 3239/2112/1307 2459/2113/1308 2460/2115/1310
f 3237/2116/1311 3238/2114/1309 2460/2115/1310 2461/2117/1312
f 3236/2118/1313 3237/2116/1311 2461/2117/1312 2462/2119/1313
f 3235/2120/1314 3236/2118/1313 2462/2119/1313 2463/2121/1315
f 3234/2122/1316 3235/2120/1314 2463/2121/1315 2464/2123/1317
f 3233/2124/1318 3234/2122/1316 2464/2123/1317 2465/2125/1319
f 3232/2126/1320 3233/2124/1318 2465/2125/1319 2466/2127/1321
f 3231/2128/630 3232/2126/1320 2466/2127/1321 2467/2129/1308
f 3230/2130/1322 3231/2128/630 2467/2129/1308 2468/2131/1310
f 3229/2132/1311 3230/2130/1322 2468/2131/1310 2469/2133/1312
f 3228/2134/1313 3229/2132/1311 2469/2133/1312 2470/2135/1313
f 3227/2136/1323 3228/2134/1313 2470/2135/1313 2471/2137/1324
f 3226/2138/1325 3227/2136/1323 2471/2137/1324 2472/2139/1326
f 3225/2140/1327 3226/2138/1325 2472/2139/1326 2473/2141/1328
f 3224/2142/1329 3225/2140/1327 2473/2141/1328 2474/2143/1330
f 3223/2144/1331 3224/2142/1329 2474/2143/1330 2475/2145/1332
f 3222/2146/1333 3223/2144/1331 2475/2145/1332 2476/2147/1334
f 3221/2148/4 3222/2146/1333 2476/2147/1334 2477/2149/4
f 3220/2150/1335 3221/2148/4 2477/2149/4 2478/2151/1336
f 3219/2152/1337 3220/2150/1335 2478/2151/1336 2479/2153/1338
f 3218/2154/1339 3219/2152/1337 2479/2153/1338 2480/2155/1340
f 3217/2156/1341 3218/2154/1339 2480/2155/1340 2481/2157/1342
f 3216/2158/1343 3217/2156/1341 2481/2157/1342 2482/2159/1344
f 2483/2160/1345 3215/2161/1346 3216/2158/1343 2482/2159/1344
f 3214/2162/1288 3215/2161/1346 2483/2160/1345 2484/2163/1288
f 3213/2164/1275 3214/2162/1288 2484/2163/1288 2485/2165/1347
f 3212/2166/1277 3213/2164/1275 2485/2165/1347 2486/2167/1278
f 3211/2168/679 3212/2166/1277 2486/2167/1278 2487/2169/1348
f 3210/2170/1349 3211/2168/679 2487/2169/1348 2488/2171/1350
f 3209/2172/1351 3210/2170/1349 2488/2171/1350 2489/2173/1296
f 3208/2174/1352 3209/2172/1351 2489/2173/1296 2490/2175/1353
f 2491/2176/1354 3207/2177/1355 3208/2174/1352 2490/2175/1353
f 3206/2178/1288 3207/2177/1355 2491/2176/1354 2492/2179/1288
f 3205/2180/1275 3206/2178/1288 2492/2179/1288 2493/2181/1347
f 3204/2182/1356 3205/2180/1275 2493/2181/1347 2494/2183/1278
f 3203/2184/1357 3204/2182/1356 2494/2183/1278 2495/2185/1348
f 3202/2186/1358 3203/2184/1357 2495/2185/1348 2496/2187/1359
f 3201/2188/1360 3202/2186/1358 2496/2187/1359 2497/2189/1296
f 3200/2190/1361 3201/2188/1360 2497/2189/1296 2498/2191/1353
f 2499/2192/1362 3199/2193/1363 3200/2190/1361 2498/2191/1353
f 3198/2194/1364 3199/2193/1363 2499/2192/1362 2500/2195/1365
f 5037/2196/10 3198/2194/1364 2500/2195/1365 5036/2197/10
f 3196/2198/1366 5061/2199/4 5062/2200/4 2502/2201/1367
f 3195/2202/1368 3196/2198/1366 2502/2201/1367 2503/2203/1369
f 3194/2204/1370 3195/2202/1368 2503/2203/1369 2504/2205/1371
f 3193/2206/1372 3194/2204/1370 2504/2205/1371 2505/2207/1373
f 3192/2208/1374 3193/2206/1372 2505/2207/1373 2506/2209/1375
f 3191/2210/1376 3192/2208/1374 2506/2209/1375 2507/2211/1377
f 3190/2212/1378 3191/2210/1376 2507/2211/1377 2508/2213/1379
f 3189/2214/1380 3190/2212/1378 2508/2213/1379 2509/2215/1208
f 3188/2216/1381 3189/2214/1380 2509/2215/1208 2510/2217/1381
f 3187/2218/1382 3188/2216/1381 2510/2217/1381 2511/2219/1383
f 5077/2220/10 3187/2218/1382 2511/2219/1383 5076/2221/10
f 5097/2222/4 3186/2223/1384 2512/2224/1385 5096/2225/4
f 5137/2226/10 3185/2227/1386 2513/2228/1387 5136/2229/10
f 5177/2230/4 3184/2231/1388 2514/2232/1389 5176/2233/4
f 3182/2234/4 3183/2235/4 2515/2236/4 2516/2237/4
f 3181/2238/4 3182/2234/4 2516/2237/4 2517/2239/4
f 3180/2240/1390 5201/2241/4 5202/2242/4 2518/2243/1391
f 2519/2244/5 3179/2245/5 3180/2240/1390 2518/2243/1391
f 2520/2246/5 3178/2247/5 3179/2245/5 2519/2244/5
f 2521/2248/5 3177/2249/5 3178/2247/5 2520/2246/5
f 2522/2250/5 3176/2251/5 3177/2249/5 2521/2248/5
f 3176/2251/5 2522/2250/5 2523/2252/5 3175/2253/5
f 3170/2254/5 3171/2255/5 2526/2256/5 2527/2257/5
f 3169/2258/5 3170/2254/5 2527/2257/5 2528/2259/5
f 3168/2260/5 3169/2258/5 2528/2259/5 2529/2261/5
f 3167/2262/950 3168/2260/5 2529/2261/5 2530/2263/951
f 5635/2264/1392 5636/2265/15 5195/2266/15 987/2267/1393
f 5637/2268/15 5638/2269/15 989/2270/15 988/2271/15
f 5638/2269/15 5639/2272/15 990/2273/15 989/2270/15
f 5640/2274/15 5641/2275/1394 991/2276/1395 5183/2277/15
f 5643/2278/10 5644/2279/1396 992/2280/1397 5143/2281/10
f 5646/2282/15 5647/2283/1398 993/2284/1399 5103/2285/15
f 5648/2286/10 5649/2287/1400 994/2288/1401 5083/2289/10
f 5649/2287/1400 5650/2290/1402 995/2291/1403 994/2288/1401
f 5650/2290/1402 5651/2292/1404 996/2293/1405 995/2291/1403
f 5651/2292/1404 5652/2294/1406 997/2295/1407 996/2293/1405
f 5652/2294/1406 5653/2296/1408 998/2297/1409 997/2295/1407
f 5653/2296/1408 5654/2298/1410 999/2299/1411 998/2297/1409
f 5654/2298/1410 5655/2300/1412 1000/2301/1413 999/2299/1411
f 5655/2300/1412 5656/2302/1414 1001/2303/1415 1000/2301/1413
f 5656/2302/1414 5657/2304/1416 1002/2305/1417 1001/2303/1415
f 5657/2304/1416 5658/2306/1418 1003/2307/1419 1002/2305/1417
f 5658/2306/1418 5659/2308/15 5055/2309/15 1003/2307/1419
f 5661/2310/10 5662/2311/1420 1005/2312/1421 5043/2313/10
f 5662/2311/1420 5663/2314/1422 1006/2315/1423 1005/2312/1421
f 5663/2314/1422 5664/2316/1424 1007/2317/1425 1006/2315/1423
f 5664/2316/1424 5665/2318/1426 1008/2319/1427 1007/2317/1425
f 5665/2318/1426 5666/2320/1428 1009/2321/1429 1008/2319/1427
f 5666/2320/1428 5667/2322/1430 1010/2323/1431 1009/2321/1429
f 5667/2322/1430 5668/2324/1432 1011/2325/1433 1010/2323/1431
f 5668/2324/1432 5669/2326/1434 1012/2327/1435 1011/2325/1433
f 5669/2326/1434 5670/2328/1436 1013/2329/1437 1012/2327/1435
f 5670/2328/1436 5671/2330/1438 1014/2331/1439 1013/2329/1437
f 5671/2330/1438 5672/2332/1424 1015/2333/1440 1014/2331/1439
f 5672/2332/1424 5673/2334/1441 1016/2335/1442 1015/2333/1440
f 5673/2334/1441 5674/2336/1443 1017/2337/1444 1016/2335/1442
f 5674/2336/1443 5675/2338/1430 1018/2339/1445 1017/2337/1444
f 5675/2338/1430 5676/2340/1446 1019/2341/1433 1018/2339/1445
f 5676/2340/1446 5677/2342/1434 1020/2343/1435 1019/2341/1433
f 5677/2342/1434 5678/2344/1447 1021/2345/1437 1020/2343/1435
f 5678/2344/1447 5679/2346/1448 1022/2347/1449 1021/2345/1437
f 5679/2346/1448 5680/2348/1450 1023/2349/1451 1022/2347/1449
f 5680/2348/1450 5681/2350/1452 1024/2351/1453 1023/2349/1451
f 5681/2350/1452 5682/2352/1454 1025/2353/1455 1024/2351/1453
f 5682/2352/1454 5683/2354/1456 1026/2355/1457 1025/2353/1455
f 5683/2354/1456 5684/2356/1458 1027/2357/1459 1026/2355/1457
f 5684/2356/1458 5527/2358/15 1028/2359/15 1027/2357/1459
f 5527/2358/15 5528/2360/1460 1029/2361/1461 1028/2359/15
f 5528/2360/1460 5529/2362/1462 1030/2363/1463 1029/2361/1461
f 5529/2362/1462 5530/2364/1464 1031/2365/1465 1030/2363/1463
f 5530/2364/1464 5531/2366/1466 1032/2367/1467 1031/2365/1465
f 5531/2366/1466 5532/2368/1468 1033/2369/1469 1032/2367/1467
f 5532/2368/1468 5533/2370/1470 1034/2371/1471 1033/2369/1469
f 5533/2370/1470 5534/2372/1472 1035/2373/1473 1034/2371/1471
f 5534/2372/1472 5535/2374/1474 1036/2375/1475 1035/2373/1473
f 5535/2374/1474 5536/2376/1476 1037/2377/1477 1036/2375/1475
f 5536/2376/1476 5537/2378/1478 1038/2379/1479 1037/2377/1477
f 5537/2378/1478 5538/2380/1480 1039/2381/1481 1038/2379/1479
f 5538/2380/1480 5539/2382/1482 1040/2383/493 1039/2381/1481
f 5539/2382/1482 5540/2384/1483 1041/2385/1484 1040/2383/493
f 5540/2384/1483 5541/2386/1485 1042/2387/1486 1041/2385/1484
f 5541/2386/1485 5542/2388/1487 1043/2389/1473 1042/2387/1486
f 5542/2388/1487 5543/2390/1474 1044/2391/1488 1043/2389/1473
f 5543/2390/1474 5544/2392/1489 1045/2393/1477 1044/2391/1488
f 5544/2392/1489 5545/2394/1478 1046/2395/1490 1045/2393/1477
f 5545/2394/1478 5546/2396/1491 1047/2397/1492 1046/2395/1490
f 5546/2396/1491 5547/2398/1493 1048/2399/493 1047/2397/1492
f 5547/2398/1493 5548/2400/1483 1049/2401/1494 1048/2399/493
f 5548/2400/1483 5549/2402/1495 1050/2403/1496 1049/2401/1494
f 5549/2402/1495 5550/2404/1497 1051/2405/1498 1050/2403/1496
f 4689/2406/1499 1053/2407/1500 1052/2408/1501 4688/2409/1502
f 1054/2410/1503 1053/2407/1500 4689/2406/1499 4690/2411/1504
f 1055/2412/1505 1054/2410/1503 4690/2411/1504 4691/2413/1506
f 1056/2414/1507 1055/2412/1505 4691/2413/1506 4692/2415/1508
f 1057/2416/1509 1056/2414/1507 4692/2415/1508 4693/2417/1510
f 1058/2418/1511 1057/2416/1509 4693/2417/1510 4694/2419/1512
f 1059/2420/1513 1058/2418/1511 4694/2419/1512 4695/2421/1514
f 1060/2422/1515 1059/2420/1513 4695/2421/1514 4696/2423/792
f 4697/2424/1516 1061/2425/1517 1060/2422/1515 4696/2423/792
f 1062/2426/1518 1061/2425/1517 4697/2424/1516 4698/2427/1504
f 1063/2428/1505 1062/2426/1518 4698/2427/1504 4699/2429/1506
f 1064/2430/1519 1063/2428/1505 4699/2429/1506 4700/2431/1520
f 1065/2432/1521 1064/2430/1519 4700/2431/1520 4701/2433/1510
f 1066/2434/1522 1065/2432/1521 4701/2433/1510 4702/2435/1523
f 1067/2436/1513 1066/2434/1522 4702/2435/1523 4703/2437/1514
f 1068/2438/1437 1067/2436/1513 4703/2437/1514 4704/2439/1436
f 4705/2440/1524 1069/2441/1525 1068/2438/1437 4704/2439/1436
f 1070/2442/1526 1069/2441/1525 4705/2440/1524 4706/2443/1527
f 1071/2444/1505 1070/2442/1526 4706/2443/1527 4707/2445/1506
f 1072/2446/1507 1071/2444/1505 4707/2445/1506 4708/2447/1520
f 1073/2448/1509 1072/2446/1507 4708/2447/1520 4709/2449/1510
f 1074/2450/1511 1073/2448/1509 4709/2449/1510 4710/2451/1512
f 1075/2452/1513 1074/2450/1511 4710/2451/1512 4711/2453/1514
f 1076/2454/1528 1075/2452/1513 4711/2453/1514 4712/2455/407
f 4713/2456/1529 1077/2457/1530 1076/2454/1528 4712/2455/407
f 1078/2458/1531 1077/2457/1530 4713/2456/1529 4714/2459/1532
f 1079/2460/1533 1078/2458/1531 4714/2459/1532 4715/2461/1534
f 1080/2462/1429 1079/2460/1533 4715/2461/1534 4716/2463/1535
f 1081/2464/1431 1080/2462/1429 4716/2463/1535 4717/2465/1536
f 1082/2466/1433 1081/2464/1431 4717/2465/1536 4718/2467/1537
f 1083/2468/1435 1082/2466/1433 4718/2467/1537 4719/2469/1538
f 1084/2470/1539 1083/2468/1435 4719/2469/1538 4720/2471/1540
f 4721/2472/1541 1085/2473/1542 1084/2470/1539 4720/2471/1540
f 1086/2474/1475 1085/2473/1542 4721/2472/1541 4722/2475/1543
f 1087/2476/1477 1086/2474/1475 4722/2475/1543 4723/2477/1544
f 1088/2478/1479 1087/2476/1477 4723/2477/1544 4724/2479/1545
f 1089/2480/1492 1088/2478/1479 4724/2479/1545 4725/2481/1546
f 1090/2482/1547 1089/2480/1492 4725/2481/1546 4726/2483/1548
f 1091/2484/1549 1090/2482/1547 4726/2483/1548 4727/2485/1550
f 4728/2486/10 1092/2487/10 1091/2484/1549 4727/2485/1550
f 4729/2488/10 1093/2489/10 1092/2487/10 4728/2486/10
f 4730/2490/10 1094/2491/10 1093/2489/10 4729/2488/10
f 4731/2492/1551 1095/2493/1552 1094/2491/10 4730/2490/10
f 3824/2494/15 1095/2493/1552 4731/2492/1551 4732/2495/15
f 3246/2496/10 1096/2497/1553 4734/2498/1554 4735/2499/10
f 3270/2500/15 1097/2501/1555 4737/2502/1556 4738/2503/15
f 3282/2504/10 1098/2505/1557 4739/2506/1558 4740/2507/10
f 4745/2508/30 1100/2509/1559 3700/2510/15 4744/2511/15
f 4748/2512/1560 1101/2513/1561 3291/2514/5 4747/2515/5
f 4750/2516/1562 1102/2517/1563 3279/2518/15 4749/2519/15
f 4753/2520/1564 1103/2521/1565 3255/2522/5 4752/2523/5
f 4756/2524/1566 1104/2525/1567 3819/2526/15 4755/2527/15
f 4040/2528/5 1104/2525/1567 4756/2524/1566 4757/2529/5
f 4525/2530/1568 1106/2531/1569 3998/2532/15 4524/2533/15
f 1107/2534/1570 1106/2531/1569 4525/2530/1568 4526/2535/1571
f 1108/2536/1572 1107/2534/1570 4526/2535/1571 4527/2537/1573
f 1109/2538/1574 1108/2536/1572 4527/2537/1573 4528/2539/1575
f 1110/2540/1576 1109/2538/1574 4528/2539/1575 4529/2541/1577
f 1111/2542/1578 1110/2540/1576 4529/2541/1577 4530/2543/1579
f 1112/2544/1580 1111/2542/1578 4530/2543/1579 4531/2545/1581
f 1113/2546/1582 1112/2544/1580 4531/2545/1581 4532/2547/1583
f 1114/2548/1584 1113/2546/1582 4532/2547/1583 4533/2549/237
f 4534/2550/205 1115/2551/1585 1114/2548/1584 4533/2549/237
f 1116/2552/1586 1115/2551/1585 4534/2550/205 4535/2553/1587
f 1117/2554/1588 1116/2552/1586 4535/2553/1587 4536/2555/1589
f 1118/2556/1590 1117/2554/1588 4536/2555/1589 4537/2557/1591
f 1119/2558/1592 1118/2556/1590 4537/2557/1591 4538/2559/1593
f 1120/2560/1594 1119/2558/1592 4538/2559/1593 4539/2561/1595
f 1121/2562/1596 1120/2560/1594 4539/2561/1595 4540/2563/1597
f 1122/2564/1598 1121/2562/1596 4540/2563/1597 4541/2565/1599
f 1123/2566/1600 1122/2564/1598 4541/2565/1599 4542/2567/1601
f 3980/2568/5 1123/2566/1600 4542/2567/1601 4543/2569/5
f 4547/2570/1602 1125/2571/1603 3958/2572/15 4546/2573/15
f 1126/2574/1604 1125/2571/1603 4547/2570/1602 4548/2575/1605
f 1127/2576/1606 1126/2574/1604 4548/2575/1605 4549/2577/1607
f 1128/2578/1608 1127/2576/1606 4549/2577/1607 4550/2579/1609
f 1129/2580/1610 1128/2578/1608 4550/2579/1609 4551/2581/1611
f 1130/2582/1612 1129/2580/1610 4551/2581/1611 4552/2583/1613
f 1131/2584/1614 1130/2582/1612 4552/2583/1613 4553/2585/1615
f 1132/2586/1616 1131/2584/1614 4553/2585/1615 4554/2587/1617
f 1133/2588/1618 1132/2586/1616 4554/2587/1617 4555/2589/1619
f 4557/2590/1620 1134/2591/1621 3918/2592/15 4556/2593/15
f 3900/2594/5 1134/2591/1621 4557/2590/1620 4558/2595/5
f 4563/2596/1622 1136/2597/1623 3858/2598/15 4562/2599/15
f 4564/2600/10 1137/2601/10 1136/2602/1623 4563/2603/1622
f 4565/2604/10 1138/2605/10 1137/2601/10 4564/2600/10
f 4566/2606/10 1139/2607/10 1138/2605/10 4565/2604/10
f 4567/2608/10 1140/2609/10 1139/2607/10 4566/2606/10
f 4568/2610/10 1141/2611/10 1140/2609/10 4567/2608/10
f 1142/2612/10 1141/2611/10 4568/2610/10 4759/2613/10
f 2361/2614/10 3012/2615/10 3013/1893/10 2360/1892/10
f 4330/2616/10 4331/2617/10 8/2618/10 39/2619/10
f 4329/2620/10 4330/2616/10 39/2619/10 51/2621/10
f 4328/2622/10 4329/2620/10 51/2621/10 63/2623/10
f 4327/2624/10 4328/2622/10 63/2623/10 79/2625/10
f 4326/2626/1624 4327/2624/10 79/2625/10 87/2627/1625
f 4325/2628/13 4326/2629/1624 87/2630/1625 3864/2631/1626
f 78/2632/1627 4320/2633/1628 4321/2634/5 3894/2635/5
f 4319/2636/13 4320/2633/1628 78/2632/1627 3924/2637/1629
f 4317/2638/1630 4318/2639/1631 159/2640/1632 158/2641/1633
f 4316/2642/1634 4317/2638/1630 158/2641/1633 157/2643/1635
f 4315/2644/1636 4316/2642/1634 157/2643/1635 156/2645/1637
f 4314/2646/1638 4315/2644/1636 156/2645/1637 155/2647/1639
f 4313/2648/1640 4314/2646/1638 155/2647/1639 154/2649/1641
f 4312/2650/1642 4313/2648/1640 154/2649/1641 153/2651/1643
f 4311/2652/1644 4312/2650/1642 153/2651/1643 160/2653/1645
f 68/2654/1646 4310/2655/1647 4311/2652/1644 160/2653/1645
f 4309/2656/13 4310/2655/1647 68/2654/1646 3964/2657/1629
f 55/2658/1648 4305/2659/1649 4306/2660/5 3974/2661/5
f 205/2662/1650 4304/2663/1651 4305/2659/1649 55/2658/1648
f 205/2662/1650 198/2664/1652 4303/2665/1653 4304/2663/1651
f 198/2664/1652 199/2666/1654 4302/2667/1655 4303/2665/1653
f 199/2666/1654 200/2668/1656 4301/2669/1657 4302/2667/1655
f 200/2668/1656 201/2670/1658 4300/2671/1659 4301/2669/1657
f 201/2670/1658 202/2672/1660 4299/2673/1661 4300/2671/1659
f 202/2672/1660 203/2674/1662 4298/2675/1663 4299/2673/1661
f 203/2674/1662 204/2676/1664 4297/2677/1665 4298/2675/1663
f 4296/2678/1666 4297/2677/1665 204/2676/1664 197/2679/1667
f 197/2679/1667 196/2680/1668 4295/2681/1669 4296/2678/1666
f 196/2680/1668 195/2682/1670 4294/2683/1671 4295/2681/1669
f 195/2682/1670 194/2684/1672 4293/2685/1673 4294/2683/1671
f 194/2684/1672 193/2686/1674 4292/2687/1675 4293/2685/1673
f 193/2686/1674 192/2688/1676 4291/2689/1677 4292/2687/1675
f 192/2688/1676 191/2690/1678 4290/2691/1679 4291/2689/1677
f 191/2690/1678 59/2692/1680 4289/2693/1681 4290/2691/1679
f 43/2694/1682 4288/2695/1683 4289/2693/1681 59/2692/1680
f 4287/2696/13 4288/2695/1683 43/2694/1682 4004/2697/1684
f 11/2698/838 4519/2699/1685 4520/2700/5 4034/2701/5
f 4518/2702/13 4519/2699/1685 11/2698/838 3783/2703/13
f 4516/2704/5 4517/2705/1686 613/2706/863 3407/2707/865
f 4513/2708/13 4514/2709/1687 629/2710/897 3431/2711/13
f 4510/2712/5 4511/2713/1688 645/2714/932 3455/2715/934
f 4507/2716/13 4508/2717/36 661/2718/1689 3748/2719/1690
f 647/2720/1691 4502/2721/1692 4503/2722/10 3454/2723/1693
f 631/2724/1694 4499/2725/1695 4500/2726/13 3430/2727/13
f 615/2728/1696 4496/2729/1697 4497/2730/10 3406/2731/1698
f 15/2732/1699 4494/2733/1700 4495/2734/13 3796/2735/13
f 4493/2736/10 4494/2733/1700 15/2732/1699 91/2737/10
f 4492/2738/10 4493/2736/10 91/2737/10 99/2739/10
f 4491/2740/10 4492/2738/10 99/2739/10 110/2741/10
f 4490/2742/1701 4491/2740/10 110/2741/10 261/2743/1702
f 261/2743/1702 260/2744/1703 4489/2745/1704 4490/2742/1701
f 260/2744/1703 259/2746/1705 4488/2747/1706 4489/2745/1704
f 259/2746/1705 258/2748/1707 4487/2749/1708 4488/2747/1706
f 258/2748/1707 257/2750/1709 4486/2751/1710 4487/2749/1708
f 257/2750/1709 256/2752/1711 4485/2753/1712 4486/2751/1710
f 256/2752/1711 262/2754/1713 4484/2755/1714 4485/2753/1712
f 4483/2756/1715 4484/2755/1714 262/2754/1713 254/2757/1716
f 254/2757/1716 253/2758/1717 4482/2759/1718 4483/2756/1715
f 253/2758/1717 252/2760/1719 4481/2761/1720 4482/2759/1718
f 252/2760/1719 251/2762/1721 4480/2763/1722 4481/2761/1720
f 251/2762/1721 250/2764/1723 4479/2765/1724 4480/2763/1722
f 250/2764/1723 249/2766/1725 4478/2767/1726 4479/2765/1724
f 249/2766/1725 255/2768/1727 4477/2769/1728 4478/2767/1726
f 109/2770/1729 4476/2771/1730 4477/2769/1728 255/2768/1727
f 4475/2772/1731 4476/2771/1730 109/2770/1729 296/2773/1732
f 296/2773/1732 295/2774/1733 4474/2775/1734 4475/2772/1731
f 295/2774/1733 294/2776/1735 4473/2777/1736 4474/2775/1734
f 294/2776/1735 293/2778/1737 4472/2779/1738 4473/2777/1736
f 293/2778/1737 292/2780/1739 4471/2781/1740 4472/2779/1738
f 292/2780/1739 291/2782/1741 4470/2783/1742 4471/2781/1740
f 291/2782/1741 297/2784/1743 4469/2785/1744 4470/2783/1742
f 103/2786/1745 4468/2787/1746 4469/2785/1744 297/2784/1743
f 4467/2788/1747 4468/2787/1746 103/2786/1745 596/2789/1748
f 596/2789/1748 595/2790/1733 4466/2791/1734 4467/2788/1747
f 595/2790/1733 594/2792/1749 4465/2793/1750 4466/2791/1734
f 594/2792/1749 593/2794/1751 4464/2795/1752 4465/2793/1750
f 593/2794/1751 592/2796/1753 4463/2797/1740 4464/2795/1752
f 592/2796/1753 591/2798/1741 4462/2799/1742 4463/2797/1740
f 591/2798/1741 597/2800/1754 4461/2801/1755 4462/2799/1742
f 95/2802/1756 4460/2803/1757 4461/2801/1755 597/2800/1754
f 4459/2804/1758 4460/2803/1757 95/2802/1756 568/2805/1759
f 568/2805/1759 567/2806/1733 4458/2807/1734 4459/2804/1758
f 567/2806/1733 566/2808/1760 4457/2809/1761 4458/2807/1734
f 566/2808/1760 565/2810/1737 4456/2811/1738 4457/2809/1761
f 565/2810/1737 564/2812/1762 4455/2813/1763 4456/2811/1738
f 564/2812/1762 563/2814/1741 4454/2815/1742 4455/2813/1763
f 563/2814/1741 569/2816/1754 4453/2817/1764 4454/2815/1742
f 19/2818/1765 4452/2819/1766 4453/2817/1764 569/2816/1754
f 4451/2820/1767 4452/2819/1766 19/2818/1765 23/2821/1768
f 27/2822/1769 31/2823/1770 5394/2824/1771 5393/2825/1772
f 31/2823/1770 456/2826/1773 5395/2827/1774 5394/2824/1771
f 456/2826/1773 455/2828/1775 5396/2829/1776 5395/2827/1774
f 455/2828/1775 454/2830/1777 5397/2831/1778 5396/2829/1776
f 454/2830/1777 453/2832/1779 5398/2833/1780 5397/2831/1778
f 453/2832/1779 452/2834/1781 5399/2835/1782 5398/2833/1780
f 452/2834/1781 451/2836/1783 5400/2837/1784 5399/2835/1782
f 451/2836/1783 457/2838/1785 5401/2839/1786 5400/2837/1784
f 457/2838/1785 115/2840/1787 5402/2841/1788 5401/2839/1786
f 115/2840/1787 512/2842/1789 5403/2843/1774 5402/2841/1788
f 512/2842/1789 511/2844/1790 5404/2845/1776 5403/2843/1774
f 511/2844/1790 510/2846/1777 5405/2847/1791 5404/2845/1776
f 510/2846/1777 509/2848/1792 5406/2849/1780 5405/2847/1791
f 509/2848/1792 508/2850/1793 5407/2851/1782 5406/2849/1780
f 508/2850/1793 507/2852/1783 5408/2853/1784 5407/2851/1782
f 507/2852/1783 513/2854/1785 5409/2855/1794 5408/2853/1784
f 513/2854/1785 123/2856/1795 5410/2857/1796 5409/2855/1794
f 123/2856/1795 425/2858/1797 5411/2859/1798 5410/2857/1796
f 425/2858/1797 424/2860/1799 5412/2861/1800 5411/2859/1798
f 424/2860/1799 423/2862/1801 5413/2863/1802 5412/2861/1800
f 423/2862/1801 422/2864/1803 5414/2865/1804 5413/2863/1802
f 422/2864/1803 421/2866/1805 5415/2867/1806 5414/2865/1804
f 421/2866/1805 419/2868/1807 5416/2869/13 5415/2867/1806
f 419/2868/1807 418/2870/1808 5417/2871/1809 5416/2869/13
f 418/2870/1808 417/2872/1810 5418/2873/1811 5417/2871/1809
f 417/2872/1810 416/2874/1812 5419/2875/1813 5418/2873/1811
f 416/2874/1812 415/2876/1814 5420/2877/1815 5419/2875/1813
f 415/2876/1814 420/2878/1816 5421/2879/1817 5420/2877/1815
f 420/2878/1816 127/2880/1818 5422/2881/1819 5421/2879/1817
f 127/2880/1818 540/2882/1820 5423/2883/1821 5422/2881/1819
f 540/2882/1820 539/2884/1822 5424/2885/1823 5423/2883/1821
f 539/2884/1822 538/2886/1824 5425/2887/1825 5424/2885/1823
f 538/2886/1824 537/2888/1826 5426/2889/1827 5425/2887/1825
f 537/2888/1826 536/2890/1828 5427/2891/1829 5426/2889/1827
f 536/2890/1828 535/2892/1830 5428/2893/1831 5427/2891/1829
f 535/2892/1830 541/2894/1832 5429/2895/1833 5428/2893/1831
f 541/2894/1832 119/2896/1834 5430/2897/1835 5429/2895/1833
f 119/2896/1834 484/2898/1820 5431/2899/1836 5430/2897/1835
f 484/2898/1820 483/2900/1822 5432/2901/1823 5431/2899/1836
f 483/2900/1822 482/2902/1837 5433/2903/1825 5432/2901/1823
f 482/2902/1837 481/2904/1838 5434/2905/1827 5433/2903/1825
f 481/2904/1838 480/2906/1839 5435/2907/1840 5434/2905/1827
f 480/2906/1839 479/2908/1841 5436/2909/1842 5435/2907/1840
f 479/2908/1841 485/2910/1843 5437/2911/1833 5436/2909/1842
f 485/2910/1843 35/2912/1844 5438/2913/1845 5437/2911/1833
f 35/2912/1844 308/2914/1846 5439/2915/1847 5438/2913/1845
f 308/2914/1846 5029/2916/10 5440/2917/10 5439/2915/1847
f 5049/2918/1807 311/2919/1848 5443/2920/1849 5442/2921/13
f 311/2919/1848 383/2922/1850 5444/2923/1851 5443/2920/1849
f 383/2922/1850 382/2924/1852 5445/2925/1853 5444/2923/1851
f 382/2924/1852 381/2926/1854 5446/2927/1855 5445/2925/1853
f 381/2926/1854 380/2928/1856 5447/2929/1857 5446/2927/1855
f 380/2928/1856 379/2930/1858 5448/2931/1859 5447/2929/1857
f 379/2930/1858 378/2932/1860 5449/2933/1861 5448/2931/1859
f 378/2932/1860 377/2934/1862 5450/2935/1863 5449/2933/1861
f 377/2934/1862 384/2936/1864 5451/2937/1865 5450/2935/1863
f 384/2936/1864 323/2938/1866 5452/2939/1867 5451/2937/1865
f 323/2938/1866 5069/2940/10 5453/2941/10 5452/2939/1867
f 334/2942/1868 5089/2943/1807 5455/2944/13 5454/2945/1869
f 336/2946/1870 5129/2947/10 5458/2948/10 5457/2949/1871
f 359/2950/1872 5169/2951/1807 5461/2952/13 5460/2953/1873
f 346/2954/1807 345/2955/1807 5463/2956/13 5462/2957/13
f 345/2955/1807 351/2958/1807 5464/2959/13 5463/2956/13
f 5189/2960/1807 355/2961/1874 5466/2962/1875 5465/2963/13
f 355/2964/1874 331/2965/5 5467/2966/5 5466/2967/1875
f 331/2965/5 327/2968/5 5468/2969/5 5467/2966/5
f 327/2968/5 315/2970/5 5469/2971/5 5468/2969/5
f 315/2970/5 6/2972/5 5470/2973/5 5469/2971/5
f 2526/2256/5 3171/2255/5 3172/2974/5 2525/2975/5
f 983/713/5 5630/712/5 5685/2976/5 1302/2977/5
f 5631/2978/5 5632/2979/5 1304/2980/5 1303/2981/5
f 5632/2979/5 5633/2982/5 1305/2983/5 1304/2980/5
f 5633/2982/5 5634/2984/5 1306/2985/5 1305/2983/5
f 5634/2984/5 5635/2986/1392 987/2987/1393 1306/2985/5
f 5195/2266/15 5196/2988/15 2195/2989/1876 987/2267/1393
f 989/2270/15 2193/2990/15 2194/2991/15 988/2271/15
f 990/2273/15 2192/2992/15 2193/2990/15 989/2270/15
f 991/2276/1395 2191/2993/1877 5182/2994/15 5183/2277/15
f 992/2280/1397 2190/2995/1878 5142/2996/10 5143/2281/10
f 993/2284/1399 2189/2997/1879 5102/2998/15 5103/2285/15
f 994/2288/1401 2188/2999/1880 5082/3000/10 5083/2289/10
f 995/2291/1403 2187/3001/1881 2188/2999/1880 994/2288/1401
f 2186/3002/204 2187/3001/1881 995/2291/1403 996/2293/1405
f 2185/3003/1882 2186/3002/204 996/2293/1405 997/2295/1407
f 2184/3004/1883 2185/3003/1882 997/2295/1407 998/2297/1409
f 2183/3005/1884 2184/3004/1883 998/2297/1409 999/2299/1411
f 2182/3006/1885 2183/3005/1884 999/2299/1411 1000/2301/1413
f 2181/3007/1886 2182/3006/1885 1000/2301/1413 1001/2303/1415
f 2180/3008/1887 2181/3007/1886 1001/2303/1415 1002/2305/1417
f 1003/2307/1419 2179/3009/1888 2180/3008/1887 1002/2305/1417
f 5055/2309/15 5056/3010/15 2179/3009/1888 1003/2307/1419
f 1005/2312/1421 2177/3011/1889 5042/3012/10 5043/2313/10
f 1006/2315/1423 2176/3013/1890 2177/3011/1889 1005/2312/1421
f 2175/3014/1891 2176/3013/1890 1006/2315/1423 1007/2317/1425
f 2174/3015/1892 2175/3014/1891 1007/2317/1425 1008/2319/1427
f 2173/3016/1893 2174/3015/1892 1008/2319/1427 1009/2321/1429
f 2172/3017/1894 2173/3016/1893 1009/2321/1429 1010/2323/1431
f 2171/3018/338 2172/3017/1894 1010/2323/1431 1011/2325/1433
f 2170/3019/1895 2171/3018/338 1011/2325/1433 1012/2327/1435
f 2169/3020/809 2170/3019/1895 1012/2327/1435 1013/2329/1437
f 1014/2331/1439 2168/3021/1896 2169/3020/809 1013/2329/1437
f 2167/3022/1891 2168/3021/1896 1014/2331/1439 1015/2333/1440
f 2166/3023/1892 2167/3022/1891 1015/2333/1440 1016/2335/1442
f 2165/3024/1897 2166/3023/1892 1016/2335/1442 1017/2337/1444
f 2164/3025/1898 2165/3024/1897 1017/2337/1444 1018/2339/1445
f 2163/3026/338 2164/3025/1898 1018/2339/1445 1019/2341/1433
f 2162/3027/1895 2163/3026/338 1019/2341/1433 1020/2343/1435
f 2161/3028/809 2162/3027/1895 1020/2343/1435 1021/2345/1437
f 1022/2347/1449 2160/3029/1899 2161/3028/809 1021/2345/1437
f 2159/3030/1900 2160/3029/1899 1022/2347/1449 1023/2349/1451
f 2158/3031/1901 2159/3030/1900 1023/2349/1451 1024/2351/1453
f 2157/3032/1902 2158/3031/1901 1024/2351/1453 1025/2353/1455
f 2156/3033/1903 2157/3032/1902 1025/2353/1455 1026/2355/1457
f 2155/3034/1904 2156/3033/1903 1026/2355/1457 1027/2357/1459
f 2154/3035/15 2155/3034/1904 1027/2357/1459 1028/2359/15
f 2153/3036/1905 2154/3035/15 1028/2359/15 1029/2361/1461
f 2152/3037/1906 2153/3036/1905 1029/2361/1461 1030/2363/1463
f 2151/3038/1907 2152/3037/1906 1030/2363/1463 1031/2365/1465
f 2150/3039/1908 2151/3038/1907 1031/2365/1465 1032/2367/1467
f 2149/3040/1909 2150/3039/1908 1032/2367/1467 1033/2369/1469
f 1034/2371/1471 2148/3041/1910 2149/3040/1909 1033/2369/1469
f 1035/2373/1473 2147/3042/1911 2148/3041/1910 1034/2371/1471
f 2146/3043/1912 2147/3042/1911 1035/2373/1473 1036/2375/1475
f 2145/3044/305 2146/3043/1912 1036/2375/1475 1037/2377/1477
f 2144/3045/1877 2145/3044/305 1037/2377/1477 1038/2379/1479
f 2143/3046/1913 2144/3045/1877 1038/2379/1479 1039/2381/1481
f 2142/3047/1914 2143/3046/1913 1039/2381/1481 1040/2383/493
f 2141/3048/1915 2142/3047/1914 1040/2383/493 1041/2385/1484
f 1042/2387/1486 2140/3049/1916 2141/3048/1915 1041/2385/1484
f 1043/2389/1473 2139/3050/1911 2140/3049/1916 1042/2387/1486
f 2138/3051/1912 2139/3050/1911 1043/2389/1473 1044/2391/1488
f 2137/3052/305 2138/3051/1912 1044/2391/1488 1045/2393/1477
f 2136/3053/1877 2137/3052/305 1045/2393/1477 1046/2395/1490
f 2135/3054/1913 2136/3053/1877 1046/2395/1490 1047/2397/1492
f 2134/3055/1917 2135/3054/1913 1047/2397/1492 1048/2399/493
f 2133/3056/1915 2134/3055/1917 1048/2399/493 1049/2401/1494
f 1050/2403/1496 2132/3057/1918 2133/3056/1915 1049/2401/1494
f 1051/2405/1498 2131/3058/15 2132/3057/1918 1050/2403/1496
f 1052/2408/1501 2130/3059/15 2131/3058/15 1051/2405/1498
f 1053/2407/1500 2129/3060/1919 2130/3059/15 1052/2408/1501
f 2128/3061/1920 2129/3060/1919 1053/2407/1500 1054/2410/1503
f 2127/3062/1921 2128/3061/1920 1054/2410/1503 1055/2412/1505
f 2126/3063/1922 2127/3062/1921 1055/2412/1505 1056/2414/1507
f 2125/3064/1923 2126/3063/1922 1056/2414/1507 1057/2416/1509
f 2124/3065/338 2125/3064/1923 1057/2416/1509 1058/2418/1511
f 2123/3066/1895 2124/3065/338 1058/2418/1511 1059/2420/1513
f 2122/3067/792 2123/3066/1895 1059/2420/1513 1060/2422/1515
f 1061/2425/1517 2121/3068/1924 2122/3067/792 1060/2422/1515
f 2120/3069/1925 2121/3068/1924 1061/2425/1517 1062/2426/1518
f 2119/3070/1921 2120/3069/1925 1062/2426/1518 1063/2428/1505
f 2118/3071/1922 2119/3070/1921 1063/2428/1505 1064/2430/1519
f 2117/3072/1923 2118/3071/1922 1064/2430/1519 1065/2432/1521
f 2116/3073/1926 2117/3072/1923 1065/2432/1521 1066/2434/1522
f 2115/3074/1927 2116/3073/1926 1066/2434/1522 1067/2436/1513
f 2114/3075/1436 2115/3074/1927 1067/2436/1513 1068/2438/1437
f 1069/2441/1525 2113/3076/1928 2114/3075/1436 1068/2438/1437
f 2112/3077/1929 2113/3076/1928 1069/2441/1525 1070/2442/1526
f 2111/3078/1921 2112/3077/1929 1070/2442/1526 1071/2444/1505
f 2110/3079/1922 2111/3078/1921 1071/2444/1505 1072/2446/1507
f 2109/3080/1923 2110/3079/1922 1072/2446/1507 1073/2448/1509
f 2108/3081/1926 2109/3080/1923 1073/2448/1509 1074/2450/1511
f 2107/3082/1895 2108/3081/1926 1074/2450/1511 1075/2452/1513
f 2106/3083/407 2107/3082/1895 1075/2452/1513 1076/2454/1528
f 1077/2457/1530 2105/3084/1930 2106/3083/407 1076/2454/1528
f 2104/3085/1931 2105/3084/1930 1077/2457/1530 1078/2458/1531
f 2103/3086/1932 2104/3085/1931 1078/2458/1531 1079/2460/1533
f 2102/3087/1933 2103/3086/1932 1079/2460/1533 1080/2462/1429
f 2101/3088/1934 2102/3087/1933 1080/2462/1429 1081/2464/1431
f 2100/3089/1935 2101/3088/1934 1081/2464/1431 1082/2466/1433
f 2099/3090/406 2100/3089/1935 1082/2466/1433 1083/2468/1435
f 2098/3091/337 2099/3090/406 1083/2468/1435 1084/2470/1539
f 1085/2473/1542 2097/3092/1936 2098/3091/337 1084/2470/1539
f 2096/3093/306 2097/3092/1936 1085/2473/1542 1086/2474/1475
f 2095/3094/1937 2096/3093/306 1086/2474/1475 1087/2476/1477
f 2094/3095/1938 2095/3094/1937 1087/2476/1477 1088/2478/1479
f 2093/3096/1939 2094/3095/1938 1088/2478/1479 1089/2480/1492
f 2092/3097/1940 2093/3096/1939 1089/2480/1492 1090/2482/1547
f 2091/3098/1941 2092/3097/1940 1090/2482/1547 1091/2484/1549
f 1092/2487/10 2090/3099/10 2091/3098/1941 1091/2484/1549
f 1093/2489/10 2089/3100/10 2090/3099/10 1092/2487/10
f 1094/2491/10 2088/3101/10 2089/3100/10 1093/2489/10
f 1095/2493/1552 2087/3102/1942 2088/3101/10 1094/2491/10
f 3825/3103/15 2087/3102/1942 1095/2493/1552 3824/2494/15
f 3247/3104/10 2086/3105/1943 1096/2497/1553 3246/2496/10
f 3271/3106/15 2085/3107/1944 1097/2501/1555 3270/2500/15
f 3283/3108/10 2084/3109/1945 1098/2505/1557 3282/2504/10
f 1100/2509/1559 2082/3110/1946 3699/3111/15 3700/2510/15
f 1101/2513/1561 2081/3112/1947 3290/3113/5 3291/2514/5
f 1102/2517/1563 2080/3114/1948 3278/3115/15 3279/2518/15
f 1103/2521/1565 2079/3116/1949 3254/3117/5 3255/2522/5
f 1104/2525/1567 2078/3118/1950 3818/3119/15 3819/2526/15
f 4041/3120/5 2078/3118/1950 1104/2525/1567 4040/2528/5
f 1106/2531/1569 2076/3121/1951 3997/3122/15 3998/2532/15
f 2075/3123/1952 2076/3121/1951 1106/2531/1569 1107/2534/1570
f 2074/3124/1953 2075/3123/1952 1107/2534/1570 1108/2536/1572
f 2073/3125/1954 2074/3124/1953 1108/2536/1572 1109/2538/1574
f 2072/3126/1955 2073/3125/1954 1109/2538/1574 1110/2540/1576
f 2071/3127/1956 2072/3126/1955 1110/2540/1576 1111/2542/1578
f 2070/3128/238 2071/3127/1956 1111/2542/1578 1112/2544/1580
f 2069/3129/1957 2070/3128/238 1112/2544/1580 1113/2546/1582
f 2068/3130/237 2069/3129/1957 1113/2546/1582 1114/2548/1584
f 1115/2551/1585 2067/3131/205 2068/3130/237 1114/2548/1584
f 2066/3132/1958 2067/3131/205 1115/2551/1585 1116/2552/1586
f 2065/3133/1959 2066/3132/1958 1116/2552/1586 1117/2554/1588
f 2064/3134/1960 2065/3133/1959 1117/2554/1588 1118/2556/1590
f 2063/3135/1961 2064/3134/1960 1118/2556/1590 1119/2558/1592
f 2062/3136/1962 2063/3135/1961 1119/2558/1592 1120/2560/1594
f 2061/3137/1963 2062/3136/1962 1120/2560/1594 1121/2562/1596
f 2060/3138/1964 2061/3137/1963 1121/2562/1596 1122/2564/1598
f 2059/3139/1965 2060/3138/1964 1122/2564/1598 1123/2566/1600
f 3981/3140/5 2059/3139/1965 1123/2566/1600 3980/2568/5
f 1125/2571/1603 2057/3141/1966 3957/3142/15 3958/2572/15
f 2056/3143/1967 2057/3141/1966 1125/2571/1603 1126/2574/1604
f 2055/3144/1968 2056/3143/1967 1126/2574/1604 1127/2576/1606
f 2054/3145/1969 2055/3144/1968 1127/2576/1606 1128/2578/1608
f 2053/3146/1970 2054/3145/1969 1128/2578/1608 1129/2580/1610
f 2052/3147/1971 2053/3146/1970 1129/2580/1610 1130/2582/1612
f 2051/3148/160 2052/3147/1971 1130/2582/1612 1131/2584/1614
f 2050/3149/1972 2051/3148/160 1131/2584/1614 1132/2586/1616
f 2049/3150/159 2050/3149/1972 1132/2586/1616 1133/2588/1618
f 1134/2591/1621 2048/3151/1973 3917/3152/15 3918/2592/15
f 3901/3153/5 2048/3151/1973 1134/2591/1621 3900/2594/5
f 1136/2597/1623 2046/3154/1974 3857/3155/15 3858/2598/15
f 1137/2601/10 2045/3156/10 2046/3157/1974 1136/2602/1623
f 1138/2605/10 2044/3158/10 2045/3156/10 1137/2601/10
f 1139/2607/10 2043/3159/10 2044/3158/10 1138/2605/10
f 1140/2609/10 2042/3160/10 2043/3159/10 1139/2607/10
f 1141/2611/10 2041/3161/10 2042/3160/10 1140/2609/10
f 2041/3161/10 1141/2611/10 1142/2612/10 2040/3162/10
f 2362/3163/10 3011/3164/10 3012/2615/10 2361/2614/10
f 2037/3165/10 2038/3166/10 1143/3167/10 1144/3168/10
f 2036/3169/10 2037/3165/10 1144/3168/10 1145/3170/10
f 2035/3171/10 2036/3169/10 1145/3170/10 1146/3172/10
f 2034/3173/10 2035/3171/10 1146/3172/10 1147/3174/10
f 2033/3175/1975 2034/3173/10 1147/3174/10 1148/3176/1976
f 3866/3177/13 2033/3178/1975 1148/3179/1976 3865/3180/13
f 1150/3181/1977 2031/3182/1978 3892/3183/5 3893/3184/5
f 3926/3185/13 2031/3182/1978 1150/3181/1977 3925/3186/13
f 2029/3187/1979 2030/3188/140 1151/3189/1980 1152/3190/1981
f 2028/3191/1982 2029/3187/1979 1152/3190/1981 1153/3192/1983
f 2027/3193/1984 2028/3191/1982 1153/3192/1983 1154/3194/1985
f 2026/3195/1986 2027/3193/1984 1154/3194/1985 1155/3196/1987
f 2025/3197/1988 2026/3195/1986 1155/3196/1987 1156/3198/1989
f 2024/3199/1990 2025/3197/1988 1156/3198/1989 1157/3200/1991
f 2023/3201/1992 2024/3199/1990 1157/3200/1991 1158/3202/1993
f 1159/3203/1994 2022/3204/1995 2023/3201/1992 1158/3202/1993
f 3966/3205/13 2022/3204/1995 1159/3203/1994 3965/3206/13
f 1161/3207/1996 2020/3208/1997 3972/3209/5 3973/3210/5
f 1162/3211/1998 2019/3212/1999 2020/3208/1997 1161/3207/1996
f 1162/3211/1998 1163/3213/2000 2018/3214/2001 2019/3212/1999
f 1163/3213/2000 1164/3215/2002 2017/3216/2003 2018/3214/2001
f 1164/3215/2002 1165/3217/2004 2016/3218/2005 2017/3216/2003
f 1165/3217/2004 1166/3219/2006 2015/3220/2007 2016/3218/2005
f 1166/3219/2006 1167/3221/2008 2014/3222/2009 2015/3220/2007
f 1167/3221/2008 1168/3223/2010 2013/3224/2011 2014/3222/2009
f 1168/3223/2010 1169/3225/2012 2012/3226/286 2013/3224/2011
f 2011/3227/260 2012/3226/286 1169/3225/2012 1170/3228/2013
f 1170/3228/2013 1171/3229/2014 2010/3230/2015 2011/3227/260
f 1171/3229/2014 1172/3231/2016 2009/3232/2017 2010/3230/2015
f 1172/3231/2016 1173/3233/2018 2008/3234/2019 2009/3232/2017
f 1173/3233/2018 1174/3235/2020 2007/3236/2021 2008/3234/2019
f 1174/3235/2020 1175/3237/2022 2006/3238/2023 2007/3236/2021
f 1175/3237/2022 1176/3239/2024 2005/3240/2025 2006/3238/2023
f 1176/3239/2024 1177/3241/2026 2004/3242/2027 2005/3240/2025
f 1178/3243/2028 2003/3244/2029 2004/3242/2027 1177/3241/2026
f 4006/3245/13 2003/3244/2029 1178/3243/2028 4005/3246/13
f 1180/3247/2030 2001/3248/2031 4032/3249/5 4033/3250/5
f 3785/3251/13 2001/3248/2031 1180/3247/2030 3784/3252/13
f 3409/3253/5 2000/3254/2032 1181/3255/2033 3408/3256/5
f 3433/3257/13 1999/3258/2034 1182/3259/2035 3432/3260/13
f 3457/3261/5 1998/3262/2036 1183/3263/2037 3456/3264/5
f 3750/3265/13 1997/3266/36 1184/3267/2038 3749/3268/13
f 1186/3269/2039 1995/3270/2040 3452/3271/10 3453/3272/10
f 1187/3273/2041 1994/3274/2042 3428/3275/13 3429/3276/13
f 1188/3277/2043 1993/3278/2044 3404/3279/10 3405/3280/10
f 1189/3281/2045 1992/3282/2046 3794/3283/13 3795/3284/13
f 1991/3285/10 1992/3282/2046 1189/3281/2045 1190/3286/10
f 1990/3287/10 1991/3285/10 1190/3286/10 1191/3288/10
f 1989/3289/10 1990/3287/10 1191/3288/10 1192/3290/10
f 1988/3291/2047 1989/3289/10 1192/3290/10 1193/3292/600
f 1193/3292/600 1194/3293/2048 1987/3294/2049 1988/3291/2047
f 1194/3293/2048 1195/3295/2050 1986/3296/2051 1987/3294/2049
f 1195/3295/2050 1196/3297/2052 1985/3298/2053 1986/3296/2051
f 1196/3297/2052 1197/3299/2054 1984/3300/2055 1985/3298/2053
f 1197/3299/2054 1198/3301/2056 1983/3302/2057 1984/3300/2055
f 1198/3301/2056 1199/3303/2058 1982/3304/2059 1983/3302/2057
f 1981/3305/2060 1982/3304/2059 1199/3303/2058 1200/3306/2061
f 1200/3306/2061 1201/3307/2062 1980/3308/2063 1981/3305/2060
f 1201/3307/2062 1202/3309/2064 1979/3310/2065 1980/3308/2063
f 1202/3309/2064 1203/3311/2066 1978/3312/2067 1979/3310/2065
f 1203/3311/2066 1204/3313/2068 1977/3314/2069 1978/3312/2067
f 1204/3313/2068 1205/3315/2070 1976/3316/2071 1977/3314/2069
f 1205/3315/2070 1206/3317/598 1975/3318/2072 1976/3316/2071
f 1207/3319/2073 1974/3320/2074 1975/3318/2072 1206/3317/598
f 1973/3321/430 1974/3320/2074 1207/3319/2073 1208/3322/2075
f 1208/3322/2075 1209/3323/2076 1972/3324/429 1973/3321/430
f 1209/3323/2076 1210/3325/2077 1971/3326/2078 1972/3324/429
f 1210/3325/2077 1211/3327/2079 1970/3328/2080 1971/3326/2078
f 1211/3327/2079 1212/3329/2081 1969/3330/2082 1970/3328/2080
f 1212/3329/2081 1213/3331/2083 1968/3332/2084 1969/3330/2082
f 1213/3331/2083 1214/3333/2085 1967/3334/2086 1968/3332/2084
f 1215/3335/2087 1966/3336/2088 1967/3334/2086 1214/3333/2085
f 1965/3337/2089 1966/3336/2088 1215/3335/2087 1216/3338/2090
f 1216/3338/2090 1217/3339/2076 1964/3340/2091 1965/3337/2089
f 1217/3339/2076 1218/3341/2092 1963/3342/2078 1964/3340/2091
f 1218/3341/2092 1219/3343/2093 1962/3344/2080 1963/3342/2078
f 1219/3343/2093 1220/3345/2081 1961/3346/2082 1962/3344/2080
f 1220/3345/2081 1221/3347/2094 1960/3348/2084 1961/3346/2082
f 1221/3347/2094 1222/3349/2095 1959/3350/2096 1960/3348/2084
f 1223/3351/2097 1958/3352/2098 1959/3350/2096 1222/3349/2095
f 1957/3353/801 1958/3352/2098 1223/3351/2097 1224/3354/2099
f 1224/3354/2099 1225/3355/2076 1956/3356/429 1957/3353/801
f 1225/3355/2076 1226/3357/2092 1955/3358/2100 1956/3356/429
f 1226/3357/2092 1227/3359/2079 1954/3360/2080 1955/3358/2100
f 1227/3359/2079 1228/3361/2101 1953/3362/2082 1954/3360/2080
f 1228/3361/2101 1229/3363/2083 1952/3364/2084 1953/3362/2082
f 1229/3363/2083 1230/3365/2095 1951/3366/2096 1952/3364/2084
f 1231/3367/2102 1950/3368/2103 1951/3366/2096 1230/3365/2095
f 1949/3369/13 1950/3368/2103 1231/3367/2102 1232/3370/2104
f 2270/3371/13 1949/3369/13 1232/3370/2104 1233/3372/2105
f 2269/3373/2106 2270/3371/13 1233/3372/2105 1234/3374/2107
f 2268/3375/2108 2269/3373/2106 1234/3374/2107 1235/3376/2109
f 1235/3376/2109 1236/3377/2110 2267/3378/2111 2268/3375/2108
f 1236/3377/2110 1237/3379/2112 2266/3380/2113 2267/3378/2111
f 1237/3379/2112 1238/3381/2114 2265/3382/2115 2266/3380/2113
f 1238/3381/2114 1239/3383/2116 2264/3384/2117 2265/3382/2115
f 1239/3383/2116 1240/3385/2118 2263/3386/2119 2264/3384/2117
f 1240/3385/2118 1241/3387/2120 2262/3388/2121 2263/3386/2119
f 2261/3389/2122 2262/3388/2121 1241/3387/2120 1242/3390/2123
f 2260/3391/2108 2261/3389/2122 1242/3390/2123 1243/3392/2124
f 1243/3392/2124 1244/3393/2125 2259/3394/2126 2260/3391/2108
f 1244/3393/2125 1245/3395/2112 2258/3396/2127 2259/3394/2126
f 1245/3395/2112 1246/3397/2114 2257/3398/2115 2258/3396/2127
f 1246/3397/2114 1247/3399/2116 2256/3400/2117 2257/3398/2115
f 1247/3399/2116 1248/3401/2128 2255/3402/2119 2256/3400/2117
f 1248/3401/2128 1249/3403/2120 2254/3404/2121 2255/3402/2119
f 2253/3405/2129 2254/3404/2121 1249/3403/2120 1250/3406/2130
f 2252/3407/2131 2253/3405/2129 1250/3406/2130 1251/3408/2132
f 1251/3408/2132 1252/3409/2133 2251/3410/2134 2252/3407/2131
f 1252/3409/2133 1253/3411/2135 2250/3412/2136 2251/3410/2134
f 1253/3411/2135 1254/3413/2137 2249/3414/2138 2250/3412/2136
f 1254/3413/2137 1255/3415/2139 2248/3416/2140 2249/3414/2138
f 1255/3415/2139 1256/3417/13 2247/3418/13 2248/3416/2140
f 1256/3417/13 1257/3419/2141 2246/3420/2142 2247/3418/13
f 1257/3419/2141 1258/3421/2143 2245/3422/2144 2246/3420/2142
f 1258/3421/2143 1259/3423/2145 2244/3424/2146 2245/3422/2144
f 1259/3423/2145 1260/3425/2147 2243/3426/2148 2244/3424/2146
f 1260/3425/2147 1261/3427/2149 2242/3428/2150 2243/3426/2148
f 1262/3429/2151 2241/3430/2152 2242/3428/2150 1261/3427/2149
f 2240/3431/822 2241/3430/2152 1262/3429/2151 1263/3432/2153
f 1263/3432/2153 1264/3433/2154 2239/3434/429 2240/3431/822
f 1264/3433/2154 1265/3435/2155 2238/3436/2100 2239/3434/429
f 1265/3435/2155 1266/3437/2156 2237/3438/2157 2238/3436/2100
f 1266/3437/2156 1267/3439/2158 2236/3440/2159 2237/3438/2157
f 1267/3439/2158 1268/3441/2160 2235/3442/2161 2236/3440/2159
f 1268/3441/2160 1269/3443/2162 2234/3444/2163 2235/3442/2161
f 1270/3445/2164 2233/3446/2165 2234/3444/2163 1269/3443/2162
f 2232/3447/822 2233/3446/2165 1270/3445/2164 1271/3448/2166
f 1271/3448/2166 1272/3449/2154 2231/3450/429 2232/3447/822
f 1272/3449/2154 1273/3451/2167 2230/3452/2100 2231/3450/429
f 1273/3451/2167 1274/3453/2168 2229/3454/2169 2230/3452/2100
f 1274/3453/2168 1275/3455/2158 2228/3456/2170 2229/3454/2169
f 1275/3455/2158 1276/3457/2171 2227/3458/2161 2228/3456/2170
f 1276/3457/2171 1277/3459/2172 2226/3460/2163 2227/3458/2161
f 1278/3461/2173 2225/3462/2174 2226/3460/2163 1277/3459/2172
f 2224/3463/2175 2225/3462/2174 1278/3461/2173 1279/3464/2176
f 5031/3465/10 2224/3463/2175 1279/3464/2176 5030/3466/10
f 2222/3467/2177 5067/3468/13 5068/3469/13 1281/3470/2178
f 2221/3471/2179 2222/3467/2177 1281/3470/2178 1282/3472/2180
f 1282/3472/2180 1283/3473/2181 2220/3474/2182 2221/3471/2179
f 1283/3473/2181 1284/3475/2183 2219/3476/2184 2220/3474/2182
f 1284/3475/2183 1285/3477/2185 2218/3478/2186 2219/3476/2184
f 1285/3477/2185 1286/3479/2187 2217/3480/2188 2218/3478/2186
f 1286/3479/2187 1287/3481/2189 2216/3482/2190 2217/3480/2188
f 1287/3481/2189 1288/3483/2191 2215/3484/284 2216/3482/2190
f 1288/3483/2191 1289/3485/2192 2214/3486/2193 2215/3484/284
f 2213/3487/2194 2214/3486/2193 1289/3485/2192 1290/3488/2195
f 5071/3489/10 2213/3487/2194 1290/3488/2195 5070/3490/10
f 5091/3491/13 2212/3492/2196 1291/3493/2197 5090/3494/13
f 5131/3495/10 2211/3496/2198 1292/3497/2199 5130/3498/10
f 5171/3499/13 2210/3500/2115 1293/3501/2200 5170/3502/13
f 2208/3503/13 2209/3504/13 1294/3505/13 1295/3506/13
f 2207/3507/13 2208/3503/13 1295/3506/13 1296/3508/13
f 2206/3509/2201 5207/3510/13 5208/3511/13 1297/3512/2202
f 1298/3513/5 2205/3514/5 2206/3515/2201 1297/3516/2202
f 1299/3517/5 2204/3518/5 2205/3514/5 1298/3513/5
f 1300/3519/5 2203/3520/5 2204/3518/5 1299/3517/5
f 1301/3521/5 2202/3522/5 2203/3520/5 1300/3519/5
f 3172/2974/5 3173/3523/5 2524/3524/5 2525/2975/5
f 2200/3525/5 1302/2977/5 1303/2981/5 2199/3526/5
f 2198/3527/5 2199/3526/5 1303/2981/5 1304/2980/5
f 2197/3528/5 2198/3527/5 1304/2980/5 1305/2983/5
f 2196/3529/5 2197/3528/5 1305/2983/5 1306/2985/5
f 2195/3530/1876 2196/3529/5 1306/2985/5 987/2987/1393
f 5310/3531/5 1628/3532/5 1627/3533/2203 5309/3534/2204
f 5311/3535/5 1629/3536/5 1628/3532/5 5310/3531/5
f 5312/3537/5 1630/3538/5 1629/3536/5 5311/3535/5
f 5313/3539/5 1631/3540/5 1630/3538/5 5312/3537/5
f 1631/3540/5 5313/3539/5 5367/3541/5 1632/3542/5
f 1633/3543/5 2201/3544/5 2202/3522/5 1301/3521/5
f 5471/3545/5 1634/3546/5 1633/3543/5 5526/3547/5
f 1635/3548/5 1634/3546/5 5471/3545/5 5472/3549/5
f 1636/3550/5 1635/3548/5 5472/3549/5 5473/3551/5
f 1637/3552/5 1636/3550/5 5473/3551/5 5474/3553/5
f 1638/3554/2205 1637/3552/5 5474/3553/5 5475/3555/2206
f 5190/3556/8 1638/3557/2205 5475/3558/2206 5476/3559/8
f 1640/3560/8 1639/3561/8 5477/3562/8 5478/3563/8
f 1641/3564/8 1640/3560/8 5478/3563/8 5479/3565/8
f 1642/3566/2207 5188/3567/8 5480/3568/8 5481/3569/2208
f 1643/3570/2209 5148/3571/10 5483/3572/10 5484/3573/2210
f 1644/3574/2211 5108/3575/8 5486/3576/8 5487/3577/2212
f 1645/3578/2213 5088/3579/10 5488/3580/10 5489/3581/2214
f 1646/3582/2215 1645/3578/2213 5489/3581/2214 5490/3583/2216
f 1647/3584/2217 1646/3582/2215 5490/3583/2216 5491/3585/2218
f 1648/3586/2219 1647/3584/2217 5491/3585/2218 5492/3587/2220
f 1649/3588/2221 1648/3586/2219 5492/3587/2220 5493/3589/1140
f 1650/3590/2222 1649/3588/2221 5493/3589/1140 5494/3591/2223
f 1651/3592/2224 1650/3590/2222 5494/3591/2223 5495/3593/2225
f 1652/3594/2226 1651/3592/2224 5495/3593/2225 5496/3595/2227
f 1653/3596/2228 1652/3594/2226 5496/3595/2227 5497/3597/1048
f 1654/3598/2229 1653/3596/2228 5497/3597/1048 5498/3599/2230
f 5050/3600/8 1654/3598/2229 5498/3599/2230 5499/3601/8
f 1656/3602/2231 5048/3603/10 5501/3604/10 5502/3605/2232
f 1657/3606/2233 1656/3602/2231 5502/3605/2232 5503/3607/2234
f 1658/3608/2235 1657/3606/2233 5503/3607/2234 5504/3609/2236
f 1659/3610/2237 1658/3608/2235 5504/3609/2236 5505/3611/2238
f 1660/3612/2239 1659/3610/2237 5505/3611/2238 5506/3613/2240
f 1661/3614/2241 1660/3612/2239 5506/3613/2240 5507/3615/1067
f 1662/3616/2242 1661/3614/2241 5507/3615/1067 5508/3617/989
f 1663/3618/2243 1662/3616/2242 5508/3617/989 5509/3619/2244
f 1664/3620/2245 1663/3618/2243 5509/3619/2244 5510/3621/2246
f 1665/3622/2247 1664/3620/2245 5510/3621/2246 5511/3623/2248
f 1666/3624/2249 1665/3622/2247 5511/3623/2248 5512/3625/2250
f 1667/3626/2251 1666/3624/2249 5512/3625/2250 5513/3627/2252
f 1668/3628/2253 1667/3626/2251 5513/3627/2252 5514/3629/2254
f 1669/3630/2241 1668/3628/2253 5514/3629/2254 5515/3631/2255
f 1670/3632/2242 1669/3630/2241 5515/3631/2255 5516/3633/989
f 1671/3634/2243 1670/3632/2242 5516/3633/989 5517/3635/2244
f 1672/3636/2245 1671/3634/2243 5517/3635/2244 5518/3637/2246
f 1673/3638/2256 1672/3636/2245 5518/3637/2246 5519/3639/2257
f 1674/3640/2258 1673/3638/2256 5519/3639/2257 5520/3641/2259
f 1675/3642/2260 1674/3640/2258 5520/3641/2259 5521/3643/2261
f 1676/3644/2262 1675/3642/2260 5521/3643/2261 5522/3645/2263
f 1677/3646/2264 1676/3644/2262 5522/3645/2263 5523/3647/2265
f 1678/3648/2266 1677/3646/2264 5523/3647/2265 5524/3649/2267
f 1679/3650/8 1678/3648/2266 5524/3649/2267 5525/3651/8
f 1680/3652/2268 1679/3650/8 5525/3651/8 5368/3653/2269
f 1681/3654/2270 1680/3652/2268 5368/3653/2269 5369/3655/2271
f 1682/3656/2272 1681/3654/2270 5369/3655/2271 5370/3657/2273
f 1683/3658/2274 1682/3656/2272 5370/3657/2273 5371/3659/2275
f 1684/3660/2276 1683/3658/2274 5371/3659/2275 5372/3661/2277
f 1685/3662/2278 1684/3660/2276 5372/3661/2277 5373/3663/2279
f 1686/3664/2280 1685/3662/2278 5373/3663/2279 5374/3665/2281
f 1687/3666/2282 1686/3664/2280 5374/3665/2281 5375/3667/2283
f 1688/3668/2284 1687/3666/2282 5375/3667/2283 5376/3669/1042
f 1689/3670/2285 1688/3668/2284 5376/3669/1042 5377/3671/2286
f 1690/3672/2287 1689/3670/2285 5377/3671/2286 5378/3673/2288
f 1691/3674/2289 1690/3672/2287 5378/3673/2288 5379/3675/2290
f 1692/3676/2291 1691/3674/2289 5379/3675/2290 5380/3677/2292
f 1693/3678/2293 1692/3676/2291 5380/3677/2292 5381/3679/2294
f 1694/3680/2280 1693/3678/2293 5381/3679/2294 5382/3681/2281
f 1695/3682/2282 1694/3680/2280 5382/3681/2281 5383/3683/2283
f 1696/3684/2284 1695/3682/2282 5383/3683/2283 5384/3685/1042
f 1697/3686/2285 1696/3684/2284 5384/3685/1042 5385/3687/2295
f 1698/3688/2296 1697/3686/2285 5385/3687/2295 5386/3689/2297
f 1699/3690/2298 1698/3688/2296 5386/3689/2297 5387/3691/2299
f 1700/3692/2300 1699/3690/2298 5387/3691/2299 5388/3693/2292
f 1701/3694/2301 1700/3692/2300 5388/3693/2292 5389/3695/2302
f 1702/3696/2303 1701/3694/2301 5389/3695/2302 5390/3697/2304
f 23/3698/1768 19/3699/1765 4449/3700/2305 4450/3701/2306
f 19/3699/1765 569/3702/1754 4448/3703/2307 4449/3700/2305
f 569/3702/1754 563/3704/1741 4447/3705/2308 4448/3703/2307
f 563/3704/1741 564/3706/1762 4446/3707/2309 4447/3705/2308
f 564/3706/1762 565/3708/1737 4445/3709/2310 4446/3707/2309
f 565/3708/1737 566/3710/1760 4444/3711/2311 4445/3709/2310
f 566/3710/1760 567/3712/1733 4443/3713/2312 4444/3711/2311
f 567/3712/1733 568/3714/1759 4442/3715/2313 4443/3713/2312
f 568/3714/1759 95/3716/1756 4441/3717/2314 4442/3715/2313
f 95/3716/1756 597/3718/1754 4440/3719/2315 4441/3717/2314
f 597/3718/1754 591/3720/1741 4439/3721/2308 4440/3719/2315
f 591/3720/1741 592/3722/1753 4438/3723/2316 4439/3721/2308
f 592/3722/1753 593/3724/1751 4437/3725/2317 4438/3723/2316
f 593/3724/1751 594/3726/1749 4436/3727/2318 4437/3725/2317
f 594/3726/1749 595/3728/1733 4435/3729/2319 4436/3727/2318
f 595/3728/1733 596/3730/1748 4434/3731/2320 4435/3729/2319
f 596/3730/1748 103/3732/1745 4433/3733/2321 4434/3731/2320
f 103/3732/1745 297/3734/1743 4432/3735/2322 4433/3733/2321
f 297/3734/1743 291/3736/1741 4431/3737/2308 4432/3735/2322
f 291/3736/1741 292/3738/1739 4430/3739/2309 4431/3737/2308
f 292/3738/1739 293/3740/1737 4429/3741/2310 4430/3739/2309
f 293/3740/1737 294/3742/1735 4428/3743/2311 4429/3741/2310
f 294/3742/1735 295/3744/1733 4427/3745/2312 4428/3743/2311
f 295/3744/1733 296/3746/1732 4426/3747/2323 4427/3745/2312
f 296/3746/1732 109/3748/1729 4425/3749/2324 4426/3747/2323
f 109/3748/1729 255/3750/1727 4424/3751/2325 4425/3749/2324
f 255/3750/1727 249/3752/1725 4423/3753/2326 4424/3751/2325
f 249/3752/1725 250/3754/1723 4422/3755/2327 4423/3753/2326
f 250/3754/1723 251/3756/1721 4421/3757/2328 4422/3755/2327
f 251/3756/1721 252/3758/1719 4420/3759/2329 4421/3757/2328
f 252/3758/1719 253/3760/1717 4419/3761/2330 4420/3759/2329
f 253/3760/1717 254/3762/1716 4418/3763/2331 4419/3761/2330
f 254/3762/1716 262/3764/1713 4417/3765/2332 4418/3763/2331
f 262/3764/1713 256/3766/1711 4416/3767/2333 4417/3765/2332
f 256/3766/1711 257/3768/1709 4415/3769/2334 4416/3767/2333
f 257/3768/1709 258/3770/1707 4414/3771/2335 4415/3769/2334
f 258/3770/1707 259/3772/1705 4413/3773/2336 4414/3771/2335
f 259/3772/1705 260/3774/1703 4412/3775/2337 4413/3773/2336
f 260/3774/1703 261/3776/1702 4411/3777/2338 4412/3775/2337
f 261/3776/1702 110/3778/10 4410/3779/10 4411/3777/2338
f 110/3778/10 99/3780/10 4409/3781/10 4410/3779/10
f 99/3780/10 91/3782/10 4408/3783/10 4409/3781/10
f 91/3782/10 15/3784/1699 4407/3785/2339 4408/3783/10
f 15/3784/1699 3780/3786/8 4406/3787/8 4407/3785/2339
f 610/3788/2340 3473/3789/2341 4403/3790/10 4404/3791/2342
f 626/3792/2343 3533/3793/8 4400/3794/8 4401/3795/2344
f 642/3796/2345 3497/3797/2346 4397/3798/10 4398/3799/2347
f 3727/3800/2348 659/3801/2349 4392/3802/1110 4393/3803/8
f 3508/3804/925 643/3805/924 4389/3806/2350 4390/3807/5
f 3544/3808/8 627/3809/891 4386/3810/2351 4387/3811/8
f 3484/3812/856 611/3813/855 4383/3814/2352 4384/3815/5
f 3777/3816/8 11/3817/838 4380/3818/2353 4381/3819/8
f 11/3817/838 4034/3820/5 4379/3821/5 4380/3818/2353
f 4004/3822/1684 43/3823/1682 4375/3824/2354 4376/3825/8
f 43/3823/1682 59/3826/1680 4374/3827/2355 4375/3824/2354
f 59/3826/1680 191/3828/1678 4373/3829/2356 4374/3827/2355
f 191/3828/1678 192/3830/1676 4372/3831/2357 4373/3829/2356
f 192/3830/1676 193/3832/1674 4371/3833/2358 4372/3831/2357
f 193/3832/1674 194/3834/1672 4370/3835/2359 4371/3833/2358
f 194/3834/1672 195/3836/1670 4369/3837/2360 4370/3835/2359
f 195/3836/1670 196/3838/1668 4368/3839/2361 4369/3837/2360
f 196/3838/1668 197/3840/1667 4367/3841/2362 4368/3839/2361
f 197/3840/1667 204/3842/1664 4366/3843/2363 4367/3841/2362
f 204/3842/1664 203/3844/1662 4365/3845/2364 4366/3843/2363
f 203/3844/1662 202/3846/1660 4364/3847/2365 4365/3845/2364
f 202/3846/1660 201/3848/1658 4363/3849/2366 4364/3847/2365
f 201/3848/1658 200/3850/1656 4362/3851/2367 4363/3849/2366
f 200/3850/1656 199/3852/1654 4361/3853/2368 4362/3851/2367
f 199/3852/1654 198/3854/1652 4360/3855/2369 4361/3853/2368
f 198/3854/1652 205/3856/1650 4359/3857/2370 4360/3855/2369
f 205/3856/1650 55/3858/1648 4358/3859/2371 4359/3857/2370
f 55/3858/1648 3974/3860/5 4357/3861/5 4358/3859/2371
f 3964/3862/1629 68/3863/1646 4353/3864/2372 4354/3865/8
f 68/3863/1646 160/3866/1645 4352/3867/2373 4353/3864/2372
f 160/3866/1645 153/3868/1643 4351/3869/2374 4352/3867/2373
f 153/3868/1643 154/3870/1641 4350/3871/2375 4351/3869/2374
f 154/3870/1641 155/3872/1639 4349/3873/2376 4350/3871/2375
f 155/3872/1639 156/3874/1637 4348/3875/2377 4349/3873/2376
f 156/3874/1637 157/3876/1635 4347/3877/2378 4348/3875/2377
f 157/3876/1635 158/3878/1633 4346/3879/2379 4347/3877/2378
f 158/3878/1633 159/3880/1632 4345/3881/2380 4346/3879/2379
f 3924/3882/1629 78/3883/1627 4343/3884/2381 4344/3885/8
f 78/3883/1627 3894/3886/5 4342/3887/5 4343/3884/2381
f 3864/3888/1626 87/2627/1625 4337/3889/2382 4338/3890/8
f 87/2627/1625 79/2625/10 4336/3891/10 4337/3889/2382
f 79/2625/10 63/2623/10 4335/3892/10 4336/3891/10
f 63/2623/10 51/2621/10 4334/3893/10 4335/3892/10
f 51/2621/10 39/2619/10 4333/3894/10 4334/3893/10
f 39/2619/10 8/2618/10 4332/3895/10 4333/3894/10
f 8/2618/10 4331/2617/10 4522/3896/10 4332/3895/10
f 1143/3167/10 2038/3166/10 2039/3897/10 1793/3898/10
f 1794/3899/10 1463/168/10 4094/167/10 4285/3900/10
f 2/3901/10 38/3902/10 4096/3903/10 4095/3904/10
f 38/3902/10 50/3905/10 4097/3906/10 4096/3903/10
f 50/3905/10 62/3907/10 4098/3908/10 4097/3906/10
f 62/3907/10 74/3909/10 4099/3910/10 4098/3908/10
f 74/3909/10 82/3911/2383 4100/3912/2384 4099/3910/10
f 82/3913/2383 3849/3914/2385 4101/3915/4 4100/3916/2384
f 3889/3917/5 75/3918/2386 4106/3919/2387 4105/3920/5
f 75/3918/2386 3909/3921/2385 4107/3922/4 4106/3919/2387
f 136/3923/2388 129/3924/2389 4109/3925/2390 4108/3926/2391
f 129/3924/2389 130/3927/2392 4110/3928/2393 4109/3925/2390
f 130/3927/2392 131/3929/2394 4111/3930/2395 4110/3928/2393
f 131/3929/2394 132/3931/2396 4112/3932/2397 4111/3930/2395
f 132/3931/2396 133/3933/2398 4113/3934/2399 4112/3932/2397
f 133/3933/2398 134/3935/2400 4114/3936/2401 4113/3934/2399
f 134/3935/2400 135/3937/2402 4115/3938/29 4114/3936/2401
f 135/3937/2402 65/3939/2403 4116/3940/2404 4115/3938/29
f 65/3939/2403 3949/3941/2385 4117/3942/4 4116/3940/2404
f 3969/3943/5 56/3944/2405 4121/3945/2406 4120/3946/5
f 56/3944/2405 213/3947/2407 4122/3948/2408 4121/3945/2406
f 213/3947/2407 206/3949/2409 4123/3950/2410 4122/3948/2408
f 206/3949/2409 207/3951/2411 4124/3952/2412 4123/3950/2410
f 207/3951/2411 208/3953/2413 4125/3954/2414 4124/3952/2412
f 208/3953/2413 209/3955/2415 4126/3956/2416 4125/3954/2414
f 209/3955/2415 210/3957/2417 4127/3958/2418 4126/3956/2416
f 210/3957/2417 211/3959/2419 4128/3960/2420 4127/3958/2418
f 211/3959/2419 212/3961/2421 4129/3962/2422 4128/3960/2420
f 212/3961/2421 220/3963/2423 4130/3964/2424 4129/3962/2422
f 220/3963/2423 219/3965/2425 4131/3966/2426 4130/3964/2424
f 219/3965/2425 218/3967/2427 4132/3968/2428 4131/3966/2426
f 218/3967/2427 217/3969/2429 4133/3970/2430 4132/3968/2428
f 217/3969/2429 216/3971/2431 4134/3972/2432 4133/3970/2430
f 216/3971/2431 215/3973/2433 4135/3974/2434 4134/3972/2432
f 215/3973/2433 214/3975/2435 4136/3976/2436 4135/3974/2434
f 214/3975/2435 60/3977/2437 4137/3978/2438 4136/3976/2436
f 60/3977/2437 44/3979/2439 4138/3980/2440 4137/3978/2438
f 44/3979/2439 3989/3981/2385 4139/3982/4 4138/3980/2440
f 4029/3983/5 12/3984/840 4143/3985/2441 4142/3986/5
f 12/3984/840 3799/3987/4 4144/3988/4 4143/3985/2441
f 617/3989/874 3335/3990/876 4147/3991/5 4146/3992/2442
f 633/3993/905 3359/3994/4 4150/3995/4 4149/3996/2443
f 649/3997/943 3383/3998/945 4153/3999/5 4152/4000/2444
f 665/4001/2445 3670/4002/2446 4156/4003/4 4155/4004/1236
f 3382/4005/2447 651/4006/2448 4161/4007/2449 4160/4008/10
f 3358/4009/4 635/4010/2450 4164/4011/2451 4163/4012/4
f 3334/4013/2452 619/4014/2453 4167/4015/2454 4166/4016/10
f 3812/4017/4 16/4018/2455 4170/4019/2456 4169/4020/4
f 16/4018/2455 92/4021/10 4171/4022/10 4170/4019/2456
f 92/4021/10 100/4023/10 4172/4024/10 4171/4022/10
f 100/4023/10 111/4025/10 4173/4026/10 4172/4024/10
f 111/4025/10 268/4027/2457 4174/4028/2458 4173/4026/10
f 268/4027/2457 267/4029/2459 4175/4030/2460 4174/4028/2458
f 267/4029/2459 266/4031/2461 4176/4032/2462 4175/4030/2460
f 266/4031/2461 265/4033/2463 4177/4034/2464 4176/4032/2462
f 265/4033/2463 264/4035/2465 4178/4036/2466 4177/4034/2464
f 264/4035/2465 263/4037/2467 4179/4038/2468 4178/4036/2466
f 263/4037/2467 269/4039/2469 4180/4040/2470 4179/4038/2468
f 269/4039/2469 275/4041/2471 4181/4042/2472 4180/4040/2470
f 275/4041/2471 274/4043/2473 4182/4044/2474 4181/4042/2472
f 274/4043/2473 273/4045/2475 4183/4046/2476 4182/4044/2474
f 273/4045/2475 272/4047/2477 4184/4048/2478 4183/4046/2476
f 272/4047/2477 271/4049/2479 4185/4050/2480 4184/4048/2478
f 271/4049/2479 270/4051/2481 4186/4052/2482 4185/4050/2480
f 270/4051/2481 276/4053/2483 4187/4054/2484 4186/4052/2482
f 276/4053/2483 112/4055/2485 4188/4056/2486 4187/4054/2484
f 112/4055/2485 303/4057/2487 4189/4058/2488 4188/4056/2486
f 303/4057/2487 302/4059/2489 4190/4060/2490 4189/4058/2488
f 302/4059/2489 301/4061/2491 4191/4062/2492 4190/4060/2490
f 301/4061/2491 300/4063/2493 4192/4064/2494 4191/4062/2492
f 300/4063/2493 299/4065/2495 4193/4066/2496 4192/4064/2494
f 299/4065/2495 298/4067/2497 4194/4068/2498 4193/4066/2496
f 298/4067/2497 304/4069/2499 4195/4070/2500 4194/4068/2498
f 304/4069/2499 104/4071/2501 4196/4072/2502 4195/4070/2500
f 104/4071/2501 603/4073/2503 4197/4074/2504 4196/4072/2502
f 603/4073/2503 602/4075/2489 4198/4076/2505 4197/4074/2504
f 602/4075/2489 601/4077/2506 4199/4078/2492 4198/4076/2505
f 601/4077/2506 600/4079/2507 4200/4080/2494 4199/4078/2492
f 600/4079/2507 599/4081/2495 4201/4082/2508 4200/4080/2494
f 599/4081/2495 598/4083/2497 4202/4084/2509 4201/4082/2508
f 598/4083/2497 604/4085/2510 4203/4086/2511 4202/4084/2509
f 604/4085/2510 96/4087/2512 4204/4088/2513 4203/4086/2511
f 96/4087/2512 575/4089/2514 4205/4090/2515 4204/4088/2513
f 575/4089/2514 574/4091/2489 4206/4092/2505 4205/4090/2515
f 574/4091/2489 573/4093/2491 4207/4094/2492 4206/4092/2505
f 573/4093/2491 572/4095/2516 4208/4096/2494 4207/4094/2492
f 572/4095/2516 571/4097/2517 4209/4098/2496 4208/4096/2494
f 571/4097/2517 570/4099/2518 4210/4100/2498 4209/4098/2496
f 570/4099/2518 576/4101/2519 4211/4102/2511 4210/4100/2498
f 576/4101/2519 20/4103/2520 4212/4104/2521 4211/4102/2511
f 20/4103/2520 24/4105/2522 4213/4106/2523 4212/4104/2521
f 1886/4107/2524 1885/4108/2525 5236/4109/2526 5237/4110/2527
f 1887/4111/2528 1886/4107/2524 5237/4110/2527 5238/4112/2529
f 1888/4113/2530 1887/4111/2528 5238/4112/2529 5239/4114/2531
f 1889/4115/2532 1888/4113/2530 5239/4114/2531 5240/4116/2533
f 1890/4117/2534 1889/4115/2532 5240/4116/2533 5241/4118/2535
f 1891/4119/2536 1890/4117/2534 5241/4118/2535 5242/4120/2537
f 1892/4121/2538 1891/4119/2536 5242/4120/2537 5243/4122/2539
f 1893/4123/2540 1892/4121/2538 5243/4122/2539 5244/4124/2541
f 1894/4125/2542 1893/4123/2540 5244/4124/2541 5245/4126/2543
f 1895/4127/2544 1894/4125/2542 5245/4126/2543 5246/4128/2529
f 1896/4129/2545 1895/4127/2544 5246/4128/2529 5247/4130/2546
f 1897/4131/2547 1896/4129/2545 5247/4130/2546 5248/4132/2548
f 1898/4133/2534 1897/4131/2547 5248/4132/2548 5249/4134/2549
f 1899/4135/2550 1898/4133/2534 5249/4134/2549 5250/4136/2537
f 1900/4137/2551 1899/4135/2550 5250/4136/2537 5251/4138/2539
f 1901/4139/2552 1900/4137/2551 5251/4138/2539 5252/4140/2541
f 1902/4141/2553 1901/4139/2552 5252/4140/2541 5253/4142/2554
f 1903/4143/2555 1902/4141/2553 5253/4142/2554 5254/4144/2556
f 1904/4145/2557 1903/4143/2555 5254/4144/2556 5255/4146/2558
f 1905/4147/2559 1904/4145/2557 5255/4146/2558 5256/4148/2560
f 1906/4149/2561 1905/4147/2559 5256/4148/2560 5257/4150/2562
f 1907/4151/2563 1906/4149/2561 5257/4150/2562 5258/4152/2564
f 1908/4153/4 1907/4151/2563 5258/4152/2564 5259/4154/4
f 1909/4155/2565 1908/4153/4 5259/4154/4 5260/4156/2566
f 1910/4157/2567 1909/4155/2565 5260/4156/2566 5261/4158/2568
f 1911/4159/2569 1910/4157/2567 5261/4158/2568 5262/4160/2570
f 1912/4161/2571 1911/4159/2569 5262/4160/2570 5263/4162/2572
f 1913/4163/2573 1912/4161/2571 5263/4162/2572 5264/4164/2574
f 5265/4165/1185 1914/4166/2575 1913/4163/2573 5264/4164/2574
f 1915/4167/2576 1914/4166/2575 5265/4165/1185 5266/4168/2577
f 1916/4169/2578 1915/4167/2576 5266/4168/2577 5267/4170/2579
f 1917/4171/2580 1916/4169/2578 5267/4170/2579 5268/4172/2581
f 1918/4173/2582 1917/4171/2580 5268/4172/2581 5269/4174/2583
f 1919/4175/2584 1918/4173/2582 5269/4174/2583 5270/4176/2585
f 1920/4177/2586 1919/4175/2584 5270/4176/2585 5271/4178/2587
f 1921/4179/2588 1920/4177/2586 5271/4178/2587 5272/4180/2589
f 5273/4181/2590 1922/4182/2591 1921/4179/2588 5272/4180/2589
f 1923/4183/2592 1922/4182/2591 5273/4181/2590 5274/4184/2577
f 1924/4185/2593 1923/4183/2592 5274/4184/2577 5275/4186/2579
f 1925/4187/2580 1924/4185/2593 5275/4186/2579 5276/4188/2581
f 1926/4189/2594 1925/4187/2580 5276/4188/2581 5277/4190/2595
f 1927/4191/2584 1926/4189/2594 5277/4190/2595 5278/4192/2596
f 1928/4193/2597 1927/4191/2584 5278/4192/2596 5279/4194/2598
f 1929/4195/2588 1928/4193/2597 5279/4194/2598 5280/4196/2589
f 5281/4197/2599 1930/4198/2600 1929/4195/2588 5280/4196/2589
f 1931/4199/2601 1930/4198/2600 5281/4197/2599 5282/4200/2602
f 5035/4201/10 1931/4199/2601 5282/4200/2602 5283/4202/10
f 1933/4203/2603 5063/4204/4 5285/4205/4 5286/4206/2604
f 1934/4207/2605 1933/4203/2603 5286/4206/2604 5287/4208/2606
f 1935/4209/2607 1934/4207/2605 5287/4208/2606 5288/4210/2608
f 1936/4211/2609 1935/4209/2607 5288/4210/2608 5289/4212/2610
f 1937/4213/2611 1936/4211/2609 5289/4212/2610 5290/4214/2612
f 1938/4215/2613 1937/4213/2611 5290/4214/2612 5291/4216/2614
f 1939/4217/2615 1938/4215/2613 5291/4216/2614 5292/4218/2616
f 1940/4219/2617 1939/4217/2615 5292/4218/2616 5293/4220/2618
f 1941/4221/2619 1940/4219/2617 5293/4220/2618 5294/4222/2620
f 1942/4223/2621 1941/4221/2619 5294/4222/2620 5295/4224/2622
f 5075/4225/10 1942/4223/2621 5295/4224/2622 5296/4226/10
f 5095/4227/4 1943/4228/2623 5297/4229/2624 5298/4230/4
f 5135/4231/10 1944/4232/2625 5300/4233/2626 5301/4234/10
f 5175/4235/4 1945/4236/2627 5303/4237/2628 5304/4238/4
f 1947/4239/4 1946/4240/4 5305/4241/4 5306/4242/4
f 1948/4243/4 1947/4239/4 5306/4242/4 5307/4244/4
f 1627/3533/2203 5203/4245/4 5308/4246/4 5309/3534/2204
f 4997/4247/2629 4998/4248/2630 4999/4249/2631 5000/4250/2632
f 4997/4247/2629 5000/4250/2632 5551/4251/2633 5552/4252/2633
f 4998/4248/2630 5002/4253/2634 5003/4254/2634 4999/4249/2631
f 5006/4255/2635 5005/4256/2636 5007/4257/2637 5008/4258/2638
f 5006/4255/2635 5008/4258/2638 5391/4259/2639 5392/4260/2639
f 5011/4261/2640 5010/4262/2640 5012/4263/2640
f 5013/4264/2641 5014/4265/2642 5015/4266/2643 5016/4267/2644
f 5016/4267/2644 5017/4268/2645 5018/4269/2645 5013/4264/2641
f 5015/4266/2643 5014/4265/2642 5234/4270/2646 5235/4271/2647
f 5021/4272/2648 5022/4273/2649 5023/4274/2650 5024/4275/2651
f 5818/4276/2652 5819/4277/2652 5025/4278/2652
f 5027/4279/2653 5026/4280/2654 5028/4281/2653
f 2595/4282/13 2596/4283/2655 1950/3368/2103 1949/3369/13
f 1951/3366/2096 1950/3368/2103 2596/4283/2655 2597/4284/2656
f 1952/3364/2084 1951/3366/2096 2597/4284/2656 2598/4285/2657
f 1953/3362/2082 1952/3364/2084 2598/4285/2657 2599/4286/2658
f 1954/3360/2080 1953/3362/2082 2599/4286/2658 2600/4287/2659
f 1955/3358/2100 1954/3360/2080 2600/4287/2659 2601/4288/2660
f 1956/3356/429 1955/3358/2100 2601/4288/2660 2602/4289/2661
f 1957/3353/801 1956/3356/429 2602/4289/2661 2603/4290/801
f 2603/4290/801 2604/4291/2662 1958/3352/2098 1957/3353/801
f 1959/3350/2096 1958/3352/2098 2604/4291/2662 2605/4292/2656
f 1960/3348/2084 1959/3350/2096 2605/4292/2656 2606/4293/2657
f 1961/3346/2082 1960/3348/2084 2606/4293/2657 2607/4294/2663
f 1962/3344/2080 1961/3346/2082 2607/4294/2663 2608/4295/2659
f 1963/3342/2078 1962/3344/2080 2608/4295/2659 2609/4296/2660
f 1964/3340/2091 1963/3342/2078 2609/4296/2660 2610/4297/2664
f 1965/3337/2089 1964/3340/2091 2610/4297/2664 2611/4298/2089
f 2611/4298/2089 2612/4299/2665 1966/3336/2088 1965/3337/2089
f 1967/3334/2086 1966/3336/2088 2612/4299/2665 2613/4300/2666
f 1968/3332/2084 1967/3334/2086 2613/4300/2666 2614/4301/2657
f 1969/3330/2082 1968/3332/2084 2614/4301/2657 2615/4302/2663
f 1970/3328/2080 1969/3330/2082 2615/4302/2663 2616/4303/2659
f 1971/3326/2078 1970/3328/2080 2616/4303/2659 2617/4304/2660
f 1972/3324/429 1971/3326/2078 2617/4304/2660 2618/4305/2661
f 1973/3321/430 1972/3324/429 2618/4305/2661 2619/4306/430
f 2619/4306/430 2620/4307/2667 1974/3320/2074 1973/3321/430
f 1975/3318/2072 1974/3320/2074 2620/4307/2667 2621/4308/2668
f 1976/3316/2071 1975/3318/2072 2621/4308/2668 2622/4309/2669
f 1977/3314/2069 1976/3316/2071 2622/4309/2669 2623/4310/2670
f 1978/3312/2067 1977/3314/2069 2623/4310/2670 2624/4311/2671
f 1979/3310/2065 1978/3312/2067 2624/4311/2671 2625/4312/2672
f 1980/3308/2063 1979/3310/2065 2625/4312/2672 2626/4313/2673
f 1981/3305/2060 1980/3308/2063 2626/4313/2673 2627/4314/2674
f 2627/4314/2674 2628/4315/2675 1982/3304/2059 1981/3305/2060
f 1983/3302/2057 1982/3304/2059 2628/4315/2675 2629/4316/2676
f 1984/3300/2055 1983/3302/2057 2629/4316/2676 2630/4317/2677
f 1985/3298/2053 1984/3300/2055 2630/4317/2677 2631/4318/2678
f 1986/3296/2051 1985/3298/2053 2631/4318/2678 2632/4319/2679
f 1987/3294/2049 1986/3296/2051 2632/4319/2679 2633/4320/2680
f 1988/3291/2047 1987/3294/2049 2633/4320/2680 2634/4321/2681
f 2634/4321/2681 2635/4322/10 1989/3289/10 1988/3291/2047
f 2635/4322/10 2636/4323/10 1990/3287/10 1989/3289/10
f 2636/4323/10 2637/4324/10 1991/3285/10 1990/3287/10
f 2637/4324/10 2638/4325/2682 1992/3282/2046 1991/3285/10
f 3794/3283/13 1992/3282/2046 2638/4325/2682 3793/4326/13
f 3404/3279/10 1993/3278/2044 2639/4327/2044 3403/4328/10
f 3428/3275/13 1994/3274/2042 2640/4329/2683 3427/4330/13
f 3452/3271/10 1995/3270/2040 2641/4331/2684 3451/4332/10
f 3751/4333/13 2643/4334/36 1997/3266/36 3750/3265/13
f 3458/4335/5 2644/4336/2685 1998/3262/2036 3457/3261/5
f 3434/4337/13 2645/4338/2686 1999/3258/2034 3433/3257/13
f 3410/4339/5 2646/4340/2032 2000/3254/2032 3409/3253/5
f 3786/4341/13 2647/4342/2687 2001/3248/2031 3785/3251/13
f 4032/3249/5 2001/3248/2031 2647/4342/2687 4031/4343/5
f 4007/4344/13 2649/4345/2688 2003/3244/2029 4006/3245/13
f 2004/3242/2027 2003/3244/2029 2649/4345/2688 2650/4346/2689
f 2005/3240/2025 2004/3242/2027 2650/4346/2689 2651/4347/2690
f 2006/3238/2023 2005/3240/2025 2651/4347/2690 2652/4348/2691
f 2007/3236/2021 2006/3238/2023 2652/4348/2691 2653/4349/2692
f 2008/3234/2019 2007/3236/2021 2653/4349/2692 2654/4350/264
f 2009/3232/2017 2008/3234/2019 2654/4350/264 2655/4351/2693
f 2010/3230/2015 2009/3232/2017 2655/4351/2693 2656/4352/2694
f 2011/3227/260 2010/3230/2015 2656/4352/2694 2657/4353/260
f 2657/4353/260 2658/4354/286 2012/3226/286 2011/3227/260
f 2013/3224/2011 2012/3226/286 2658/4354/286 2659/4355/2695
f 2014/3222/2009 2013/3224/2011 2659/4355/2695 2660/4356/2696
f 2015/3220/2007 2014/3222/2009 2660/4356/2696 2661/4357/280
f 2016/3218/2005 2015/3220/2007 2661/4357/280 2662/4358/2697
f 2017/3216/2003 2016/3218/2005 2662/4358/2697 2663/4359/2698
f 2018/3214/2001 2017/3216/2003 2663/4359/2698 2664/4360/2699
f 2019/3212/1999 2018/3214/2001 2664/4360/2699 2665/4361/2700
f 2020/3208/1997 2019/3212/1999 2665/4361/2700 2666/4362/2701
f 3972/3209/5 2020/3208/1997 2666/4362/2701 3971/4363/5
f 3967/4364/13 2668/4365/2702 2022/3204/1995 3966/3205/13
f 2023/3201/1992 2022/3204/1995 2668/4365/2702 2669/4366/2703
f 2669/4366/2703 2670/4367/2704 2024/3199/1990 2023/3201/1992
f 2670/4367/2704 2671/4368/2705 2025/3197/1988 2024/3199/1990
f 2671/4368/2705 2672/4369/2706 2026/3195/1986 2025/3197/1988
f 2672/4369/2706 2673/4370/134 2027/3193/1984 2026/3195/1986
f 2673/4370/134 2674/4371/2707 2028/3191/1982 2027/3193/1984
f 2674/4371/2707 2675/4372/2708 2029/3187/1979 2028/3191/1982
f 2675/4372/2708 2676/4373/2709 2030/3188/140 2029/3187/1979
f 3927/4374/13 2677/4375/2710 2031/3182/1978 3926/3185/13
f 3892/3183/5 2031/3182/1978 2677/4375/2710 3891/4376/5
f 3867/4377/13 2679/4378/2711 2033/3178/1975 3866/3177/13
f 2679/4379/2711 2680/4380/10 2034/3173/10 2033/3175/1975
f 2680/4380/10 2681/4381/10 2035/3171/10 2034/3173/10
f 2681/4381/10 2682/4382/10 2036/3169/10 2035/3171/10
f 2682/4382/10 2683/4383/10 2037/3165/10 2036/3169/10
f 2683/4383/10 2684/4384/10 2038/3166/10 2037/3165/10
f 2038/3166/10 2684/4384/10 2685/4385/10 2039/3897/10
f 2686/4386/10 3010/4387/10 3011/3164/10 2362/3163/10
f 2688/4388/10 2041/3161/10 2040/3162/10 2687/4389/10
f 2042/3160/10 2041/3161/10 2688/4388/10 2689/4390/10
f 2043/3159/10 2042/3160/10 2689/4390/10 2690/4391/10
f 2044/3158/10 2043/3159/10 2690/4391/10 2691/4392/10
f 2045/3156/10 2044/3158/10 2691/4392/10 2692/4393/10
f 2046/3157/1974 2045/3156/10 2692/4393/10 2693/4394/2712
f 3857/3155/15 2046/3154/1974 2693/4395/2712 3856/4396/15
f 3902/4397/5 2695/4398/2713 2048/3151/1973 3901/3153/5
f 3917/3152/15 2048/3151/1973 2695/4398/2713 3916/4399/15
f 2696/4400/1619 2697/4401/1617 2050/3149/1972 2049/3150/159
f 2697/4401/1617 2698/4402/2714 2051/3148/160 2050/3149/1972
f 2698/4402/2714 2699/4403/2715 2052/3147/1971 2051/3148/160
f 2699/4403/2715 2700/4404/2716 2053/3146/1970 2052/3147/1971
f 2700/4404/2716 2701/4405/2717 2054/3145/1969 2053/3146/1970
f 2701/4405/2717 2702/4406/2718 2055/3144/1968 2054/3145/1969
f 2702/4406/2718 2703/4407/2719 2056/3143/1967 2055/3144/1968
f 2703/4407/2719 2704/4408/2720 2057/3141/1966 2056/3143/1967
f 3957/3142/15 2057/3141/1966 2704/4408/2720 3956/4409/15
f 3982/4410/5 2706/4411/2721 2059/3139/1965 3981/3140/5
f 2706/4411/2721 2707/4412/2722 2060/3138/1964 2059/3139/1965
f 2707/4412/2722 2708/4413/2723 2061/3137/1963 2060/3138/1964
f 2708/4413/2723 2709/4414/2724 2062/3136/1962 2061/3137/1963
f 2709/4414/2724 2710/4415/2725 2063/3135/1961 2062/3136/1962
f 2710/4415/2725 2711/4416/2726 2064/3134/1960 2063/3135/1961
f 2711/4416/2726 2712/4417/2727 2065/3133/1959 2064/3134/1960
f 2712/4417/2727 2713/4418/2728 2066/3132/1958 2065/3133/1959
f 2713/4418/2728 2714/4419/205 2067/3131/205 2066/3132/1958
f 2068/3130/237 2067/3131/205 2714/4419/205 2715/4420/237
f 2715/4420/237 2716/4421/2729 2069/3129/1957 2068/3130/237
f 2716/4421/2729 2717/4422/2730 2070/3128/238 2069/3129/1957
f 2717/4422/2730 2718/4423/2731 2071/3127/1956 2070/3128/238
f 2718/4423/2731 2719/4424/2732 2072/3126/1955 2071/3127/1956
f 2719/4424/2732 2720/4425/2733 2073/3125/1954 2072/3126/1955
f 2720/4425/2733 2721/4426/2734 2074/3124/1953 2073/3125/1954
f 2721/4426/2734 2722/4427/2735 2075/3123/1952 2074/3124/1953
f 2722/4427/2735 2723/4428/2736 2076/3121/1951 2075/3123/1952
f 3997/3122/15 2076/3121/1951 2723/4428/2736 3996/4429/15
f 4042/4430/5 2725/4431/2737 2078/3118/1950 4041/3120/5
f 3818/3119/15 2078/3118/1950 2725/4431/2737 3817/4432/15
f 3254/3117/5 2079/3116/1949 2726/4433/2738 3253/4434/5
f 3278/3115/15 2080/3114/1948 2727/4435/2739 3277/4436/15
f 3290/3113/5 2081/3112/1947 2728/4437/2740 3289/4438/5
f 3699/3111/15 2082/3110/1946 2729/4439/2741 3698/4440/15
f 3284/4441/10 2731/4442/2742 2084/3109/1945 3283/3108/10
f 3272/4443/15 2732/4444/2743 2085/3107/1944 3271/3106/15
f 3248/4445/10 2733/4446/2744 2086/3105/1943 3247/3104/10
f 3826/4447/15 2734/4448/2745 2087/3102/1942 3825/3103/15
f 2088/3101/10 2087/3102/1942 2734/4448/2745 2735/4449/10
f 2089/3100/10 2088/3101/10 2735/4449/10 2736/4450/10
f 2090/3099/10 2089/3100/10 2736/4450/10 2737/4451/10
f 2091/3098/1941 2090/3099/10 2737/4451/10 2738/4452/2746
f 2738/4452/2746 2739/4453/2747 2092/3097/1940 2091/3098/1941
f 2739/4453/2747 2740/4454/2748 2093/3096/1939 2092/3097/1940
f 2740/4454/2748 2741/4455/2749 2094/3095/1938 2093/3096/1939
f 2741/4455/2749 2742/4456/2750 2095/3094/1937 2094/3095/1938
f 2742/4456/2750 2743/4457/1543 2096/3093/306 2095/3094/1937
f 2743/4457/1543 2744/4458/1936 2097/3092/1936 2096/3093/306
f 2098/3091/337 2097/3092/1936 2744/4458/1936 2745/4459/1540
f 2745/4459/1540 2746/4460/1538 2099/3090/406 2098/3091/337
f 2746/4460/1538 2747/4461/2751 2100/3089/1935 2099/3090/406
f 2747/4461/2751 2748/4462/2752 2101/3088/1934 2100/3089/1935
f 2748/4462/2752 2749/4463/2753 2102/3087/1933 2101/3088/1934
f 2749/4463/2753 2750/4464/2754 2103/3086/1932 2102/3087/1933
f 2750/4464/2754 2751/4465/2755 2104/3085/1931 2103/3086/1932
f 2751/4465/2755 2752/4466/2756 2105/3084/1930 2104/3085/1931
f 2106/3083/407 2105/3084/1930 2752/4466/2756 2753/4467/407
f 2753/4467/407 2754/4468/1514 2107/3082/1895 2106/3083/407
f 2754/4468/1514 2755/4469/2757 2108/3081/1926 2107/3082/1895
f 2755/4469/2757 2756/4470/2758 2109/3080/1923 2108/3081/1926
f 2756/4470/2758 2757/4471/2759 2110/3079/1922 2109/3080/1923
f 2757/4471/2759 2758/4472/2760 2111/3078/1921 2110/3079/1922
f 2758/4472/2760 2759/4473/2761 2112/3077/1929 2111/3078/1921
f 2759/4473/2761 2760/4474/2762 2113/3076/1928 2112/3077/1929
f 2114/3075/1436 2113/3076/1928 2760/4474/2762 2761/4475/1436
f 2761/4475/1436 2762/4476/2763 2115/3074/1927 2114/3075/1436
f 2762/4476/2763 2763/4477/2757 2116/3073/1926 2115/3074/1927
f 2763/4477/2757 2764/4478/2764 2117/3072/1923 2116/3073/1926
f 2764/4478/2764 2765/4479/2759 2118/3071/1922 2117/3072/1923
f 2765/4479/2759 2766/4480/2760 2119/3070/1921 2118/3071/1922
f 2766/4480/2760 2767/4481/2765 2120/3069/1925 2119/3070/1921
f 2767/4481/2765 2768/4482/2766 2121/3068/1924 2120/3069/1925
f 2122/3067/792 2121/3068/1924 2768/4482/2766 2769/4483/792
f 2769/4483/792 2770/4484/1514 2123/3066/1895 2122/3067/792
f 2770/4484/1514 2771/4485/2757 2124/3065/338 2123/3066/1895
f 2771/4485/2757 2772/4486/2764 2125/3064/1923 2124/3065/338
f 2772/4486/2764 2773/4487/2767 2126/3063/1922 2125/3064/1923
f 2773/4487/2767 2774/4488/2760 2127/3062/1921 2126/3063/1922
f 2774/4488/2760 2775/4489/2765 2128/3061/1920 2127/3062/1921
f 2775/4489/2765 2776/4490/2768 2129/3060/1919 2128/3061/1920
f 2130/3059/15 2129/3060/1919 2776/4490/2768 2777/4491/15
f 2131/3058/15 2130/3059/15 2777/4491/15 2778/4492/15
f 2132/3057/1918 2131/3058/15 2778/4492/15 2779/4493/2769
f 2133/3056/1915 2132/3057/1918 2779/4493/2769 2780/4494/2770
f 2780/4494/2770 2781/4495/2771 2134/3055/1917 2133/3056/1915
f 2781/4495/2771 2782/4496/2772 2135/3054/1913 2134/3055/1917
f 2782/4496/2772 2783/4497/2773 2136/3053/1877 2135/3054/1913
f 2783/4497/2773 2784/4498/2774 2137/3052/305 2136/3053/1877
f 2784/4498/2774 2785/4499/2775 2138/3051/1912 2137/3052/305
f 2785/4499/2775 2786/4500/1472 2139/3050/1911 2138/3051/1912
f 2140/3049/1916 2139/3050/1911 2786/4500/1472 2787/4501/2776
f 2141/3048/1915 2140/3049/1916 2787/4501/2776 2788/4502/2770
f 2788/4502/2770 2789/4503/2777 2142/3047/1914 2141/3048/1915
f 2789/4503/2777 2790/4504/2772 2143/3046/1913 2142/3047/1914
f 2790/4504/2772 2791/4505/2778 2144/3045/1877 2143/3046/1913
f 2791/4505/2778 2792/4506/2779 2145/3044/305 2144/3045/1877
f 2792/4506/2779 2793/4507/2780 2146/3043/1912 2145/3044/305
f 2793/4507/2780 2794/4508/1472 2147/3042/1911 2146/3043/1912
f 2148/3041/1910 2147/3042/1911 2794/4508/1472 2795/4509/2781
f 2149/3040/1909 2148/3041/1910 2795/4509/2781 2796/4510/2782
f 2796/4510/2782 2797/4511/2783 2150/3039/1908 2149/3040/1909
f 2797/4511/2783 2798/4512/2784 2151/3038/1907 2150/3039/1908
f 2798/4512/2784 2799/4513/2785 2152/3037/1906 2151/3038/1907
f 2799/4513/2785 2800/4514/2786 2153/3036/1905 2152/3037/1906
f 2800/4514/2786 2801/4515/15 2154/3035/15 2153/3036/1905
f 2801/4515/15 2802/4516/2787 2155/3034/1904 2154/3035/15
f 2802/4516/2787 2803/4517/2788 2156/3033/1903 2155/3034/1904
f 2803/4517/2788 2804/4518/2789 2157/3032/1902 2156/3033/1903
f 2804/4518/2789 2805/4519/2790 2158/3031/1901 2157/3032/1902
f 2805/4519/2790 2806/4520/2791 2159/3030/1900 2158/3031/1901
f 2806/4520/2791 2807/4521/2792 2160/3029/1899 2159/3030/1900
f 2161/3028/809 2160/3029/1899 2807/4521/2792 2808/4522/1436
f 2808/4522/1436 2809/4523/1514 2162/3027/1895 2161/3028/809
f 2809/4523/1514 2810/4524/2793 2163/3026/338 2162/3027/1895
f 2810/4524/2793 2811/4525/2794 2164/3025/1898 2163/3026/338
f 2811/4525/2794 2812/4526/2795 2165/3024/1897 2164/3025/1898
f 2812/4526/2795 2813/4527/2796 2166/3023/1892 2165/3024/1897
f 2813/4527/2796 2814/4528/2797 2167/3022/1891 2166/3023/1892
f 2814/4528/2797 2815/4529/2798 2168/3021/1896 2167/3022/1891
f 2169/3020/809 2168/3021/1896 2815/4529/2798 2816/4530/1436
f 2816/4530/1436 2817/4531/2799 2170/3019/1895 2169/3020/809
f 2817/4531/2799 2818/4532/2800 2171/3018/338 2170/3019/1895
f 2818/4532/2800 2819/4533/2801 2172/3017/1894 2171/3018/338
f 2819/4533/2801 2820/4534/2802 2173/3016/1893 2172/3017/1894
f 2820/4534/2802 2821/4535/2803 2174/3015/1892 2173/3016/1893
f 2821/4535/2803 2822/4536/2797 2175/3014/1891 2174/3015/1892
f 2822/4536/2797 2823/4537/2804 2176/3013/1890 2175/3014/1891
f 2177/3011/1889 2176/3013/1890 2823/4537/2804 2824/4538/2805
f 5042/3012/10 2177/3011/1889 2824/4538/2805 5041/4539/10
f 2179/3009/1888 5056/3010/15 5057/4540/15 2826/4541/2806
f 2180/3008/1887 2179/3009/1888 2826/4541/2806 2827/4542/2807
f 2827/4542/2807 2828/4543/2808 2181/3007/1886 2180/3008/1887
f 2828/4543/2808 2829/4544/2809 2182/3006/1885 2181/3007/1886
f 2829/4544/2809 2830/4545/2810 2183/3005/1884 2182/3006/1885
f 2830/4545/2810 2831/4546/2811 2184/3004/1883 2183/3005/1884
f 2831/4546/2811 2832/4547/2812 2185/3003/1882 2184/3004/1883
f 2832/4547/2812 2833/4548/1587 2186/3002/204 2185/3003/1882
f 2833/4548/1587 2834/4549/2813 2187/3001/1881 2186/3002/204
f 2188/2999/1880 2187/3001/1881 2834/4549/2813 2835/4550/2814
f 5082/3000/10 2188/2999/1880 2835/4550/2814 5081/4551/10
f 5102/2998/15 2189/2997/1879 2836/4552/2815 5101/4553/15
f 5142/2996/10 2190/2995/1878 2837/4554/2816 5141/4555/10
f 5182/2994/15 2191/2993/1877 2838/4556/2817 5181/4557/15
f 2193/2990/15 2192/2992/15 2839/4558/15 2840/4559/15
f 2194/2991/15 2193/2990/15 2840/4559/15 2841/4560/15
f 2195/2989/1876 5196/2988/15 5197/4561/15 2842/4562/2818
f 2842/4563/2818 2843/4564/5 2196/3529/5 2195/3530/1876
f 2843/4564/5 2844/4565/5 2197/3528/5 2196/3529/5
f 2844/4565/5 2845/4566/5 2198/3527/5 2197/3528/5
f 2845/4566/5 2846/4567/5 2199/3526/5 2198/3527/5
f 2847/4568/5 2200/3525/5 2199/3526/5 2846/4567/5
f 2524/3524/5 3173/3523/5 3174/4569/5 2848/4570/5
f 2201/3544/5 2849/4571/5 2850/4572/5 2202/3522/5
f 2203/3520/5 2202/3522/5 2850/4572/5 2851/4573/5
f 2204/3518/5 2203/3520/5 2851/4573/5 2852/4574/5
f 2205/3514/5 2204/3518/5 2852/4574/5 2853/4575/5
f 2206/3515/2201 2205/3514/5 2853/4575/5 2854/4576/2819
f 2854/4577/2819 5206/4578/13 5207/3510/13 2206/3509/2201
f 2855/4579/13 2856/4580/13 2208/3503/13 2207/3507/13
f 2856/4580/13 2857/4581/13 2209/3504/13 2208/3503/13
f 5172/4582/13 2858/4583/2820 2210/3500/2115 5171/3499/13
f 5132/4584/10 2859/4585/2821 2211/3496/2198 5131/3495/10
f 5092/4586/13 2860/4587/2822 2212/3492/2196 5091/3491/13
f 5072/4588/10 2861/4589/2823 2213/3487/2194 5071/3489/10
f 2861/4589/2823 2862/4590/2824 2214/3486/2193 2213/3487/2194
f 2215/3484/284 2214/3486/2193 2862/4590/2824 2863/4591/2825
f 2216/3482/2190 2215/3484/284 2863/4591/2825 2864/4592/2826
f 2217/3480/2188 2216/3482/2190 2864/4592/2826 2865/4593/2827
f 2218/3478/2186 2217/3480/2188 2865/4593/2827 2866/4594/2828
f 2219/3476/2184 2218/3478/2186 2866/4594/2828 2867/4595/2829
f 2220/3474/2182 2219/3476/2184 2867/4595/2829 2868/4596/2830
f 2221/3471/2179 2220/3474/2182 2868/4596/2830 2869/4597/2831
f 2869/4597/2831 2870/4598/2832 2222/3467/2177 2221/3471/2179
f 2870/4598/2832 5066/4599/13 5067/3468/13 2222/3467/2177
f 5032/4600/10 2872/4601/2833 2224/3463/2175 5031/3465/10
f 2872/4601/2833 2873/4602/2834 2225/3462/2174 2224/3463/2175
f 2226/3460/2163 2225/3462/2174 2873/4602/2834 2874/4603/2835
f 2227/3458/2161 2226/3460/2163 2874/4603/2835 2875/4604/2836
f 2228/3456/2170 2227/3458/2161 2875/4604/2836 2876/4605/2837
f 2229/3454/2169 2228/3456/2170 2876/4605/2837 2877/4606/364
f 2230/3452/2100 2229/3454/2169 2877/4606/364 2878/4607/2838
f 2231/3450/429 2230/3452/2100 2878/4607/2838 2879/4608/2839
f 2232/3447/822 2231/3450/429 2879/4608/2839 2880/4609/2089
f 2880/4609/2089 2881/4610/2840 2233/3446/2165 2232/3447/822
f 2234/3444/2163 2233/3446/2165 2881/4610/2840 2882/4611/2835
f 2235/3442/2161 2234/3444/2163 2882/4611/2835 2883/4612/2841
f 2236/3440/2159 2235/3442/2161 2883/4612/2841 2884/4613/2837
f 2237/3438/2157 2236/3440/2159 2884/4613/2837 2885/4614/2842
f 2238/3436/2100 2237/3438/2157 2885/4614/2842 2886/4615/2843
f 2239/3434/429 2238/3436/2100 2886/4615/2843 2887/4616/2661
f 2240/3431/822 2239/3434/429 2887/4616/2661 2888/4617/2089
f 2888/4617/2089 2889/4618/2844 2241/3430/2152 2240/3431/822
f 2242/3428/2150 2241/3430/2152 2889/4618/2844 2890/4619/2845
f 2243/3426/2148 2242/3428/2150 2890/4619/2845 2891/4620/2846
f 2244/3424/2146 2243/3426/2148 2891/4620/2846 2892/4621/2847
f 2245/3422/2144 2244/3424/2146 2892/4621/2847 2893/4622/2848
f 2246/3420/2142 2245/3422/2144 2893/4622/2848 2894/4623/2849
f 2247/3418/13 2246/3420/2142 2894/4623/2849 2895/4624/13
f 2248/3416/2140 2247/3418/13 2895/4624/13 2896/4625/2850
f 2249/3414/2138 2248/3416/2140 2896/4625/2850 2897/4626/2851
f 2250/3412/2136 2249/3414/2138 2897/4626/2851 2898/4627/2852
f 2251/3410/2134 2250/3412/2136 2898/4627/2852 2899/4628/2853
f 2252/3407/2131 2251/3410/2134 2899/4628/2853 2900/4629/2854
f 2900/4629/2854 2901/4630/2855 2253/3405/2129 2252/3407/2131
f 2901/4630/2855 2902/4631/2856 2254/3404/2121 2253/3405/2129
f 2255/3402/2119 2254/3404/2121 2902/4631/2856 2903/4632/2857
f 2256/3400/2117 2255/3402/2119 2903/4632/2857 2904/4633/2858
f 2257/3398/2115 2256/3400/2117 2904/4633/2858 2905/4634/2859
f 2258/3396/2127 2257/3398/2115 2905/4634/2859 2906/4635/2860
f 2259/3394/2126 2258/3396/2127 2906/4635/2860 2907/4636/2861
f 2260/3391/2108 2259/3394/2126 2907/4636/2861 2908/4637/2862
f 2908/4637/2862 2909/4638/2863 2261/3389/2122 2260/3391/2108
f 2909/4638/2863 2910/4639/2856 2262/3388/2121 2261/3389/2122
f 2263/3386/2119 2262/3388/2121 2910/4639/2856 2911/4640/2864
f 2264/3384/2117 2263/3386/2119 2911/4640/2864 2912/4641/2865
f 2265/3382/2115 2264/3384/2117 2912/4641/2865 2913/4642/378
f 2266/3380/2113 2265/3382/2115 2913/4642/378 2914/4643/2860
f 2267/3378/2111 2266/3380/2113 2914/4643/2860 2915/4644/2866
f 2268/3375/2108 2267/3378/2111 2915/4644/2866 2916/4645/2862
f 2916/4645/2862 2917/4646/2867 2269/3373/2106 2268/3375/2108
f 2917/4646/2867 2918/4647/13 2270/3371/13 2269/3373/2106
f 2918/4647/13 2595/4282/13 1949/3369/13 2270/3371/13
f 2272/1693/1053 2271/1691/8 1703/4648/2868 1704/4649/814
f 2273/1695/1055 2272/1693/1053 1704/4649/814 1705/4650/2869
f 2274/1697/998 2273/1695/1055 1705/4650/2869 1706/4651/2870
f 2275/1699/1058 2274/1697/998 1706/4651/2870 1707/4652/2871
f 2276/1701/1059 2275/1699/1058 1707/4652/2871 1708/4653/2872
f 2277/1703/990 2276/1701/1059 1708/4653/2872 1709/4654/2873
f 2278/1705/1060 2277/1703/990 1709/4654/2873 1710/4655/2874
f 2279/1707/1061 2278/1705/1060 1710/4655/2874 1711/4656/2875
f 2280/1709/1063 2279/1707/1061 1711/4656/2875 1712/4657/2876
f 2281/1711/1064 2280/1709/1063 1712/4657/2876 1713/4658/2869
f 2282/1713/1065 2281/1711/1064 1713/4658/2869 1714/4659/2877
f 2283/1715/1066 2282/1713/1065 1714/4659/2877 1715/4660/2871
f 2284/1717/1067 2283/1715/1066 1715/4660/2871 1716/4661/2878
f 2285/1719/1068 2284/1717/1067 1716/4661/2878 1717/4662/2873
f 2286/1721/1060 2285/1719/1068 1717/4662/2873 1718/4663/2879
f 2287/1723/993 2286/1721/1060 1718/4663/2879 1719/4664/2880
f 2288/1725/1071 2287/1723/993 1719/4664/2880 1720/4665/2881
f 2289/1727/1073 2288/1725/1071 1720/4665/2881 1721/4666/2882
f 2290/1729/1065 2289/1727/1073 1721/4666/2882 1722/4667/2877
f 2291/1731/1058 2290/1729/1065 1722/4667/2877 1723/4668/2871
f 2292/1733/1067 2291/1731/1058 1723/4668/2871 1724/4669/2878
f 2293/1735/990 2292/1733/1067 1724/4669/2878 1725/4670/2883
f 2294/1737/1060 2293/1735/990 1725/4670/2883 1726/4671/2874
f 2295/1739/1074 2294/1737/1060 1726/4671/2874 1727/4672/2884
f 2296/1741/1076 2295/1739/1074 1727/4672/2884 1728/4673/2885
f 2297/1743/1078 2296/1741/1076 1728/4673/2885 1729/4674/2886
f 2298/1745/1080 2297/1743/1078 1729/4674/2886 1730/4675/1124
f 2299/1747/1082 2298/1745/1080 1730/4675/1124 1731/4676/2887
f 2300/1749/1084 2299/1747/1082 1731/4676/2887 1732/4677/2888
f 2301/1751/1086 2300/1749/1084 1732/4677/2888 1733/4678/2889
f 2302/1753/1069 2301/1751/1086 1733/4678/2889 1734/4679/2874
f 2303/1755/1088 2302/1753/1069 1734/4679/2874 1735/4680/2890
f 2304/1757/1089 2303/1755/1088 1735/4680/2890 1736/4681/2891
f 2305/1759/1091 2304/1757/1089 1736/4681/2891 1737/4682/2892
f 2306/1761/1093 2305/1759/1091 1737/4682/2892 1738/4683/2893
f 2307/1763/1095 2306/1761/1093 1738/4683/2893 1739/4684/2894
f 2308/1765/1097 2307/1763/1095 1739/4684/2894 1740/4685/2895
f 2309/1767/1099 2308/1765/1097 1740/4685/2895 1741/4686/2896
f 2310/1769/1101 2309/1767/1099 1741/4686/2896 1742/4687/2897
f 1743/4688/10 2311/1770/10 2310/1769/1101 1742/4687/2897
f 1744/4689/10 2312/1772/10 2311/1770/10 1743/4688/10
f 1745/4690/10 2313/1774/10 2312/1772/10 1744/4689/10
f 1746/4691/2898 2314/1776/1102 2313/1774/10 1745/4690/10
f 3766/1779/8 2314/1776/1102 1746/4691/2898 3765/4692/8
f 3475/1783/10 2315/1782/1105 1747/4693/2899 3474/4694/10
f 3535/1787/8 2316/1786/1107 1748/4695/2900 3534/4696/8
f 3499/1791/10 2317/1790/1109 1749/4697/2901 3498/4698/10
f 2319/1795/35 3725/1794/8 3726/4699/8 1751/4700/35
f 1752/4701/2902 2320/1796/1111 3506/1799/5 3507/4702/5
f 1753/4703/2903 2321/1800/1113 3542/1803/8 3543/4704/8
f 1754/4705/2904 2322/1804/1115 3482/1807/5 3483/4706/5
f 1755/4707/2905 2323/1808/1117 3775/1811/8 3776/4708/8
f 4036/1813/5 2323/1808/1117 1755/4707/2905 4035/4709/5
f 2325/1817/1120 4002/1816/8 4003/4710/8 1757/4711/2906
f 2326/1819/1122 2325/1817/1120 1757/4711/2906 1758/4712/2907
f 2327/1821/1124 2326/1819/1122 1758/4712/2907 1759/4713/2908
f 2328/1823/1126 2327/1821/1124 1759/4713/2908 1760/4714/2909
f 2329/1825/1128 2328/1823/1126 1760/4714/2909 1761/4715/2910
f 2330/1827/1130 2329/1825/1128 1761/4715/2910 1762/4716/2911
f 2331/1829/1132 2330/1827/1130 1762/4716/2911 1763/4717/2912
f 2332/1831/1134 2331/1829/1132 1763/4717/2912 1764/4718/2913
f 2333/1833/1135 2332/1831/1134 1764/4718/2913 1765/4719/2914
f 2334/1835/1136 2333/1833/1135 1765/4719/2914 1766/4720/2915
f 2335/1837/1137 2334/1835/1136 1766/4720/2915 1767/4721/2916
f 2336/1839/1139 2335/1837/1137 1767/4721/2916 1768/4722/2917
f 2337/1841/1141 2336/1839/1139 1768/4722/2917 1769/4723/2918
f 2338/1843/1143 2337/1841/1141 1769/4723/2918 1770/4724/2919
f 2339/1845/1145 2338/1843/1143 1770/4724/2919 1771/4725/2920
f 2340/1847/1147 2339/1845/1145 1771/4725/2920 1772/4726/2921
f 2341/1849/1149 2340/1847/1147 1772/4726/2921 1773/4727/2922
f 2342/1851/1151 2341/1849/1149 1773/4727/2922 1774/4728/2923
f 3976/1853/5 2342/1851/1151 1774/4728/2923 3975/4729/5
f 2344/1857/1153 3962/1856/8 3963/4730/8 1776/4731/2924
f 2345/1859/1155 2344/1857/1153 1776/4731/2924 1777/4732/2925
f 2346/1861/1157 2345/1859/1155 1777/4732/2925 1778/4733/2926
f 2347/1863/1159 2346/1861/1157 1778/4733/2926 1779/4734/2927
f 2348/1865/1161 2347/1863/1159 1779/4734/2927 1780/4735/2928
f 2349/1867/1163 2348/1865/1161 1780/4735/2928 1781/4736/2929
f 2350/1869/1165 2349/1867/1163 1781/4736/2929 1782/4737/2930
f 2351/1871/1167 2350/1869/1165 1782/4737/2930 1783/4738/2931
f 2352/1873/1168 2351/1871/1167 1783/4738/2931 1784/4739/2932
f 2353/1877/1170 3922/1876/8 3923/4740/8 1785/4741/2933
f 3896/1879/5 2353/1877/1170 1785/4741/2933 3895/4742/5
f 2355/1883/1172 3862/1882/8 3863/4743/8 1787/4744/2934
f 1788/4745/10 2356/1884/10 2355/1883/1172 1787/4744/2934
f 1789/4746/10 2357/1886/10 2356/1884/10 1788/4745/10
f 1790/4747/10 2358/1888/10 2357/1886/10 1789/4746/10
f 1791/4748/10 2359/1890/10 2358/1888/10 1790/4747/10
f 1792/4749/10 2360/1892/10 2359/1890/10 1791/4748/10
f 1793/3898/10 2361/2614/10 2360/1892/10 1792/4749/10
f 2039/3897/10 2362/3163/10 2361/2614/10 1793/3898/10
f 2685/4385/10 2686/4386/10 2362/3163/10 2039/3897/10
f 2364/1897/10 2363/1896/10 1794/3899/10 1795/4750/10
f 2365/1899/10 2364/1897/10 1795/4750/10 1796/4751/10
f 2366/1901/10 2365/1899/10 1796/4751/10 1797/4752/10
f 2367/1903/10 2366/1901/10 1797/4752/10 1798/4753/10
f 2368/1905/10 2367/1903/10 1798/4753/10 1799/4754/10
f 2369/1907/1174 2368/1905/10 1799/4754/10 1800/4755/2935
f 3851/1911/4 2369/1910/1174 1800/4756/2935 3850/4757/4
f 1802/4758/2936 2371/1912/1175 3907/1915/5 3908/4759/5
f 3911/1917/4 2371/1912/1175 1802/4758/2936 3910/4760/4
f 1803/4761/2937 1804/4762/2938 2373/1919/1178 2372/1918/1177
f 1804/4762/2938 1805/4763/2939 2374/1922/1180 2373/1919/1178
f 1805/4763/2939 1806/4764/2940 2375/1924/1182 2374/1922/1180
f 1806/4764/2940 1807/4765/2941 2376/1926/1184 2375/1924/1182
f 1807/4765/2941 1808/4766/2942 2377/1928/1186 2376/1926/1184
f 1808/4766/2942 1809/4767/2943 2378/1930/1188 2377/1928/1186
f 1809/4767/2943 1810/4768/2944 2379/1932/1190 2378/1930/1188
f 1811/4769/2945 2380/1934/1192 2379/1932/1190 1810/4768/2944
f 3951/1937/4 2380/1934/1192 1811/4769/2945 3950/4770/4
f 1813/4771/2946 2382/1938/1194 3987/1941/5 3988/4772/5
f 1814/4773/2947 2383/1942/1196 2382/1938/1194 1813/4771/2946
f 2384/1945/1199 2383/1942/1196 1814/4773/2947 1815/4774/2948
f 2385/1947/1201 2384/1945/1199 1815/4774/2948 1816/4775/2949
f 2386/1949/1203 2385/1947/1201 1816/4775/2949 1817/4776/2950
f 2387/1951/1205 2386/1949/1203 1817/4776/2950 1818/4777/2951
f 2388/1953/1207 2387/1951/1205 1818/4777/2951 1819/4778/2952
f 2389/1955/1209 2388/1953/1207 1819/4778/2952 1820/4779/2953
f 2390/1957/1210 2389/1955/1209 1820/4779/2953 1821/4780/2954
f 2391/1959/1211 2390/1957/1210 1821/4780/2954 1822/4781/2955
f 2392/1961/1213 2391/1959/1211 1822/4781/2955 1823/4782/2956
f 2393/1963/1215 2392/1961/1213 1823/4782/2956 1824/4783/2957
f 2394/1965/1217 2393/1963/1215 1824/4783/2957 1825/4784/2958
f 2395/1967/1219 2394/1965/1217 1825/4784/2958 1826/4785/2959
f 2396/1969/1221 2395/1967/1219 1826/4785/2959 1827/4786/2960
f 2397/1971/1223 2396/1969/1221 1827/4786/2960 1828/4787/2961
f 2398/1973/1225 2397/1971/1223 1828/4787/2961 1829/4788/2962
f 1830/4789/2963 2399/1974/1226 2398/1973/1225 1829/4788/2962
f 3991/1977/4 2399/1974/1226 1830/4789/2963 3990/4790/4
f 1832/4791/2964 2401/1978/1228 4047/1981/5 4048/4792/5
f 3801/1983/4 2401/1978/1228 1832/4791/2964 3800/4793/4
f 3337/1987/5 2402/1986/1231 1833/4794/2965 3336/4795/5
f 3361/1991/4 2403/1990/1233 1834/4796/2966 3360/4797/4
f 3385/1995/5 2404/1994/1235 1835/4798/2967 3384/4799/5
f 3672/1999/4 2405/1998/1237 1836/4800/1237 3671/4801/4
f 1838/4802/2968 2407/2000/1238 3380/2003/10 3381/4803/10
f 1839/4804/2969 2408/2004/1240 3356/2007/4 3357/4805/4
f 1840/4806/2970 2409/2008/1242 3332/2011/10 3333/4807/10
f 1841/4808/2971 2410/2012/1244 3810/2015/4 3811/4809/4
f 2411/2017/10 2410/2012/1244 1841/4808/2971 1842/4810/10
f 2412/2019/10 2411/2017/10 1842/4810/10 1843/4811/10
f 2413/2021/10 2412/2019/10 1843/4811/10 1844/4812/10
f 2414/2023/1247 2413/2021/10 1844/4812/10 1845/4813/2456
f 2415/2025/1249 2414/2023/1247 1845/4813/2456 1846/4814/2972
f 2416/2027/1251 2415/2025/1249 1846/4814/2972 1847/4815/2973
f 2417/2029/1253 2416/2027/1251 1847/4815/2973 1848/4816/2974
f 2418/2031/1255 2417/2029/1253 1848/4816/2974 1849/4817/2975
f 2419/2033/1257 2418/2031/1255 1849/4817/2975 1850/4818/2976
f 2420/2035/1258 2419/2033/1257 1850/4818/2976 1851/4819/2977
f 2421/2037/1259 2420/2035/1258 1851/4819/2977 1852/4820/2978
f 2422/2039/1261 2421/2037/1259 1852/4820/2978 1853/4821/2979
f 2423/2041/1263 2422/2039/1261 1853/4821/2979 1854/4822/2980
f 2424/2043/1265 2423/2041/1263 1854/4822/2980 1855/4823/2981
f 2425/2045/1267 2424/2043/1265 1855/4823/2981 1856/4824/2982
f 2426/2047/1269 2425/2045/1267 1856/4824/2982 1857/4825/2983
f 2427/2049/1271 2426/2047/1269 1857/4825/2983 1858/4826/2984
f 1859/4827/2985 2428/2050/1272 2427/2049/1271 1858/4826/2984
f 2429/2053/1274 2428/2050/1272 1859/4827/2985 1860/4828/2986
f 2430/2055/1276 2429/2053/1274 1860/4828/2986 1861/4829/2987
f 2431/2057/1278 2430/2055/1276 1861/4829/2987 1862/4830/2988
f 2432/2059/1279 2431/2057/1278 1862/4830/2988 1863/4831/2989
f 2433/2061/1281 2432/2059/1279 1863/4831/2989 1864/4832/2990
f 2434/2063/1283 2433/2061/1281 1864/4832/2990 1865/4833/2991
f 2435/2065/1285 2434/2063/1283 1865/4833/2991 1866/4834/2992
f 1867/4835/2993 2436/2066/1286 2435/2065/1285 1866/4834/2992
f 2437/2069/1288 2436/2066/1286 1867/4835/2993 1868/4836/2994
f 2438/2071/1276 2437/2069/1288 1868/4836/2994 1869/4837/2995
f 2439/2073/1289 2438/2071/1276 1869/4837/2995 1870/4838/2996
f 2440/2075/1290 2439/2073/1289 1870/4838/2996 1871/4839/2989
f 2441/2077/677 2440/2075/1290 1871/4839/2989 1872/4840/2990
f 2442/2079/1283 2441/2077/677 1872/4840/2990 1873/4841/2997
f 2443/2081/1292 2442/2079/1283 1873/4841/2997 1874/4842/2998
f 1875/4843/2999 2444/2082/1293 2443/2081/1292 1874/4842/2998
f 2445/2085/1295 2444/2082/1293 1875/4843/2999 1876/4844/3000
f 2446/2087/1276 2445/2085/1295 1876/4844/3000 1877/4845/2987
f 2447/2089/1278 2446/2087/1276 1877/4845/2987 1878/4846/2988
f 2448/2091/1279 2447/2089/1278 1878/4846/2988 1879/4847/3001
f 2449/2093/1281 2448/2091/1279 1879/4847/3001 1880/4848/2990
f 2450/2095/1296 2449/2093/1281 1880/4848/2990 1881/4849/2991
f 2451/2097/1292 2450/2095/1296 1881/4849/2991 1882/4850/3002
f 1883/4851/1288 2452/2098/1297 2451/2097/1292 1882/4850/3002
f 2453/2101/4 2452/2098/1297 1883/4851/1288 1884/4852/3003
f 2454/2103/4 2453/2101/4 1884/4852/3003 1885/4108/2525
f 2455/2105/1300 2454/2103/4 1885/4108/2525 1886/4107/2524
f 2456/2107/1302 2455/2105/1300 1886/4107/2524 1887/4111/2528
f 2457/2109/1304 2456/2107/1302 1887/4111/2528 1888/4113/2530
f 2458/2111/1306 2457/2109/1304 1888/4113/2530 1889/4115/2532
f 2459/2113/1308 2458/2111/1306 1889/4115/2532 1890/4117/2534
f 2460/2115/1310 2459/2113/1308 1890/4117/2534 1891/4119/2536
f 2461/2117/1312 2460/2115/1310 1891/4119/2536 1892/4121/2538
f 2462/2119/1313 2461/2117/1312 1892/4121/2538 1893/4123/2540
f 2463/2121/1315 2462/2119/1313 1893/4123/2540 1894/4125/2542
f 2464/2123/1317 2463/2121/1315 1894/4125/2542 1895/4127/2544
f 2465/2125/1319 2464/2123/1317 1895/4127/2544 1896/4129/2545
f 2466/2127/1321 2465/2125/1319 1896/4129/2545 1897/4131/2547
f 2467/2129/1308 2466/2127/1321 1897/4131/2547 1898/4133/2534
f 2468/2131/1310 2467/2129/1308 1898/4133/2534 1899/4135/2550
f 2469/2133/1312 2468/2131/1310 1899/4135/2550 1900/4137/2551
f 2470/2135/1313 2469/2133/1312 1900/4137/2551 1901/4139/2552
f 2471/2137/1324 2470/2135/1313 1901/4139/2552 1902/4141/2553
f 2472/2139/1326 2471/2137/1324 1902/4141/2553 1903/4143/2555
f 2473/2141/1328 2472/2139/1326 1903/4143/2555 1904/4145/2557
f 2474/2143/1330 2473/2141/1328 1904/4145/2557 1905/4147/2559
f 2475/2145/1332 2474/2143/1330 1905/4147/2559 1906/4149/2561
f 2476/2147/1334 2475/2145/1332 1906/4149/2561 1907/4151/2563
f 2477/2149/4 2476/2147/1334 1907/4151/2563 1908/4153/4
f 2478/2151/1336 2477/2149/4 1908/4153/4 1909/4155/2565
f 2479/2153/1338 2478/2151/1336 1909/4155/2565 1910/4157/2567
f 2480/2155/1340 2479/2153/1338 1910/4157/2567 1911/4159/2569
f 2481/2157/1342 2480/2155/1340 1911/4159/2569 1912/4161/2571
f 2482/2159/1344 2481/2157/1342 1912/4161/2571 1913/4163/2573
f 1914/4166/2575 2483/2160/1345 2482/2159/1344 1913/4163/2573
f 2484/2163/1288 2483/2160/1345 1914/4166/2575 1915/4167/2576
f 2485/2165/1347 2484/2163/1288 1915/4167/2576 1916/4169/2578
f 2486/2167/1278 2485/2165/1347 1916/4169/2578 1917/4171/2580
f 2487/2169/1348 2486/2167/1278 1917/4171/2580 1918/4173/2582
f 2488/2171/1350 2487/2169/1348 1918/4173/2582 1919/4175/2584
f 2489/2173/1296 2488/2171/1350 1919/4175/2584 1920/4177/2586
f 2490/2175/1353 2489/2173/1296 1920/4177/2586 1921/4179/2588
f 1922/4182/2591 2491/2176/1354 2490/2175/1353 1921/4179/2588
f 2492/2179/1288 2491/2176/1354 1922/4182/2591 1923/4183/2592
f 2493/2181/1347 2492/2179/1288 1923/4183/2592 1924/4185/2593
f 2494/2183/1278 2493/2181/1347 1924/4185/2593 1925/4187/2580
f 2495/2185/1348 2494/2183/1278 1925/4187/2580 1926/4189/2594
f 2496/2187/1359 2495/2185/1348 1926/4189/2594 1927/4191/2584
f 2497/2189/1296 2496/2187/1359 1927/4191/2584 1928/4193/2597
f 2498/2191/1353 2497/2189/1296 1928/4193/2597 1929/4195/2588
f 1930/4198/2600 2499/2192/1362 2498/2191/1353 1929/4195/2588
f 2500/2195/1365 2499/2192/1362 1930/4198/2600 1931/4199/2601
f 5036/2197/10 2500/2195/1365 1931/4199/2601 5035/4201/10
f 2502/2201/1367 5062/2200/4 5063/4204/4 1933/4203/2603
f 2503/2203/1369 2502/2201/1367 1933/4203/2603 1934/4207/2605
f 2504/2205/1371 2503/2203/1369 1934/4207/2605 1935/4209/2607
f 2505/2207/1373 2504/2205/1371 1935/4209/2607 1936/4211/2609
f 2506/2209/1375 2505/2207/1373 1936/4211/2609 1937/4213/2611
f 2507/2211/1377 2506/2209/1375 1937/4213/2611 1938/4215/2613
f 2508/2213/1379 2507/2211/1377 1938/4215/2613 1939/4217/2615
f 2509/2215/1208 2508/2213/1379 1939/4217/2615 1940/4219/2617
f 2510/2217/1381 2509/2215/1208 1940/4219/2617 1941/4221/2619
f 2511/2219/1383 2510/2217/1381 1941/4221/2619 1942/4223/2621
f 5076/2221/10 2511/2219/1383 1942/4223/2621 5075/4225/10
f 5096/2225/4 2512/2224/1385 1943/4228/2623 5095/4227/4
f 5136/2229/10 2513/2228/1387 1944/4232/2625 5135/4231/10
f 5176/2233/4 2514/2232/1389 1945/4236/2627 5175/4235/4
f 2516/2237/4 2515/2236/4 1946/4240/4 1947/4239/4
f 2517/2239/4 2516/2237/4 1947/4239/4 1948/4243/4
f 2518/2243/1391 5202/2242/4 5203/4245/4 1627/3533/2203
f 1628/3532/5 2519/2244/5 2518/2243/1391 1627/3533/2203
f 1629/3536/5 2520/2246/5 2519/2244/5 1628/3532/5
f 1630/3538/5 2521/2248/5 2520/2246/5 1629/3536/5
f 1631/3540/5 2522/2250/5 2521/2248/5 1630/3538/5
f 2522/2250/5 1631/3540/5 1632/3542/5 2523/2252/5
f 2201/3544/5 2524/3524/5 2848/4570/5 2849/4571/5
f 2525/2975/5 2524/3524/5 2201/3544/5 1633/3543/5
f 1634/3546/5 2526/2256/5 2525/2975/5 1633/3543/5
f 2527/2257/5 2526/2256/5 1634/3546/5 1635/3548/5
f 2528/2259/5 2527/2257/5 1635/3548/5 1636/3550/5
f 2529/2261/5 2528/2259/5 1636/3550/5 1637/3552/5
f 2530/2263/951 2529/2261/5 1637/3552/5 1638/3554/2205
f 5191/1550/8 2530/1549/951 1638/3557/2205 5190/3556/8
f 2532/1555/8 2531/1554/8 1639/3561/8 1640/3560/8
f 2533/1557/8 2532/1555/8 1640/3560/8 1641/3564/8
f 1642/3566/2207 2534/1558/952 5187/1561/8 5188/3567/8
f 1643/3570/2209 2535/1562/954 5147/1565/10 5148/3571/10
f 1644/3574/2211 2536/1566/956 5107/1569/8 5108/3575/8
f 1645/3578/2213 2537/1570/958 5087/1573/10 5088/3579/10
f 2538/1575/960 2537/1570/958 1645/3578/2213 1646/3582/2215
f 2539/1577/962 2538/1575/960 1646/3582/2215 1647/3584/2217
f 2540/1579/964 2539/1577/962 1647/3584/2217 1648/3586/2219
f 2541/1581/966 2540/1579/964 1648/3586/2219 1649/3588/2221
f 2542/1583/968 2541/1581/966 1649/3588/2221 1650/3590/2222
f 2543/1585/970 2542/1583/968 1650/3590/2222 1651/3592/2224
f 2544/1587/972 2543/1585/970 1651/3592/2224 1652/3594/2226
f 2545/1589/974 2544/1587/972 1652/3594/2226 1653/3596/2228
f 1654/3598/2229 2546/1590/975 2545/1589/974 1653/3596/2228
f 5051/1593/8 2546/1590/975 1654/3598/2229 5050/3600/8
f 1656/3602/2231 2548/1594/977 5047/1597/10 5048/3603/10
f 2549/1599/980 2548/1594/977 1656/3602/2231 1657/3606/2233
f 2550/1601/982 2549/1599/980 1657/3606/2233 1658/3608/2235
f 2551/1603/984 2550/1601/982 1658/3608/2235 1659/3610/2237
f 2552/1605/986 2551/1603/984 1659/3610/2237 1660/3612/2239
f 2553/1607/988 2552/1605/986 1660/3612/2239 1661/3614/2241
f 2554/1609/990 2553/1607/988 1661/3614/2241 1662/3616/2242
f 2555/1611/992 2554/1609/990 1662/3616/2242 1663/3618/2243
f 2556/1613/993 2555/1611/992 1663/3618/2243 1664/3620/2245
f 2557/1615/995 2556/1613/993 1664/3620/2245 1665/3622/2247
f 2558/1617/982 2557/1615/995 1665/3622/2247 1666/3624/2249
f 2559/1619/998 2558/1617/982 1666/3624/2249 1667/3626/2251
f 2560/1621/1000 2559/1619/998 1667/3626/2251 1668/3628/2253
f 2561/1623/988 2560/1621/1000 1668/3628/2253 1669/3630/2241
f 2562/1625/990 2561/1623/988 1669/3630/2241 1670/3632/2242
f 2563/1627/992 2562/1625/990 1670/3632/2242 1671/3634/2243
f 2564/1629/993 2563/1627/992 1671/3634/2243 1672/3636/2245
f 2565/1631/1004 2564/1629/993 1672/3636/2245 1673/3638/2256
f 2566/1633/1006 2565/1631/1004 1673/3638/2256 1674/3640/2258
f 2567/1635/1008 2566/1633/1006 1674/3640/2258 1675/3642/2260
f 2568/1637/1010 2567/1635/1008 1675/3642/2260 1676/3644/2262
f 2569/1639/1012 2568/1637/1010 1676/3644/2262 1677/3646/2264
f 2570/1641/1014 2569/1639/1012 1677/3646/2264 1678/3648/2266
f 2571/1643/8 2570/1641/1014 1678/3648/2266 1679/3650/8
f 2572/1645/1016 2571/1643/8 1679/3650/8 1680/3652/2268
f 2573/1647/1018 2572/1645/1016 1680/3652/2268 1681/3654/2270
f 2574/1649/1020 2573/1647/1018 1681/3654/2270 1682/3656/2272
f 2575/1651/1022 2574/1649/1020 1682/3656/2272 1683/3658/2274
f 2576/1653/1024 2575/1651/1022 1683/3658/2274 1684/3660/2276
f 1685/3662/2278 2577/1654/1025 2576/1653/1024 1684/3660/2276
f 2578/1657/1027 2577/1654/1025 1685/3662/2278 1686/3664/2280
f 2579/1659/1029 2578/1657/1027 1686/3664/2280 1687/3666/2282
f 2580/1661/1031 2579/1659/1029 1687/3666/2282 1688/3668/2284
f 2581/1663/1033 2580/1661/1031 1688/3668/2284 1689/3670/2285
f 2582/1665/1035 2581/1663/1033 1689/3670/2285 1690/3672/2287
f 2583/1667/1037 2582/1665/1035 1690/3672/2287 1691/3674/2289
f 2584/1669/1039 2583/1667/1037 1691/3674/2289 1692/3676/2291
f 1693/3678/2293 2585/1670/1040 2584/1669/1039 1692/3676/2291
f 2586/1673/1027 2585/1670/1040 1693/3678/2293 1694/3680/2280
f 2587/1675/1029 2586/1673/1027 1694/3680/2280 1695/3682/2282
f 2588/1677/1031 2587/1675/1029 1695/3682/2282 1696/3684/2284
f 2589/1679/1033 2588/1677/1031 1696/3684/2284 1697/3686/2285
f 2590/1681/1045 2589/1679/1033 1697/3686/2285 1698/3688/2296
f 2591/1683/1047 2590/1681/1045 1698/3688/2296 1699/3690/2298
f 2592/1685/1049 2591/1683/1047 1699/3690/2298 1700/3692/2300
f 1701/3694/2301 2593/1686/1050 2592/1685/1049 1700/3692/2300
f 2594/1689/8 2593/1686/1050 1701/3694/2301 1702/3696/2303
f 2271/1691/8 2594/1689/8 1702/3696/2303 1703/4648/2868
f 1552/83/51 1551/82/50 2596/4283/2655 2595/4282/13
f 2597/4284/2656 2596/4283/2655 1551/82/50 1550/1242/802
f 2598/4285/2657 2597/4284/2656 1550/1242/802 1549/1240/437
f 2599/4286/2658 2598/4285/2657 1549/1240/437 1548/1238/435
f 2600/4287/2659 2599/4286/2658 1548/1238/435 1547/1236/433
f 2601/4288/2660 2600/4287/2659 1547/1236/433 1546/1234/431
f 2602/4289/2661 2601/4288/2660 1546/1234/431 1545/1231/428
f 2603/4290/801 2602/4289/2661 1545/1231/428 1544/1230/800
f 1544/1230/800 1543/1305/833 2604/4291/2662 2603/4290/801
f 2605/4292/2656 2604/4291/2662 1543/1305/833 1542/1298/802
f 2606/4293/2657 2605/4292/2656 1542/1298/802 1541/1296/437
f 2607/4294/2663 2606/4293/2657 1541/1296/437 1540/1294/824
f 2608/4295/2659 2607/4294/2663 1540/1294/824 1539/1292/433
f 2609/4296/2660 2608/4295/2659 1539/1292/433 1538/1290/823
f 2610/4297/2664 2609/4296/2660 1538/1290/823 1537/1287/428
f 2611/4298/2089 2610/4297/2664 1537/1287/428 1536/1286/821
f 1536/1286/821 1535/658/445 2612/4299/2665 2611/4298/2089
f 2613/4300/2666 2612/4299/2665 1535/658/445 1534/652/439
f 2614/4301/2657 2613/4300/2666 1534/652/439 1533/650/437
f 2615/4302/2663 2614/4301/2657 1533/650/437 1532/648/435
f 2616/4303/2659 2615/4302/2663 1532/648/435 1531/646/433
f 2617/4304/2660 2616/4303/2659 1531/646/433 1530/644/431
f 2618/4305/2661 2617/4304/2660 1530/644/431 1529/641/428
f 2619/4306/430 2618/4305/2661 1529/641/428 1528/640/427
f 1528/640/427 1527/594/389 2620/4307/2667 2619/4306/430
f 2621/4308/2668 2620/4307/2667 1527/594/389 1526/574/369
f 2622/4309/2669 2621/4308/2668 1526/574/369 1525/572/367
f 2623/4310/2670 2622/4309/2669 1525/572/367 1524/570/365
f 2624/4311/2671 2623/4310/2670 1524/570/365 1523/568/363
f 2625/4312/2672 2624/4311/2671 1523/568/363 1522/566/361
f 2626/4313/2673 2625/4312/2672 1522/566/361 1521/563/358
f 2627/4314/2674 2626/4313/2673 1521/563/358 1520/562/357
f 1520/562/357 1519/588/383 2628/4315/2675 2627/4314/2674
f 2629/4316/2676 2628/4315/2675 1519/588/383 1518/586/381
f 2630/4317/2677 2629/4316/2676 1518/586/381 1517/584/379
f 2631/4318/2678 2630/4317/2677 1517/584/379 1516/582/377
f 2632/4319/2679 2631/4318/2678 1516/582/377 1515/580/375
f 2633/4320/2680 2632/4319/2679 1515/580/375 1514/577/372
f 2634/4321/2681 2633/4320/2680 1514/577/372 1513/576/371
f 1513/576/371 1512/282/10 2635/4322/10 2634/4321/2681
f 1512/282/10 1511/274/10 2636/4323/10 2635/4322/10
f 1511/274/10 1510/264/10 2637/4324/10 2636/4323/10
f 1510/264/10 1509/263/124 2638/4325/2682 2637/4324/10
f 3793/4326/13 2638/4325/2682 1509/263/124 3792/1339/13
f 3403/4328/10 2639/4327/2044 1508/1396/866 3402/1399/10
f 3427/4330/13 2640/4329/2683 1507/1460/899 3426/1463/13
f 3451/4332/10 2641/4331/2684 1506/1524/935 3450/1527/10
f 3752/67/13 1504/66/37 2643/4334/36 3751/4333/13
f 3459/1518/5 1503/1517/931 2644/4336/2685 3458/4335/5
f 3435/1454/13 1502/1453/896 2645/4338/2686 3434/4337/13
f 3411/1390/5 1501/1389/862 2646/4340/2032 3410/4339/5
f 3787/1332/13 1500/180/95 2647/4342/2687 3786/4341/13
f 4031/4343/5 2647/4342/2687 1500/180/95 4030/183/5
f 4008/51/13 1498/50/28 2649/4345/2688 4007/4344/13
f 2650/4346/2689 2649/4345/2688 1498/50/28 1497/200/103
f 2651/4347/2690 2650/4346/2689 1497/200/103 1496/460/269
f 2652/4348/2691 2651/4347/2690 1496/460/269 1495/458/267
f 2653/4349/2692 2652/4348/2691 1495/458/267 1494/456/265
f 2654/4350/264 2653/4349/2692 1494/456/265 1493/454/263
f 2655/4351/2693 2654/4350/264 1493/454/263 1492/452/261
f 2656/4352/2694 2655/4351/2693 1492/452/261 1491/449/258
f 2657/4353/260 2656/4352/2694 1491/449/258 1490/448/257
f 1490/448/257 1489/476/285 2658/4354/286 2657/4353/260
f 2659/4355/2695 2658/4354/286 1489/476/285 1488/474/283
f 2660/4356/2696 2659/4355/2695 1488/474/283 1487/472/281
f 2661/4357/280 2660/4356/2696 1487/472/281 1486/470/279
f 2662/4358/2697 2661/4357/280 1486/470/279 1485/468/277
f 2663/4359/2698 2662/4358/2697 1485/468/277 1484/466/275
f 2664/4360/2699 2663/4359/2698 1484/466/275 1483/463/272
f 2665/4361/2700 2664/4360/2699 1483/463/272 1482/462/271
f 2666/4362/2701 2665/4361/2700 1482/462/271 1481/218/109
f 3971/4363/5 2666/4362/2701 1481/218/109 3970/221/5
f 3968/35/13 1479/34/21 2668/4365/2702 3967/4364/13
f 2669/4366/2703 2668/4365/2702 1479/34/21 1478/289/129
f 1478/289/129 1477/288/128 2670/4367/2704 2669/4366/2703
f 1477/288/128 1476/291/131 2671/4368/2705 2670/4367/2704
f 1476/291/131 1475/293/133 2672/4369/2706 2671/4368/2705
f 1475/293/133 1474/295/135 2673/4370/134 2672/4369/2706
f 1474/295/135 1473/297/137 2674/4371/2707 2673/4370/134
f 1473/297/137 1472/299/139 2675/4372/2708 2674/4371/2707
f 1472/299/139 1471/301/141 2676/4373/2709 2675/4372/2708
f 3928/356/13 1470/245/116 2677/4375/2710 3927/4374/13
f 3891/4376/5 2677/4375/2710 1470/245/116 3890/248/5
f 3868/19/13 1468/18/12 2679/4378/2711 3867/4377/13
f 1468/243/12 1467/230/10 2680/4380/10 2679/4379/2711
f 1467/230/10 1466/207/10 2681/4381/10 2680/4380/10
f 1466/207/10 1465/192/10 2682/4382/10 2681/4381/10
f 1465/192/10 1464/169/10 2683/4383/10 2682/4382/10
f 1464/169/10 1463/168/10 2684/4384/10 2683/4383/10
f 2684/4384/10 1463/168/10 1794/3899/10 2685/4385/10
f 1794/3899/10 2363/1896/10 2686/4386/10 2685/4385/10
f 2363/1896/10 3009/1895/10 3010/4387/10 2686/4386/10
f 1461/4853/10 2688/4388/10 2687/4389/10 1462/4854/10
f 2689/4390/10 2688/4388/10 1461/4853/10 1460/4855/10
f 2690/4391/10 2689/4390/10 1460/4855/10 1459/4856/10
f 2691/4392/10 2690/4391/10 1459/4856/10 1458/4857/10
f 2692/4393/10 2691/4392/10 1458/4857/10 1457/4858/10
f 2693/4394/2712 2692/4393/10 1457/4858/10 1456/4859/3004
f 3856/4396/15 2693/4395/2712 1456/4860/3004 3855/4861/15
f 3903/4862/5 1454/4863/3005 2695/4398/2713 3902/4397/5
f 3916/4399/15 2695/4398/2713 1454/4863/3005 3915/4864/15
f 1453/4865/3006 1452/4866/3007 2697/4401/1617 2696/4400/1619
f 1452/4866/3007 1451/4867/3008 2698/4402/2714 2697/4401/1617
f 1451/4867/3008 1450/4868/3009 2699/4403/2715 2698/4402/2714
f 1450/4868/3009 1449/4869/3010 2700/4404/2716 2699/4403/2715
f 1449/4869/3010 1448/4870/3011 2701/4405/2717 2700/4404/2716
f 1448/4870/3011 1447/4871/3012 2702/4406/2718 2701/4405/2717
f 1447/4871/3012 1446/4872/3013 2703/4407/2719 2702/4406/2718
f 1446/4872/3013 1445/4873/3014 2704/4408/2720 2703/4407/2719
f 3956/4409/15 2704/4408/2720 1445/4873/3014 3955/4874/15
f 3983/4875/5 1443/4876/3015 2706/4411/2721 3982/4410/5
f 1443/4876/3015 1442/4877/3016 2707/4412/2722 2706/4411/2721
f 1442/4877/3016 1441/4878/3017 2708/4413/2723 2707/4412/2722
f 1441/4878/3017 1440/4879/3018 2709/4414/2724 2708/4413/2723
f 1440/4879/3018 1439/4880/3019 2710/4415/2725 2709/4414/2724
f 1439/4880/3019 1438/4881/3020 2711/4416/2726 2710/4415/2725
f 1438/4881/3020 1437/4882/3021 2712/4417/2727 2711/4416/2726
f 1437/4882/3021 1436/4883/3022 2713/4418/2728 2712/4417/2727
f 1436/4883/3022 1435/4884/3023 2714/4419/205 2713/4418/2728
f 2715/4420/237 2714/4419/205 1435/4884/3023 1434/4885/3024
f 1434/4885/3024 1433/4886/3025 2716/4421/2729 2715/4420/237
f 1433/4886/3025 1432/4887/3026 2717/4422/2730 2716/4421/2729
f 1432/4887/3026 1431/4888/3027 2718/4423/2731 2717/4422/2730
f 1431/4888/3027 1430/4889/3028 2719/4424/2732 2718/4423/2731
f 1430/4889/3028 1429/4890/3029 2720/4425/2733 2719/4424/2732
f 1429/4890/3029 1428/4891/3030 2721/4426/2734 2720/4425/2733
f 1428/4891/3030 1427/4892/3031 2722/4427/2735 2721/4426/2734
f 1427/4892/3031 1426/4893/3032 2723/4428/2736 2722/4427/2735
f 3996/4429/15 2723/4428/2736 1426/4893/3032 3995/4894/15
f 4043/4895/5 1424/4896/3033 2725/4431/2737 4042/4430/5
f 3817/4432/15 2725/4431/2737 1424/4896/3033 3816/4897/15
f 3253/4434/5 2726/4433/2738 1423/4898/3034 3252/4899/5
f 3277/4436/15 2727/4435/2739 1422/4900/3035 3276/4901/15
f 3289/4438/5 2728/4437/2740 1421/4902/3036 3288/4903/5
f 3698/4440/15 2729/4439/2741 1420/4904/1946 3697/4905/15
f 3285/4906/10 1418/4907/3037 2731/4442/2742 3284/4441/10
f 3273/4908/15 1417/4909/3038 2732/4444/2743 3272/4443/15
f 3249/4910/10 1416/4911/3039 2733/4446/2744 3248/4445/10
f 3827/4912/15 1415/4913/3040 2734/4448/2745 3826/4447/15
f 2735/4449/10 2734/4448/2745 1415/4913/3040 1414/4914/10
f 2736/4450/10 2735/4449/10 1414/4914/10 1413/4915/10
f 2737/4451/10 2736/4450/10 1413/4915/10 1412/4916/10
f 2738/4452/2746 2737/4451/10 1412/4916/10 1411/4917/3041
f 1411/4917/3041 1410/4918/3042 2739/4453/2747 2738/4452/2746
f 1410/4918/3042 1409/4919/3043 2740/4454/2748 2739/4453/2747
f 1409/4919/3043 1408/4920/3044 2741/4455/2749 2740/4454/2748
f 1408/4920/3044 1407/4921/3045 2742/4456/2750 2741/4455/2749
f 1407/4921/3045 1406/4922/3046 2743/4457/1543 2742/4456/2750
f 1406/4922/3046 1405/4923/3047 2744/4458/1936 2743/4457/1543
f 2745/4459/1540 2744/4458/1936 1405/4923/3047 1404/4924/3048
f 1404/4924/3048 1403/4925/3049 2746/4460/1538 2745/4459/1540
f 1403/4925/3049 1402/4926/3050 2747/4461/2751 2746/4460/1538
f 1402/4926/3050 1401/4927/3051 2748/4462/2752 2747/4461/2751
f 1401/4927/3051 1400/4928/3052 2749/4463/2753 2748/4462/2752
f 1400/4928/3052 1399/4929/3053 2750/4464/2754 2749/4463/2753
f 1399/4929/3053 1398/4930/3054 2751/4465/2755 2750/4464/2754
f 1398/4930/3054 1397/4931/3055 2752/4466/2756 2751/4465/2755
f 2753/4467/407 2752/4466/2756 1397/4931/3055 1396/4932/3056
f 1396/4932/3056 1395/4933/3057 2754/4468/1514 2753/4467/407
f 1395/4933/3057 1394/4934/3058 2755/4469/2757 2754/4468/1514
f 1394/4934/3058 1393/4935/3059 2756/4470/2758 2755/4469/2757
f 1393/4935/3059 1392/4936/3060 2757/4471/2759 2756/4470/2758
f 1392/4936/3060 1391/4937/3061 2758/4472/2760 2757/4471/2759
f 1391/4937/3061 1390/4938/3062 2759/4473/2761 2758/4472/2760
f 1390/4938/3062 1389/4939/3063 2760/4474/2762 2759/4473/2761
f 2761/4475/1436 2760/4474/2762 1389/4939/3063 1388/4940/3064
f 1388/4940/3064 1387/4941/3057 2762/4476/2763 2761/4475/1436
f 1387/4941/3057 1386/4942/3065 2763/4477/2757 2762/4476/2763
f 1386/4942/3065 1385/4943/3059 2764/4478/2764 2763/4477/2757
f 1385/4943/3059 1384/4944/3066 2765/4479/2759 2764/4478/2764
f 1384/4944/3066 1383/4945/3061 2766/4480/2760 2765/4479/2759
f 1383/4945/3061 1382/4946/3067 2767/4481/2765 2766/4480/2760
f 1382/4946/3067 1381/4947/3068 2768/4482/2766 2767/4481/2765
f 2769/4483/792 2768/4482/2766 1381/4947/3068 1380/4948/3069
f 1380/4948/3069 1379/4949/3057 2770/4484/1514 2769/4483/792
f 1379/4949/3057 1378/4950/3065 2771/4485/2757 2770/4484/1514
f 1378/4950/3065 1377/4951/3059 2772/4486/2764 2771/4485/2757
f 1377/4951/3059 1376/4952/3060 2773/4487/2767 2772/4486/2764
f 1376/4952/3060 1375/4953/3061 2774/4488/2760 2773/4487/2767
f 1375/4953/3061 1374/4954/3067 2775/4489/2765 2774/4488/2760
f 1374/4954/3067 1373/4955/3070 2776/4490/2768 2775/4489/2765
f 2777/4491/15 2776/4490/2768 1373/4955/3070 1372/4956/3071
f 2778/4492/15 2777/4491/15 1372/4956/3071 1371/4957/3072
f 2779/4493/2769 2778/4492/15 1371/4957/3072 1370/4958/3073
f 2780/4494/2770 2779/4493/2769 1370/4958/3073 1369/4959/3074
f 1369/4959/3074 1368/4960/3075 2781/4495/2771 2780/4494/2770
f 1368/4960/3075 1367/4961/3076 2782/4496/2772 2781/4495/2771
f 1367/4961/3076 1366/4962/3077 2783/4497/2773 2782/4496/2772
f 1366/4962/3077 1365/4963/3078 2784/4498/2774 2783/4497/2773
f 1365/4963/3078 1364/4964/3079 2785/4499/2775 2784/4498/2774
f 1364/4964/3079 1363/4965/3080 2786/4500/1472 2785/4499/2775
f 2787/4501/2776 2786/4500/1472 1363/4965/3080 1362/4966/3081
f 2788/4502/2770 2787/4501/2776 1362/4966/3081 1361/4967/3074
f 1361/4967/3074 1360/4968/3082 2789/4503/2777 2788/4502/2770
f 1360/4968/3082 1359/4969/3083 2790/4504/2772 2789/4503/2777
f 1359/4969/3083 1358/4970/3077 2791/4505/2778 2790/4504/2772
f 1358/4970/3077 1357/4971/3084 2792/4506/2779 2791/4505/2778
f 1357/4971/3084 1356/4972/3079 2793/4507/2780 2792/4506/2779
f 1356/4972/3079 1355/4973/3080 2794/4508/1472 2793/4507/2780
f 2795/4509/2781 2794/4508/1472 1355/4973/3080 1354/4974/3085
f 2796/4510/2782 2795/4509/2781 1354/4974/3085 1353/4975/3086
f 1353/4975/3086 1352/4976/3087 2797/4511/2783 2796/4510/2782
f 1352/4976/3087 1351/4977/3088 2798/4512/2784 2797/4511/2783
f 1351/4977/3088 1350/4978/3089 2799/4513/2785 2798/4512/2784
f 1350/4978/3089 1349/4979/3090 2800/4514/2786 2799/4513/2785
f 1349/4979/3090 1348/4980/15 2801/4515/15 2800/4514/2786
f 1348/4980/15 1347/4981/3091 2802/4516/2787 2801/4515/15
f 1347/4981/3091 1346/4982/3092 2803/4517/2788 2802/4516/2787
f 1346/4982/3092 1345/4983/3093 2804/4518/2789 2803/4517/2788
f 1345/4983/3093 1344/4984/3094 2805/4519/2790 2804/4518/2789
f 1344/4984/3094 1343/4985/3095 2806/4520/2791 2805/4519/2790
f 1343/4985/3095 1342/4986/3096 2807/4521/2792 2806/4520/2791
f 2808/4522/1436 2807/4521/2792 1342/4986/3096 1341/4987/3097
f 1341/4987/3097 1340/4988/3098 2809/4523/1514 2808/4522/1436
f 1340/4988/3098 1339/4989/3099 2810/4524/2793 2809/4523/1514
f 1339/4989/3099 1338/4990/3100 2811/4525/2794 2810/4524/2793
f 1338/4990/3100 1337/4991/3101 2812/4526/2795 2811/4525/2794
f 1337/4991/3101 1336/4992/3102 2813/4527/2796 2812/4526/2795
f 1336/4992/3102 1335/4993/3103 2814/4528/2797 2813/4527/2796
f 1335/4993/3103 1334/4994/3104 2815/4529/2798 2814/4528/2797
f 2816/4530/1436 2815/4529/2798 1334/4994/3104 1333/4995/3097
f 1333/4995/3097 1332/4996/3098 2817/4531/2799 2816/4530/1436
f 1332/4996/3098 1331/4997/3105 2818/4532/2800 2817/4531/2799
f 1331/4997/3105 1330/4998/3100 2819/4533/2801 2818/4532/2800
f 1330/4998/3100 1329/4999/3106 2820/4534/2802 2819/4533/2801
f 1329/4999/3106 1328/5000/3107 2821/4535/2803 2820/4534/2802
f 1328/5000/3107 1327/5001/3108 2822/4536/2797 2821/4535/2803
f 1327/5001/3108 1326/5002/3109 2823/4537/2804 2822/4536/2797
f 2824/4538/2805 2823/4537/2804 1326/5002/3109 1325/5003/3110
f 5041/4539/10 2824/4538/2805 1325/5003/3110 5040/5004/10
f 2826/4541/2806 5057/4540/15 5058/5005/15 1323/5006/3111
f 2827/4542/2807 2826/4541/2806 1323/5006/3111 1322/5007/3112
f 1322/5007/3112 1321/5008/3113 2828/4543/2808 2827/4542/2807
f 1321/5008/3113 1320/5009/3114 2829/4544/2809 2828/4543/2808
f 1320/5009/3114 1319/5010/3115 2830/4545/2810 2829/4544/2809
f 1319/5010/3115 1318/5011/3116 2831/4546/2811 2830/4545/2810
f 1318/5011/3116 1317/5012/3117 2832/4547/2812 2831/4546/2811
f 1317/5012/3117 1316/5013/3118 2833/4548/1587 2832/4547/2812
f 1316/5013/3118 1315/5014/3119 2834/4549/2813 2833/4548/1587
f 2835/4550/2814 2834/4549/2813 1315/5014/3119 1314/5015/3120
f 5081/4551/10 2835/4550/2814 1314/5015/3120 5080/5016/10
f 5101/4553/15 2836/4552/2815 1313/5017/3121 5100/5018/15
f 5141/4555/10 2837/4554/2816 1312/5019/3122 5140/5020/10
f 5181/4557/15 2838/4556/2817 1311/5021/3123 5180/5022/15
f 2840/4559/15 2839/4558/15 1310/5023/15 1309/5024/15
f 2841/4560/15 2840/4559/15 1309/5024/15 1308/5025/15
f 2842/4562/2818 5197/4561/15 5198/5026/15 1307/5027/3124
f 1307/5028/3124 1626/5029/5 2843/4564/5 2842/4563/2818
f 1626/5029/5 1625/5030/5 2844/4565/5 2843/4564/5
f 1625/5030/5 1624/5031/5 2845/4566/5 2844/4565/5
f 1624/5031/5 1623/5032/5 2846/4567/5 2845/4566/5
f 1622/5033/5 2847/4568/5 2846/4567/5 1623/5032/5
f 2848/4570/5 3174/4569/5 3175/2253/5 2523/2252/5
f 2849/4571/5 2848/4570/5 2523/2252/5 1632/3542/5
f 2849/4571/5 1632/3542/5 1621/716/5 2850/4572/5
f 2851/4573/5 2850/4572/5 1621/716/5 1620/719/5
f 2852/4574/5 2851/4573/5 1620/719/5 1619/734/5
f 2853/4575/5 2852/4574/5 1619/734/5 1618/741/5
f 2854/4576/2819 2853/4575/5 1618/741/5 1617/747/88
f 1617/155/88 5205/154/13 5206/4578/13 2854/4577/2819
f 1616/141/13 1615/131/13 2856/4580/13 2855/4579/13
f 1615/131/13 1614/130/13 2857/4581/13 2856/4580/13
f 5173/688/13 1613/687/460 2858/4583/2820 5172/4582/13
f 5133/758/10 1612/757/475 2859/4585/2821 5132/4584/10
f 5093/676/13 1611/675/454 2860/4587/2822 5092/4586/13
f 5073/836/10 1610/832/537 2861/4589/2823 5072/4588/10
f 1610/832/537 1609/826/531 2862/4590/2824 2861/4589/2823
f 2863/4591/2825 2862/4590/2824 1609/826/531 1608/824/529
f 2864/4592/2826 2863/4591/2825 1608/824/529 1607/822/527
f 2865/4593/2827 2864/4592/2826 1607/822/527 1606/820/525
f 2866/4594/2828 2865/4593/2827 1606/820/525 1605/818/523
f 2867/4595/2829 2866/4594/2828 1605/818/523 1604/816/521
f 2868/4596/2830 2867/4595/2829 1604/816/521 1603/813/518
f 2869/4597/2831 2868/4596/2830 1603/813/518 1602/812/517
f 1602/812/517 1601/708/468 2870/4598/2832 2869/4597/2831
f 1601/708/468 5065/707/13 5066/4599/13 2870/4598/2832
f 5033/727/10 1599/115/79 2872/4601/2833 5032/4600/10
f 1599/115/79 1598/114/78 2873/4602/2834 2872/4601/2833
f 2874/4603/2835 2873/4602/2834 1598/114/78 1597/1058/720
f 2875/4604/2836 2874/4603/2835 1597/1058/720 1596/1056/718
f 2876/4605/2837 2875/4604/2836 1596/1056/718 1595/1054/716
f 2877/4606/364 2876/4605/2837 1595/1054/716 1594/1052/714
f 2878/4607/2838 2877/4606/364 1594/1052/714 1593/1050/712
f 2879/4608/2839 2878/4607/2838 1593/1050/712 1592/1047/709
f 2880/4609/2089 2879/4608/2839 1592/1047/709 1591/1046/708
f 1591/1046/708 1590/1185/783 2881/4610/2840 2880/4609/2089
f 2882/4611/2835 2881/4610/2840 1590/1185/783 1589/1170/769
f 2883/4612/2841 2882/4611/2835 1589/1170/769 1588/1168/768
f 2884/4613/2837 2883/4612/2841 1588/1168/768 1587/1166/767
f 2885/4614/2842 2884/4613/2837 1587/1166/767 1586/1164/714
f 2886/4615/2843 2885/4614/2842 1586/1164/714 1585/1162/712
f 2887/4616/2661 2886/4615/2843 1585/1162/712 1584/1159/764
f 2888/4617/2089 2887/4616/2661 1584/1159/764 1583/1158/708
f 1583/1158/708 1582/942/620 2889/4618/2844 2888/4617/2089
f 2890/4619/2845 2889/4618/2844 1582/942/620 1581/920/598
f 2891/4620/2846 2890/4619/2845 1581/920/598 1580/918/596
f 2892/4621/2847 2891/4620/2846 1580/918/596 1579/916/594
f 2893/4622/2848 2892/4621/2847 1579/916/594 1578/914/592
f 2894/4623/2849 2893/4622/2848 1578/914/592 1577/911/590
f 2895/4624/13 2894/4623/2849 1577/911/590 1576/910/13
f 2896/4625/2850 2895/4624/13 1576/910/13 1575/930/608
f 2897/4626/2851 2896/4625/2850 1575/930/608 1574/928/606
f 2898/4627/2852 2897/4626/2851 1574/928/606 1573/926/604
f 2899/4628/2853 2898/4627/2852 1573/926/604 1572/923/601
f 2900/4629/2854 2899/4628/2853 1572/923/601 1571/922/600
f 1571/922/600 1570/941/619 2901/4630/2855 2900/4629/2854
f 1570/941/619 1569/1114/671 2902/4631/2856 2901/4630/2855
f 2903/4632/2857 2902/4631/2856 1569/1114/671 1568/1112/669
f 2904/4633/2858 2903/4632/2857 1568/1112/669 1567/1110/667
f 2905/4634/2859 2904/4633/2858 1567/1110/667 1566/1108/665
f 2906/4635/2860 2905/4634/2859 1566/1108/665 1565/1106/744
f 2907/4636/2861 2906/4635/2860 1565/1106/744 1564/1103/742
f 2908/4637/2862 2907/4636/2861 1564/1103/742 1563/1102/741
f 1563/1102/741 1562/1176/775 2909/4638/2863 2908/4637/2862
f 1562/1176/775 1561/1002/671 2910/4639/2856 2909/4638/2863
f 2911/4640/2864 2910/4639/2856 1561/1002/671 1560/1000/669
f 2912/4641/2865 2911/4640/2864 1560/1000/669 1559/998/667
f 2913/4642/378 2912/4641/2865 1559/998/667 1558/996/665
f 2914/4643/2860 2913/4642/378 1558/996/665 1557/994/663
f 2915/4644/2866 2914/4643/2860 1557/994/663 1556/991/660
f 2916/4645/2862 2915/4644/2866 1556/991/660 1555/990/659
f 1555/990/659 1554/99/65 2917/4646/2867 2916/4645/2862
f 1554/99/65 1553/98/64 2918/4647/13 2917/4646/2867
f 1553/98/64 1552/83/51 2595/4282/13 2918/4647/13
f 913/5034/3125 912/5035/3126 2920/2099/1298 2919/2100/4
f 2921/2096/1291 2920/2099/1298 912/5035/3126 911/5036/3127
f 911/5036/3127 910/5037/3128 2922/2094/1282 2921/2096/1291
f 910/5037/3128 909/5038/3129 2923/2092/1280 2922/2094/1282
f 909/5038/3129 908/5039/3130 2924/2090/679 2923/2092/1280
f 908/5039/3130 907/5040/3131 2925/2088/1277 2924/2090/679
f 907/5040/3131 906/5041/3132 2926/2086/1275 2925/2088/1277
f 906/5041/3132 905/5042/3133 2927/2084/1295 2926/2086/1275
f 905/5042/3133 904/5043/3134 2928/2083/1294 2927/2084/1295
f 2929/2080/1291 2928/2083/1294 904/5043/3134 903/5044/3135
f 903/5044/3135 902/5045/3136 2930/2078/1282 2929/2080/1291
f 902/5045/3136 901/5046/3129 2931/2076/1280 2930/2078/1282
f 901/5046/3129 900/5047/3130 2932/2074/679 2931/2076/1280
f 900/5047/3130 899/5048/3131 2933/2072/1277 2932/2074/679
f 899/5048/3131 898/5049/3132 2934/2070/1261 2933/2072/1277
f 898/5049/3132 897/5050/3137 2935/2068/1288 2934/2070/1261
f 897/5050/3137 896/5051/3138 2936/2067/1287 2935/2068/1288
f 2937/2064/1284 2936/2067/1287 896/5051/3138 895/5052/3139
f 895/5052/3139 894/5053/3128 2938/2062/1282 2937/2064/1284
f 894/5053/3128 893/5054/3129 2939/2060/1280 2938/2062/1282
f 893/5054/3129 892/5055/3130 2940/2058/679 2939/2060/1280
f 892/5055/3130 891/5056/3131 2941/2056/1277 2940/2058/679
f 891/5056/3131 890/5057/3132 2942/2054/1275 2941/2056/1277
f 890/5057/3132 889/5058/3140 2943/2052/1274 2942/2054/1275
f 889/5058/3140 888/5059/3141 2944/2051/1273 2943/2052/1274
f 2945/2048/1270 2944/2051/1273 888/5059/3141 887/5060/3142
f 887/5060/3142 886/5061/3143 2946/2046/1268 2945/2048/1270
f 886/5061/3143 885/5062/3144 2947/2044/1266 2946/2046/1268
f 885/5062/3144 884/5063/3145 2948/2042/1264 2947/2044/1266
f 884/5063/3145 883/5064/3146 2949/2040/1262 2948/2042/1264
f 883/5064/3146 882/5065/3147 2950/2038/1260 2949/2040/1262
f 882/5065/3147 881/5066/3148 2951/2036/1259 2950/2038/1260
f 881/5066/3148 880/5067/3149 2952/2034/1258 2951/2036/1259
f 880/5067/3149 879/5068/3150 2953/2032/1256 2952/2034/1258
f 879/5068/3150 878/5069/3151 2954/2030/1254 2953/2032/1256
f 878/5069/3151 877/5070/3152 2955/2028/1252 2954/2030/1254
f 877/5070/3152 876/5071/3153 2956/2026/1250 2955/2028/1252
f 876/5071/3153 875/5072/3154 2957/2024/1248 2956/2026/1250
f 875/5072/3154 874/5073/3155 2958/2022/1246 2957/2024/1248
f 874/5073/3155 873/5074/10 2959/2020/10 2958/2022/1246
f 873/5074/10 872/5075/10 2960/2018/10 2959/2020/10
f 872/5075/10 871/5076/10 2961/2016/10 2960/2018/10
f 871/5076/10 870/5077/3156 2962/2013/1245 2961/2016/10
f 3809/2014/4 2962/2013/1245 870/5077/3156 3808/5078/4
f 3331/2010/10 2963/2009/1243 869/5079/3157 3330/5080/10
f 3355/2006/4 2964/2005/1241 868/5081/3158 3354/5082/4
f 3379/2002/10 2965/2001/1239 867/5083/3159 3378/5084/10
f 3674/5085/4 865/5086/1236 2967/1997/1236 3673/1996/4
f 3387/5087/5 864/5088/3160 2968/1993/1234 3386/1992/5
f 3363/5089/4 863/5090/3161 2969/1989/1232 3362/1988/4
f 3339/5091/5 862/5092/3162 2970/1985/1230 3338/1984/5
f 3803/5093/4 861/5094/3163 2971/1979/1229 3802/1982/4
f 4046/1980/5 2971/1979/1229 861/5094/3163 4045/5095/5
f 3993/5096/4 859/5097/3164 2973/1975/1227 3992/1976/4
f 2974/1972/1224 2973/1975/1227 859/5097/3164 858/5098/3165
f 858/5098/3165 857/5099/3166 2975/1970/1222 2974/1972/1224
f 857/5099/3166 856/5100/3167 2976/1968/1220 2975/1970/1222
f 856/5100/3167 855/5101/3168 2977/1966/1218 2976/1968/1220
f 855/5101/3168 854/5102/3169 2978/1964/1216 2977/1966/1218
f 854/5102/3169 853/5103/3170 2979/1962/1214 2978/1964/1216
f 853/5103/3170 852/5104/3171 2980/1960/1212 2979/1962/1214
f 852/5104/3171 851/5105/3172 2981/1958/1211 2980/1960/1212
f 851/5105/3172 850/5106/3173 2982/1956/1210 2981/1958/1211
f 850/5106/3173 849/5107/3174 2983/1954/1208 2982/1956/1210
f 849/5107/3174 848/5108/3175 2984/1952/1206 2983/1954/1208
f 848/5108/3175 847/5109/3176 2985/1950/1204 2984/1952/1206
f 847/5109/3176 846/5110/3177 2986/1948/1202 2985/1950/1204
f 846/5110/3177 845/5111/3178 2987/1946/1200 2986/1948/1202
f 845/5111/3178 844/5112/3179 2988/1944/1198 2987/1946/1200
f 844/5112/3179 843/5113/3180 2989/1943/1197 2988/1944/1198
f 2990/1939/1195 2989/1943/1197 843/5113/3180 842/5114/3181
f 3986/1940/5 2990/1939/1195 842/5114/3181 3985/5115/5
f 3953/5116/4 840/5117/3182 2992/1935/1193 3952/1936/4
f 2993/1933/1191 2992/1935/1193 840/5117/3182 839/5118/3183
f 2994/1931/1189 2993/1933/1191 839/5118/3183 838/5119/3184
f 2995/1929/1187 2994/1931/1189 838/5119/3184 837/5120/3185
f 2996/1927/1185 2995/1929/1187 837/5120/3185 836/5121/3186
f 2997/1925/1183 2996/1927/1185 836/5121/3186 835/5122/3187
f 2998/1923/1181 2997/1925/1183 835/5122/3187 834/5123/3188
f 2999/1920/1179 2998/1923/1181 834/5123/3188 833/5124/3189
f 3000/1921/1177 2999/1920/1179 833/5124/3189 832/5125/3190
f 3913/5126/4 831/5127/3191 3001/1913/1176 3912/1916/4
f 3906/1914/5 3001/1913/1176 831/5127/3191 3905/5128/5
f 3853/5129/4 829/5130/3192 3003/1909/1173 3852/1908/4
f 829/5131/3192 828/5132/10 3004/1904/10 3003/1906/1173
f 828/5132/10 827/5133/10 3005/1902/10 3004/1904/10
f 827/5133/10 826/5134/10 3006/1900/10 3005/1902/10
f 826/5134/10 825/5135/10 3007/1898/10 3006/1900/10
f 825/5135/10 824/5136/10 3008/1894/10 3007/1898/10
f 824/5136/10 1462/4854/10 3009/1895/10 3008/1894/10
f 3010/4387/10 3009/1895/10 1462/4854/10 2687/4389/10
f 3011/3164/10 3010/4387/10 2687/4389/10 2040/3162/10
f 3012/2615/10 3011/3164/10 2040/3162/10 1142/2612/10
f 3013/1893/10 3012/2615/10 1142/2612/10 823/5137/10
f 3014/1891/10 3013/1893/10 823/5137/10 822/5138/10
f 3015/1889/10 3014/1891/10 822/5138/10 821/5139/10
f 3016/1887/10 3015/1889/10 821/5139/10 820/5140/10
f 3017/1885/10 3016/1887/10 820/5140/10 819/5141/10
f 3018/1880/1171 3017/1885/10 819/5141/10 818/5142/3193
f 818/5142/3193 3860/5143/8 3861/1881/8 3018/1880/1171
f 3898/5144/5 816/5145/3194 3020/1874/1169 3897/1878/5
f 816/5145/3194 3920/5146/8 3921/1875/8 3020/1874/1169
f 815/5147/3195 814/5148/3196 3022/1870/1166 3021/1872/1168
f 814/5148/3196 813/5149/3197 3023/1868/1164 3022/1870/1166
f 813/5149/3197 812/5150/3198 3024/1866/1162 3023/1868/1164
f 812/5150/3198 811/5151/3199 3025/1864/1160 3024/1866/1162
f 811/5151/3199 810/5152/3200 3026/1862/1158 3025/1864/1160
f 810/5152/3200 809/5153/3201 3027/1860/1156 3026/1862/1158
f 809/5153/3201 808/5154/3202 3028/1858/1154 3027/1860/1156
f 808/5154/3202 807/5155/3203 3029/1854/1152 3028/1858/1154
f 807/5155/3203 3960/5156/8 3961/1855/8 3029/1854/1152
f 3978/5157/5 805/5158/3204 3031/1850/1150 3977/1852/5
f 805/5158/3204 804/5159/3205 3032/1848/1148 3031/1850/1150
f 804/5159/3205 803/5160/3206 3033/1846/1146 3032/1848/1148
f 803/5160/3206 802/5161/3207 3034/1844/1144 3033/1846/1146
f 802/5161/3207 801/5162/3208 3035/1842/1142 3034/1844/1144
f 801/5162/3208 800/5163/3209 3036/1840/1140 3035/1842/1142
f 800/5163/3209 799/5164/3210 3037/1838/1138 3036/1840/1140
f 799/5164/3210 798/5165/3211 3038/1836/961 3037/1838/1138
f 798/5165/3211 797/5166/3212 3039/1834/1136 3038/1836/961
f 797/5166/3212 796/5167/3213 3040/1832/1135 3039/1834/1136
f 796/5167/3213 795/5168/3214 3041/1830/1133 3040/1832/1135
f 795/5168/3214 794/5169/3215 3042/1828/1131 3041/1830/1133
f 794/5169/3215 793/5170/3216 3043/1826/1129 3042/1828/1131
f 793/5170/3216 792/5171/584 3044/1824/1127 3043/1826/1129
f 792/5171/584 791/5172/3217 3045/1822/1125 3044/1824/1127
f 791/5172/3217 790/5173/3218 3046/1820/1123 3045/1822/1125
f 790/5173/3218 789/5174/2371 3047/1818/1121 3046/1820/1123
f 789/5174/2371 788/5175/3219 3048/1814/1119 3047/1818/1121
f 788/5175/3219 4000/5176/8 4001/1815/8 3048/1814/1119
f 4038/5177/5 786/5178/3220 3050/1809/1118 4037/1812/5
f 3774/1810/8 3050/1809/1118 786/5178/3220 3773/5179/8
f 3481/1806/5 3051/1805/1116 785/5180/3221 3480/5181/5
f 3541/1802/8 3052/1801/1114 784/5182/3222 3540/5183/8
f 3505/1798/5 3053/1797/1112 783/5184/3223 3504/5185/5
f 782/5186/3224 3723/5187/8 3724/1793/8 3054/1792/1110
f 3501/5188/10 780/5189/3225 3056/1789/1108 3500/1788/10
f 3537/5190/8 779/5191/3226 3057/1785/1106 3536/1784/8
f 3477/5192/10 778/5193/3227 3058/1781/1104 3476/1780/10
f 3768/5194/8 777/5195/3228 3059/1777/1103 3767/1778/8
f 3060/1775/10 3059/1777/1103 777/5195/3228 776/5196/10
f 3061/1773/10 3060/1775/10 776/5196/10 775/5197/10
f 3062/1771/10 3061/1773/10 775/5197/10 774/5198/10
f 3063/1768/1100 3062/1771/10 774/5198/10 773/5199/3229
f 773/5199/3229 772/5200/3230 3064/1766/1098 3063/1768/1100
f 772/5200/3230 771/5201/3231 3065/1764/1096 3064/1766/1098
f 771/5201/3231 770/5202/3232 3066/1762/1094 3065/1764/1096
f 770/5202/3232 769/5203/3233 3067/1760/1092 3066/1762/1094
f 769/5203/3233 768/5204/3234 3068/1758/1090 3067/1760/1092
f 768/5204/3234 767/5205/3235 3069/1756/1089 3068/1758/1090
f 767/5205/3235 766/5206/3236 3070/1754/1088 3069/1756/1089
f 766/5206/3236 765/5207/3237 3071/1752/1087 3070/1754/1088
f 765/5207/3237 764/5208/3238 3072/1750/1085 3071/1752/1087
f 764/5208/3238 763/5209/3239 3073/1748/1083 3072/1750/1085
f 763/5209/3239 762/5210/3240 3074/1746/1081 3073/1748/1083
f 762/5210/3240 761/5211/3241 3075/1744/1079 3074/1746/1081
f 761/5211/3241 760/5212/3242 3076/1742/1077 3075/1744/1079
f 760/5212/3242 759/5213/3243 3077/1740/1075 3076/1742/1077
f 759/5213/3243 758/5214/3244 3078/1738/1074 3077/1740/1075
f 758/5214/3244 757/5215/2243 3079/1736/991 3078/1738/1074
f 757/5215/2243 756/5216/3245 3080/1734/1002 3079/1736/991
f 756/5216/3245 755/5217/2241 3081/1732/1001 3080/1734/1002
f 755/5217/2241 754/5218/2239 3082/1730/1057 3081/1732/1001
f 754/5218/2239 753/5219/2237 3083/1728/1056 3082/1730/1057
f 753/5219/2237 752/5220/3246 3084/1726/1072 3083/1728/1056
f 752/5220/3246 751/5221/3247 3085/1724/1070 3084/1726/1072
f 751/5221/3247 750/5222/2245 3086/1722/993 3085/1724/1070
f 750/5222/2245 749/5223/2243 3087/1720/1069 3086/1722/993
f 749/5223/2243 748/5224/2242 3088/1718/1002 3087/1720/1069
f 748/5224/2242 747/5225/2241 3089/1716/1001 3088/1718/1002
f 747/5225/2241 746/5226/2239 3090/1714/1057 3089/1716/1001
f 746/5226/2239 745/5227/2251 3091/1712/1056 3090/1714/1057
f 745/5227/2251 744/5228/3248 3092/1710/1054 3091/1712/1056
f 744/5228/3248 743/5229/3249 3093/1708/1062 3092/1710/1054
f 743/5229/3249 742/5230/3250 3094/1706/1061 3093/1708/1062
f 742/5230/3250 741/5231/2243 3095/1704/991 3094/1706/1061
f 741/5231/2243 740/5232/3245 3096/1702/1002 3095/1704/991
f 740/5232/3245 739/5233/2241 3097/1700/1001 3096/1702/1002
f 739/5233/2241 738/5234/2239 3098/1698/1057 3097/1700/1001
f 738/5234/2239 737/5235/2237 3099/1696/1056 3098/1698/1057
f 737/5235/2237 736/5236/3248 3100/1694/1054 3099/1696/1056
f 736/5236/3248 735/5237/3251 3101/1692/1052 3100/1694/1054
f 735/5237/3251 734/5238/3252 3102/1690/8 3101/1692/1052
f 734/5238/3252 733/95/61 3103/1688/8 3102/1690/8
f 733/95/61 732/94/60 3104/1687/1051 3103/1688/8
f 3105/1684/1048 3104/1687/1051 732/94/60 731/979/648
f 731/979/648 730/978/647 3106/1682/1046 3105/1684/1048
f 730/978/647 729/981/650 3107/1680/1044 3106/1682/1046
f 729/981/650 728/983/652 3108/1678/1043 3107/1680/1044
f 728/983/652 727/985/654 3109/1676/1042 3108/1678/1043
f 727/985/654 726/987/656 3110/1674/1028 3109/1676/1042
f 726/987/656 725/989/658 3111/1672/1027 3110/1674/1028
f 725/989/658 724/1175/774 3112/1671/1041 3111/1672/1027
f 3113/1668/1038 3112/1671/1041 724/1175/774 723/1091/734
f 723/1091/734 722/1090/733 3114/1666/1036 3113/1668/1038
f 722/1090/733 721/1093/736 3115/1664/1034 3114/1666/1036
f 721/1093/736 720/1095/652 3116/1662/1032 3115/1664/1034
f 720/1095/652 719/1097/654 3117/1660/1030 3116/1662/1032
f 719/1097/654 718/1099/740 3118/1658/1028 3117/1660/1030
f 718/1099/740 717/1101/658 3119/1656/1027 3118/1658/1028
f 717/1101/658 716/938/616 3120/1655/1026 3119/1656/1027
f 3121/1652/1023 3120/1655/1026 716/938/616 715/871/558
f 715/871/558 714/870/557 3122/1650/1021 3121/1652/1023
f 714/870/557 713/873/560 3123/1648/1019 3122/1650/1021
f 713/873/560 712/875/562 3124/1646/1017 3123/1648/1019
f 712/875/562 711/877/564 3125/1644/1015 3124/1646/1017
f 711/877/564 710/879/8 3126/1642/8 3125/1644/1015
f 710/879/8 709/901/581 3127/1640/1013 3126/1642/8
f 709/901/581 708/903/583 3128/1638/1011 3127/1640/1013
f 708/903/583 707/905/585 3129/1636/1009 3128/1638/1011
f 707/905/585 706/907/587 3130/1634/1007 3129/1636/1009
f 706/907/587 705/909/589 3131/1632/1005 3130/1634/1007
f 705/909/589 704/937/615 3132/1630/1003 3131/1632/1005
f 704/937/615 703/1147/697 3133/1628/993 3132/1630/1003
f 703/1147/697 702/1146/757 3134/1626/991 3133/1628/993
f 702/1146/757 701/1149/699 3135/1624/1002 3134/1626/991
f 701/1149/699 700/1151/701 3136/1622/1001 3135/1624/1002
f 700/1151/701 699/1153/761 3137/1620/999 3136/1622/1001
f 699/1153/761 698/1155/763 3138/1618/997 3137/1620/999
f 698/1155/763 697/1157/707 3139/1616/996 3138/1618/997
f 697/1157/707 696/1182/780 3140/1614/994 3139/1616/996
f 696/1182/780 695/1035/697 3141/1612/993 3140/1614/994
f 695/1035/697 694/1034/696 3142/1610/991 3141/1612/993
f 694/1034/696 693/1037/699 3143/1608/989 3142/1610/991
f 693/1037/699 692/1039/701 3144/1606/987 3143/1608/989
f 692/1039/701 691/1041/703 3145/1604/985 3144/1606/987
f 691/1041/703 690/1043/705 3146/1602/983 3145/1604/985
f 690/1043/705 689/1045/707 3147/1600/981 3146/1602/983
f 689/1045/707 688/111/75 3148/1598/979 3147/1600/981
f 688/111/75 687/110/74 3149/1595/978 3148/1598/979
f 5046/1596/10 3149/1595/978 687/110/74 5045/726/10
f 5053/704/8 685/703/467 3151/1591/976 5052/1592/8
f 3152/1588/973 3151/1591/976 685/703/467 684/799/504
f 684/799/504 683/798/503 3153/1586/971 3152/1588/973
f 683/798/503 682/801/506 3154/1584/969 3153/1586/971
f 682/801/506 681/803/508 3155/1582/967 3154/1584/969
f 681/803/508 680/805/510 3156/1580/965 3155/1582/967
f 680/805/510 679/807/512 3157/1578/963 3156/1580/965
f 679/807/512 678/809/514 3158/1576/961 3157/1578/963
f 678/809/514 677/811/516 3159/1574/960 3158/1576/961
f 677/811/516 676/831/536 3160/1571/959 3159/1574/960
f 5086/1572/10 3160/1571/959 676/831/536 5085/843/10
f 5106/1568/8 3161/1567/957 675/662/448 5105/665/8
f 5146/1564/10 3162/1563/955 674/752/472 5145/755/10
f 5186/1560/8 3163/1559/953 673/682/457 5185/685/8
f 672/127/8 671/126/8 3165/1552/8 3164/1556/8
f 671/126/8 670/140/8 3166/1553/8 3165/1552/8
f 669/150/87 3167/1548/950 5192/1551/8 5193/151/8
f 669/744/87 986/738/5 3168/2260/5 3167/2262/950
f 986/738/5 985/731/5 3169/2258/5 3168/2260/5
f 985/731/5 984/714/5 3170/2254/5 3169/2258/5
f 984/714/5 983/713/5 3171/2255/5 3170/2254/5
f 3171/2255/5 983/713/5 1302/2977/5 3172/2974/5
f 1302/2977/5 2200/3525/5 3173/3523/5 3172/2974/5
f 3174/4569/5 3173/3523/5 2200/3525/5 2847/4568/5
f 3175/2253/5 3174/4569/5 2847/4568/5 1622/5033/5
f 982/5239/5 3176/2251/5 3175/2253/5 1622/5033/5
f 3177/2249/5 3176/2251/5 982/5239/5 981/5240/5
f 3178/2247/5 3177/2249/5 981/5240/5 980/5241/5
f 3179/2245/5 3178/2247/5 980/5241/5 979/5242/5
f 3180/2240/1390 3179/2245/5 979/5242/5 978/5243/3253
f 978/5243/3253 5200/5244/4 5201/2241/4 3180/2240/1390
f 977/5245/4 976/5246/4 3182/2234/4 3181/2238/4
f 976/5246/4 975/5247/4 3183/2235/4 3182/2234/4
f 5178/5248/4 974/5249/3254 3184/2231/1388 5177/2230/4
f 5138/5250/10 973/5251/3255 3185/2227/1386 5137/2226/10
f 5098/5252/4 972/5253/3256 3186/2223/1384 5097/2222/4
f 5078/5254/10 971/5255/3257 3187/2218/1382 5077/2220/10
f 971/5255/3257 970/5256/3258 3188/2216/1381 3187/2218/1382
f 970/5256/3258 969/5257/3259 3189/2214/1380 3188/2216/1381
f 969/5257/3259 968/5258/3260 3190/2212/1378 3189/2214/1380
f 968/5258/3260 967/5259/3261 3191/2210/1376 3190/2212/1378
f 967/5259/3261 966/5260/3262 3192/2208/1374 3191/2210/1376
f 966/5260/3262 965/5261/3263 3193/2206/1372 3192/2208/1374
f 965/5261/3263 964/5262/3264 3194/2204/1370 3193/2206/1372
f 964/5262/3264 963/5263/3265 3195/2202/1368 3194/2204/1370
f 963/5263/3265 962/5264/3266 3196/2198/1366 3195/2202/1368
f 962/5264/3266 5060/5265/4 5061/2199/4 3196/2198/1366
f 5038/5266/10 960/5267/3267 3198/2194/1364 5037/2196/10
f 960/5267/3267 959/5268/3000 3199/2193/1363 3198/2194/1364
f 3200/2190/1361 3199/2193/1363 959/5268/3000 958/5269/3268
f 958/5269/3268 957/5270/3269 3201/2188/1360 3200/2190/1361
f 957/5270/3269 956/5271/3270 3202/2186/1358 3201/2188/1360
f 956/5271/3270 955/5272/3271 3203/2184/1357 3202/2186/1358
f 955/5272/3271 954/5273/3272 3204/2182/1356 3203/2184/1357
f 954/5273/3272 953/5274/3273 3205/2180/1275 3204/2182/1356
f 953/5274/3273 952/5275/3274 3206/2178/1288 3205/2180/1275
f 952/5275/3274 951/5276/3275 3207/2177/1355 3206/2178/1288
f 3208/2174/1352 3207/2177/1355 951/5276/3275 950/5277/3276
f 950/5277/3276 949/5278/3277 3209/2172/1351 3208/2174/1352
f 949/5278/3277 948/5279/3278 3210/2170/1349 3209/2172/1351
f 948/5279/3278 947/5280/3271 3211/2168/679 3210/2170/1349
f 947/5280/3271 946/5281/3272 3212/2166/1277 3211/2168/679
f 946/5281/3272 945/5282/3273 3213/2164/1275 3212/2166/1277
f 945/5282/3273 944/5283/3274 3214/2162/1288 3213/2164/1275
f 944/5283/3274 943/5284/3279 3215/2161/1346 3214/2162/1288
f 3216/2158/1343 3215/2161/1346 943/5284/3279 942/5285/3280
f 942/5285/3280 941/5286/3281 3217/2156/1341 3216/2158/1343
f 941/5286/3281 940/5287/3282 3218/2154/1339 3217/2156/1341
f 940/5287/3282 939/5288/3283 3219/2152/1337 3218/2154/1339
f 939/5288/3283 938/5289/3284 3220/2150/1335 3219/2152/1337
f 938/5289/3284 937/5290/4 3221/2148/4 3220/2150/1335
f 937/5290/4 936/5291/3285 3222/2146/1333 3221/2148/4
f 936/5291/3285 935/5292/3286 3223/2144/1331 3222/2146/1333
f 935/5292/3286 934/5293/3287 3224/2142/1329 3223/2144/1331
f 934/5293/3287 933/5294/3288 3225/2140/1327 3224/2142/1329
f 933/5294/3288 932/5295/3289 3226/2138/1325 3225/2140/1327
f 932/5295/3289 931/5296/3290 3227/2136/1323 3226/2138/1325
f 931/5296/3290 930/5297/3291 3228/2134/1313 3227/2136/1323
f 930/5297/3291 929/5298/3292 3229/2132/1311 3228/2134/1313
f 929/5298/3292 928/5299/3293 3230/2130/1322 3229/2132/1311
f 928/5299/3293 927/5300/3294 3231/2128/630 3230/2130/1322
f 927/5300/3294 926/5301/3295 3232/2126/1320 3231/2128/630
f 926/5301/3295 925/5302/3296 3233/2124/1318 3232/2126/1320
f 925/5302/3296 924/5303/3297 3234/2122/1316 3233/2124/1318
f 924/5303/3297 923/5304/3298 3235/2120/1314 3234/2122/1316
f 923/5304/3298 922/5305/3291 3236/2118/1313 3235/2120/1314
f 922/5305/3291 921/5306/3292 3237/2116/1311 3236/2118/1313
f 921/5306/3292 920/5307/3299 3238/2114/1309 3237/2116/1311
f 920/5307/3299 919/5308/3300 3239/2112/1307 3238/2114/1309
f 919/5308/3300 918/5309/3301 3240/2110/1305 3239/2112/1307
f 918/5309/3301 917/5310/3302 3241/2108/1303 3240/2110/1305
f 917/5310/3302 916/5311/3303 3242/2106/1301 3241/2108/1303
f 916/5311/3303 915/5312/3304 3243/2104/1299 3242/2106/1301
f 915/5312/3304 914/5313/3305 3244/2102/4 3243/2104/1299
f 914/5313/3305 913/5034/3125 2919/2100/4 3244/2102/4
f 3258/5314/10 3246/2496/10 4735/2499/10 4736/5315/10
f 3259/5316/10 3247/3104/10 3246/2496/10 3258/5314/10
f 3260/5317/10 3248/4445/10 3247/3104/10 3259/5316/10
f 3261/5318/10 3249/4910/10 3248/4445/10 3260/5317/10
f 3250/1367/847 4951/1366/10 4952/5319/10 3262/5320/847
f 3251/1363/843 3689/1362/8 3690/5321/8 3263/5322/843
f 4968/1359/5 3251/1358/843 3263/5323/843 4967/5324/5
f 3265/5325/5 3253/4434/5 3252/4899/5 3264/5326/5
f 3266/5327/5 3254/3117/5 3253/4434/5 3265/5325/5
f 3255/2522/5 3254/3117/5 3266/5327/5 3267/5328/5
f 4752/2523/5 3255/2522/5 3267/5328/5 4751/5329/5
f 3708/1371/4 3256/1370/850 3268/5330/850 3707/5331/4
f 1097/2501/1555 3258/5314/10 4736/5315/10 4737/2502/1556
f 2085/3107/1944 3259/5316/10 3258/5314/10 1097/2501/1555
f 2732/4444/2743 3260/5317/10 3259/5316/10 2085/3107/1944
f 1417/4909/3038 3261/5318/10 3260/5317/10 2732/4444/2743
f 3262/5320/847 4952/5319/10 4953/1429/885 623/1428/884
f 3263/5322/843 3690/5321/8 3691/1425/883 621/1424/882
f 4967/5324/5 3263/5323/843 621/1421/882 4966/1420/881
f 2727/4435/2739 3265/5325/5 3264/5326/5 1422/4900/3035
f 2080/3114/1948 3266/5327/5 3265/5325/5 2727/4435/2739
f 3267/5328/5 3266/5327/5 2080/3114/1948 1102/2517/1563
f 4751/5329/5 3267/5328/5 1102/2517/1563 4750/2516/1562
f 3707/5331/4 3268/5330/850 622/1433/887 3706/1432/886
f 1098/2505/1557 3270/2500/15 4738/2503/15 4739/2506/1558
f 2084/3109/1945 3271/3106/15 3270/2500/15 1098/2505/1557
f 2731/4442/2742 3272/4443/15 3271/3106/15 2084/3109/1945
f 1418/4907/3037 3273/4908/15 3272/4443/15 2731/4442/2742
f 3274/1431/15 4954/1430/15 4955/1493/915 639/1492/914
f 3275/1427/15 3692/1426/15 3693/1489/913 637/1488/911
f 4965/1423/15 3275/1422/15 637/1485/911 4964/1484/910
f 2728/4437/2740 3277/4436/15 3276/4901/15 1421/4902/3036
f 2081/3112/1947 3278/3115/15 3277/4436/15 2728/4437/2740
f 3279/2518/15 3278/3115/15 2081/3112/1947 1101/2513/1561
f 4749/2519/15 3279/2518/15 1101/2513/1561 4748/2512/1560
f 3705/1435/15 3280/1434/15 638/1497/918 3704/1496/917
f 3294/5332/10 3282/2504/10 4740/2507/10 4741/5333/10
f 3295/5334/10 3283/3108/10 3282/2504/10 3294/5332/10
f 3296/5335/10 3284/4441/10 3283/3108/10 3295/5334/10
f 3297/5336/10 3285/4906/10 3284/4441/10 3296/5335/10
f 3286/1495/916 4956/1494/10 4957/5337/10 3298/5338/916
f 3287/1491/912 3694/1490/8 3695/5339/8 3299/5340/912
f 4963/1487/5 3287/1486/912 3299/5341/912 4962/5342/5
f 3301/5343/5 3289/4438/5 3288/4903/5 3300/5344/5
f 3302/5345/5 3290/3113/5 3289/4438/5 3301/5343/5
f 3291/2514/5 3290/3113/5 3302/5345/5 3303/5346/5
f 4747/2515/5 3291/2514/5 3303/5346/5 4746/5347/5
f 3703/1499/4 3292/1498/919 3304/5348/3306 3702/5349/4
f 1099/5350/3307 3294/5332/10 4741/5333/10 4742/5351/3307
f 2083/5352/3307 3295/5334/10 3294/5332/10 1099/5350/3307
f 2730/5353/3307 3296/5335/10 3295/5334/10 2083/5352/3307
f 1419/5354/3307 3297/5336/10 3296/5335/10 2730/5353/3307
f 3298/5338/916 4957/5337/10 4958/5355/3307 655/5356/3308
f 3299/5340/912 3695/5339/8 3696/59/32 653/58/31
f 4962/5342/5 3299/5341/912 653/58/31 4961/57/30
f 2729/4439/2741 3301/5343/5 3300/5344/5 1420/4904/1946
f 2082/3110/1946 3302/5345/5 3301/5343/5 2729/4439/2741
f 3303/5346/5 3302/5345/5 2082/3110/1946 1100/2509/1559
f 4746/5347/5 3303/5346/5 1100/2509/1559 4745/2508/30
f 3702/5349/4 3304/5348/3306 654/5357/3309 3701/5358/3310
f 1096/2497/1553 3306/5359/15 4733/5360/15 4734/2498/1554
f 2086/3105/1943 3307/5361/15 3306/5359/15 1096/2497/1553
f 2733/4446/2744 3308/5362/15 3307/5361/15 2086/3105/1943
f 1416/4911/3039 3309/5363/15 3308/5362/15 2733/4446/2744
f 3310/5364/15 4949/5365/15 4950/1365/846 607/1364/845
f 3311/5366/15 3687/5367/15 3688/1361/844 605/1360/842
f 4970/5368/15 3311/5369/15 605/1357/842 4969/1356/841
f 2726/4433/2738 3313/5370/15 3312/5371/15 1423/4898/3034
f 2079/3116/1949 3314/5372/15 3313/5370/15 2726/4433/2738
f 3315/5373/15 3314/5372/15 2079/3116/1949 1103/2521/1565
f 4754/5374/15 3315/5373/15 1103/2521/1565 4753/2520/1564
f 3710/5375/15 3316/5376/15 606/1369/849 3709/1368/848
f 3317/5377/4 620/1412/877 4857/1415/879 4858/5378/4
f 2963/2009/1243 3319/5379/4 3318/5380/4 869/5079/3157
f 3320/5381/4 3319/5379/4 2963/2009/1243 2409/2008/1242
f 3321/5382/4 3320/5381/4 2409/2008/1242 1840/4806/2970
f 619/4014/2453 3322/5383/4 4168/5384/4 4167/4015/2454
f 3323/5385/4 3764/5386/4 3661/1409/875 617/1408/874
f 3323/5387/4 617/3989/874 4146/3992/2442 4145/5388/4
f 2402/1986/1231 3325/5389/4 3324/5390/4 1833/4794/2965
f 2970/1985/1230 3326/5391/4 3325/5389/4 2402/1986/1231
f 862/5092/3162 3327/5392/4 3326/5391/4 2970/1985/1230
f 618/1405/872 3328/5393/4 4835/5394/4 4836/1406/873
f 3685/5395/4 3328/5396/4 618/1417/872 3684/1416/880
f 3329/1413/878 3341/5397/878 4855/5398/10 4856/1414/10
f 3343/5399/10 3331/2010/10 3330/5080/10 3342/5400/10
f 3332/2011/10 3331/2010/10 3343/5399/10 3344/5401/10
f 3333/4807/10 3332/2011/10 3344/5401/10 3345/5402/10
f 3346/5403/2452 3334/4013/2452 4166/4016/10 4165/5404/10
f 3335/1411/876 3662/1410/15 3663/5405/15 3347/5406/876
f 3335/3990/876 3347/5407/876 4148/5408/5 4147/3991/5
f 3349/5409/5 3337/1987/5 3336/4795/5 3348/5410/5
f 3350/5411/5 3338/1984/5 3337/1987/5 3349/5409/5
f 3351/5412/5 3339/5091/5 3338/1984/5 3350/5411/5
f 3352/5413/871 3340/1404/871 4837/1407/5 4838/5414/5
f 3683/1419/13 3340/1418/871 3352/5415/871 3682/5416/13
f 3341/5397/878 636/1476/907 4854/1479/908 4855/5398/10
f 2964/2005/1241 3343/5399/10 3342/5400/10 868/5081/3158
f 3344/5401/10 3343/5399/10 2964/2005/1241 2408/2004/1240
f 3345/5402/10 3344/5401/10 2408/2004/1240 1839/4804/2969
f 635/4010/2450 3346/5403/2452 4165/5404/10 4164/4011/2451
f 3347/5406/876 3663/5405/15 3664/1473/906 633/1472/905
f 3347/5407/876 633/3993/905 4149/3996/2443 4148/5408/5
f 2403/1990/1233 3349/5409/5 3348/5410/5 1834/4796/2966
f 2969/1989/1232 3350/5411/5 3349/5409/5 2403/1990/1233
f 863/5090/3161 3351/5412/5 3350/5411/5 2969/1989/1232
f 634/1469/903 3352/5413/871 4838/5414/5 4839/1470/904
f 3682/5416/13 3352/5415/871 634/1481/903 3681/1480/909
f 3353/1477/4 3365/5417/4 4852/5418/4 4853/1478/4
f 3367/5419/4 3355/2006/4 3354/5082/4 3366/5420/4
f 3356/2007/4 3355/2006/4 3367/5419/4 3368/5421/4
f 3357/4805/4 3356/2007/4 3368/5421/4 3369/5422/4
f 3370/5423/4 3358/4009/4 4163/4012/4 4162/5424/4
f 3359/1475/4 3665/1474/4 3666/5425/4 3371/5426/4
f 3359/3994/4 3371/5427/4 4151/5428/4 4150/3995/4
f 3373/5429/4 3361/1991/4 3360/4797/4 3372/5430/4
f 3374/5431/4 3362/1988/4 3361/1991/4 3373/5429/4
f 3375/5432/4 3363/5089/4 3362/1988/4 3374/5431/4
f 3376/5433/4 3364/1468/4 4840/1471/4 4841/5434/4
f 3680/1483/4 3364/1482/4 3376/5435/4 3679/5436/4
f 3365/5417/4 652/1540/946 4851/1543/948 4852/5418/4
f 2965/2001/1239 3367/5419/4 3366/5420/4 867/5083/3159
f 3368/5421/4 3367/5419/4 2965/2001/1239 2407/2000/1238
f 3369/5422/4 3368/5421/4 2407/2000/1238 1838/4802/2968
f 651/4006/2448 3370/5423/4 4162/5424/4 4161/4007/2449
f 3371/5426/4 3666/5425/4 3667/1537/944 649/1536/943
f 3371/5427/4 649/3997/943 4152/4000/2444 4151/5428/4
f 2404/1994/1235 3373/5429/4 3372/5430/4 1835/4798/2967
f 2968/1993/1234 3374/5431/4 3373/5429/4 2404/1994/1235
f 864/5088/3160 3375/5432/4 3374/5431/4 2968/1993/1234
f 650/1533/941 3376/5433/4 4841/5434/4 4842/1534/942
f 3679/5436/4 3376/5435/4 650/1545/941 3678/1544/949
f 3377/1541/947 3389/5437/947 4849/5438/10 4850/1542/10
f 3391/5439/10 3379/2002/10 3378/5084/10 3390/5440/10
f 3380/2003/10 3379/2002/10 3391/5439/10 3392/5441/10
f 3381/4803/10 3380/2003/10 3392/5441/10 3393/5442/10
f 3394/5443/2447 3382/4005/2447 4160/4008/10 4159/5444/10
f 3383/1539/945 3668/1538/15 3669/5445/15 3395/5446/945
f 3383/3998/945 3395/5447/945 4154/5448/5 4153/3999/5
f 3397/5449/5 3385/1995/5 3384/4799/5 3396/5450/5
f 3398/5451/5 3386/1992/5 3385/1995/5 3397/5449/5
f 3399/5452/5 3387/5087/5 3386/1992/5 3398/5451/5
f 3400/5453/940 3388/1532/940 4843/1535/5 4844/5454/5
f 3677/1547/13 3388/1546/940 3400/5455/940 3676/5456/13
f 3389/5437/947 668/5457/3311 4848/5458/3312 4849/5438/10
f 2966/5459/3312 3391/5439/10 3390/5440/10 866/5460/3312
f 3392/5441/10 3391/5439/10 2966/5459/3312 2406/5461/3312
f 3393/5442/10 3392/5441/10 2406/5461/3312 1837/5462/3312
f 667/5463/3313 3394/5443/2447 4159/5444/10 4158/5464/3312
f 3395/5446/945 3669/5445/15 3670/4002/2446 665/4001/2445
f 3395/5447/945 665/4001/2445 4155/4004/1236 4154/5448/5
f 2405/1998/1237 3397/5449/5 3396/5450/5 1836/4800/1237
f 2967/1997/1236 3398/5451/5 3397/5449/5 2405/1998/1237
f 865/5086/1236 3399/5452/5 3398/5451/5 2967/1997/1236
f 666/70/39 3400/5453/940 4844/5454/5 4845/71/40
f 3676/5456/13 3400/5455/940 666/70/39 3675/69/38
f 3402/1399/10 4260/1398/10 4261/5465/10 3414/5466/10
f 3415/5467/10 3403/4328/10 3402/1399/10 3414/5466/10
f 3416/5468/10 3404/3279/10 3403/4328/10 3415/5467/10
f 3405/3280/10 3404/3279/10 3416/5468/10 3417/5469/10
f 3406/2731/1698 4497/2730/10 4498/5470/10 3418/5471/1698
f 3407/1395/865 3740/1394/4 3741/5472/4 3419/5473/3314
f 4515/5474/5 4516/2704/5 3407/2707/865 3419/5475/3314
f 3421/5476/5 3409/3253/5 3408/3256/5 3420/5477/5
f 3422/5478/5 3410/4339/5 3409/3253/5 3421/5476/5
f 3423/5479/5 3411/1390/5 3410/4339/5 3422/5478/5
f 4279/1391/5 3411/1390/5 3423/5479/5 4278/5480/5
f 3761/1400/8 3412/1403/870 3424/5481/870 3760/5482/8
f 3414/5466/10 4261/5465/10 4262/1461/900 1507/1460/899
f 2640/4329/2683 3415/5467/10 3414/5466/10 1507/1460/899
f 1994/3274/2042 3416/5468/10 3415/5467/10 2640/4329/2683
f 3417/5469/10 3416/5468/10 1994/3274/2042 1187/3273/2041
f 3418/5471/1698 4498/5470/10 4499/2725/1695 631/2724/1694
f 3419/5473/3314 3741/5472/4 3742/1457/898 629/1456/897
f 4514/2709/1687 4515/5474/5 3419/5475/3314 629/2710/897
f 1999/3258/2034 3421/5476/5 3420/5477/5 1182/3259/2035
f 2645/4338/2686 3422/5478/5 3421/5476/5 1999/3258/2034
f 1502/1453/896 3423/5479/5 3422/5478/5 2645/4338/2686
f 4278/5480/5 3423/5479/5 1502/1453/896 4277/1452/895
f 3760/5482/8 3424/5481/870 630/1465/902 3759/1464/901
f 3426/1463/13 4263/1462/13 4264/5483/13 3438/5484/13
f 3439/5485/13 3427/4330/13 3426/1463/13 3438/5484/13
f 3440/5486/13 3428/3275/13 3427/4330/13 3439/5485/13
f 3429/3276/13 3428/3275/13 3440/5486/13 3441/5487/13
f 3430/2727/13 4500/2726/13 4501/5488/13 3442/5489/13
f 3431/1459/13 3743/1458/13 3744/5490/13 3443/5491/13
f 4512/5492/13 4513/2708/13 3431/2711/13 3443/5493/13
f 3445/5494/13 3433/3257/13 3432/3260/13 3444/5495/13
f 3446/5496/13 3434/4337/13 3433/3257/13 3445/5494/13
f 3447/5497/13 3435/1454/13 3434/4337/13 3446/5496/13
f 4276/1455/13 3435/1454/13 3447/5497/13 4275/5498/13
f 3758/1467/13 3436/1466/13 3448/5499/13 3757/5500/13
f 3438/5484/13 4264/5483/13 4265/1525/936 1506/1524/935
f 2641/4331/2684 3439/5485/13 3438/5484/13 1506/1524/935
f 1995/3270/2040 3440/5486/13 3439/5485/13 2641/4331/2684
f 3441/5487/13 3440/5486/13 1995/3270/2040 1186/3269/2039
f 3442/5489/13 4501/5488/13 4502/2721/1692 647/2720/1691
f 3443/5491/13 3744/5490/13 3745/1521/933 645/1520/932
f 4511/2713/1688 4512/5492/13 3443/5493/13 645/2714/932
f 1998/3262/2036 3445/5494/13 3444/5495/13 1183/3263/2037
f 2644/4336/2685 3446/5496/13 3445/5494/13 1998/3262/2036
f 1503/1517/931 3447/5497/13 3446/5496/13 2644/4336/2685
f 4275/5498/13 3447/5497/13 1503/1517/931 4274/1516/930
f 3757/5500/13 3448/5499/13 646/1529/938 3756/1528/937
f 3450/1527/10 4266/1526/10 4267/5501/10 3462/5502/10
f 3463/5503/10 3451/4332/10 3450/1527/10 3462/5502/10
f 3464/5504/10 3452/3271/10 3451/4332/10 3463/5503/10
f 3453/3272/10 3452/3271/10 3464/5504/10 3465/5505/10
f 3454/2723/1693 4503/2722/10 4504/5506/10 3466/5507/1693
f 3455/1523/934 3746/1522/4 3747/5508/4 3467/5509/934
f 4509/5510/5 4510/2712/5 3455/2715/934 3467/5511/934
f 3469/5512/5 3457/3261/5 3456/3264/5 3468/5513/5
f 3470/5514/5 3458/4335/5 3457/3261/5 3469/5512/5
f 3471/5515/5 3459/1518/5 3458/4335/5 3470/5514/5
f 4273/1519/5 3459/1518/5 3471/5515/5 4272/5516/5
f 3755/1531/8 3460/1530/939 3472/5517/3315 3754/5518/8
f 3462/5502/10 4267/5501/10 4268/5519/3316 1505/5520/3316
f 2642/5521/3316 3463/5503/10 3462/5502/10 1505/5520/3316
f 1996/5522/3316 3464/5504/10 3463/5503/10 2642/5521/3316
f 3465/5505/10 3464/5504/10 1996/5522/3316 1185/5523/3316
f 3466/5507/1693 4504/5506/10 4505/5524/3316 663/5525/3317
f 3467/5509/934 3747/5508/4 3748/2719/1690 661/2718/1689
f 4508/2717/36 4509/5510/5 3467/5511/934 661/2718/1689
f 1997/3266/36 3469/5512/5 3468/5513/5 1184/3267/2038
f 2643/4334/36 3470/5514/5 3469/5512/5 1997/3266/36
f 1504/66/37 3471/5515/5 3470/5514/5 2643/4334/36
f 4272/5516/5 3471/5515/5 1504/66/37 4271/65/36
f 3754/5518/8 3472/5517/3315 662/5526/3318 3753/5527/3319
f 3473/3789/2341 3485/5528/2341 4402/5529/10 4403/3790/10
f 3487/5530/10 3475/1783/10 3474/4694/10 3486/5531/10
f 3488/5532/10 3476/1780/10 3475/1783/10 3487/5530/10
f 3489/5533/10 3477/5192/10 3476/1780/10 3488/5532/10
f 3490/5534/851 3478/1372/851 4640/1375/10 4639/5535/10
f 3479/1387/858 3714/1386/13 3715/5536/13 3491/5537/858
f 3479/1381/858 3491/5538/858 4622/5539/5 4621/1382/5
f 3493/5540/5 3481/1806/5 3480/5181/5 3492/5541/5
f 3482/1807/5 3481/1806/5 3493/5540/5 3494/5542/5
f 3483/4706/5 3482/1807/5 3494/5542/5 3495/5543/5
f 3496/5544/856 3484/3812/856 4384/3815/5 4385/5545/5
f 3735/1379/15 3484/1378/856 3496/5546/856 3734/5547/15
f 3485/5528/2341 626/3792/2343 4401/3795/2344 4402/5529/10
f 2316/1786/1107 3487/5530/10 3486/5531/10 1748/4695/2900
f 3057/1785/1106 3488/5532/10 3487/5530/10 2316/1786/1107
f 779/5191/3226 3489/5533/10 3488/5532/10 3057/1785/1106
f 625/1437/888 3490/5534/851 4639/5535/10 4638/1438/889
f 3491/5537/858 3715/5536/13 3716/1449/894 628/1448/892
f 3491/5538/858 628/1444/892 4623/1447/893 4622/5539/5
f 3052/1801/1114 3493/5540/5 3492/5541/5 784/5182/3222
f 3494/5542/5 3493/5540/5 3052/1801/1114 2321/1800/1113
f 3495/5543/5 3494/5542/5 2321/1800/1113 1753/4703/2903
f 627/3809/891 3496/5544/856 4385/5545/5 4386/3810/2351
f 3734/5547/15 3496/5546/856 627/1441/891 3733/1440/890
f 3497/3797/2346 3521/5548/2346 4396/5549/10 4397/3798/10
f 3523/5550/10 3499/1791/10 3498/4698/10 3522/5551/10
f 3524/5552/10 3500/1788/10 3499/1791/10 3523/5550/10
f 3525/5553/10 3501/5188/10 3500/1788/10 3524/5552/10
f 3526/5554/920 3502/1500/920 4634/1503/10 4633/5555/10
f 3503/1515/927 3720/1514/13 3721/5556/13 3527/5557/927
f 3503/1509/927 3527/5558/927 4628/5559/5 4627/1510/5
f 3529/5560/5 3505/1798/5 3504/5185/5 3528/5561/5
f 3506/1799/5 3505/1798/5 3529/5560/5 3530/5562/5
f 3507/4702/5 3506/1799/5 3530/5562/5 3531/5563/5
f 3532/5564/925 3508/3804/925 4390/3807/5 4391/5565/5
f 3729/1507/15 3508/1506/925 3532/5566/925 3728/5567/15
f 3509/5568/8 642/3796/2345 4398/3799/2347 4399/5569/8
f 2317/1790/1109 3511/5570/8 3510/5571/8 1749/4697/2901
f 3056/1789/1108 3512/5572/8 3511/5570/8 2317/1790/1109
f 780/5189/3225 3513/5573/8 3512/5572/8 3056/1789/1108
f 641/1501/921 3514/5574/8 4636/5575/8 4635/1502/922
f 3515/5576/8 3718/5577/8 3719/1513/929 644/1512/926
f 3515/5578/8 644/1508/926 4626/1511/928 4625/5579/8
f 3053/1797/1112 3517/5580/8 3516/5581/8 783/5184/3223
f 3518/5582/8 3517/5580/8 3053/1797/1112 2320/1796/1111
f 3519/5583/8 3518/5582/8 2320/1796/1111 1752/4701/2902
f 643/3805/924 3520/5584/8 4388/5585/8 4389/3806/2350
f 3731/5586/8 3520/5587/8 643/1505/924 3730/1504/923
f 3521/5548/2346 658/5588/3320 4395/5589/3321 4396/5549/10
f 2318/5590/3321 3523/5550/10 3522/5551/10 1750/5591/3321
f 3055/5592/3321 3524/5552/10 3523/5550/10 2318/5590/3321
f 781/5593/3321 3525/5553/10 3524/5552/10 3055/5592/3321
f 657/5594/3322 3526/5554/920 4633/5555/10 4632/5595/3321
f 3527/5557/927 3721/5556/13 3722/62/34 660/61/33
f 3527/5558/927 660/61/33 4629/64/35 4628/5559/5
f 3054/1792/1110 3529/5560/5 3528/5561/5 782/5186/3224
f 3530/5562/5 3529/5560/5 3054/1792/1110 2319/1795/35
f 3531/5563/5 3530/5562/5 2319/1795/35 1751/4700/35
f 659/3801/2349 3532/5564/925 4391/5565/5 4392/3802/1110
f 3728/5567/15 3532/5566/925 659/3801/2349 3727/3800/2348
f 3533/3793/8 3509/5568/8 4399/5569/8 4400/3794/8
f 3511/5570/8 3535/1787/8 3534/4696/8 3510/5571/8
f 3512/5572/8 3536/1784/8 3535/1787/8 3511/5570/8
f 3513/5573/8 3537/5190/8 3536/1784/8 3512/5572/8
f 3514/5574/8 3538/1436/8 4637/1439/8 4636/5575/8
f 3539/1451/8 3717/1450/8 3718/5577/8 3515/5576/8
f 3539/1445/8 3515/5578/8 4625/5579/8 4624/1446/8
f 3517/5580/8 3541/1802/8 3540/5183/8 3516/5581/8
f 3542/1803/8 3541/1802/8 3517/5580/8 3518/5582/8
f 3543/4704/8 3542/1803/8 3518/5582/8 3519/5583/8
f 3520/5584/8 3544/3808/8 4387/3811/8 4388/5585/8
f 3732/1443/8 3544/1442/8 3520/5587/8 3731/5586/8
f 3545/5596/8 610/3788/2340 4404/3791/2342 4405/5597/8
f 2315/1782/1105 3547/5598/8 3546/5599/8 1747/4693/2899
f 3058/1781/1104 3548/5600/8 3547/5598/8 2315/1782/1105
f 778/5193/3227 3549/5601/8 3548/5600/8 3058/1781/1104
f 609/1373/852 3550/5602/8 4642/5603/8 4641/1374/853
f 3551/5604/8 3712/5605/8 3713/1385/860 612/1384/857
f 3551/5606/8 612/1380/857 4620/1383/859 4619/5607/8
f 3051/1805/1116 3553/5608/8 3552/5609/8 785/5180/3221
f 3554/5610/8 3553/5608/8 3051/1805/1116 2322/1804/1115
f 3555/5611/8 3554/5610/8 2322/1804/1115 1754/4705/2904
f 611/3813/855 3556/5612/8 4382/5613/8 4383/3814/2352
f 3737/5614/8 3556/5615/8 611/1377/855 3736/1376/854
f 16/5616/2455 3558/5617/839 3790/5618/13 3791/5619/13
f 3812/5620/4 3797/5621/4 3558/5622/839 16/5623/2455
f 3560/5624/3323 3559/5625/4 3322/5626/4 619/5627/2453
f 3561/5628/15 3560/5624/3323 619/5627/2453 3334/5629/2452
f 3562/5630/15 3561/5628/15 3334/5629/2452 3346/5631/2452
f 3563/5632/3324 3562/5630/15 3346/5631/2452 635/5633/2450
f 3564/5634/4 3563/5632/3324 635/5633/2450 3358/5635/4
f 3565/5636/4 3564/5634/4 3358/5635/4 3370/5637/4
f 3566/5638/3325 3565/5636/4 3370/5637/4 651/5639/2448
f 3567/5640/15 3566/5638/3325 651/5639/2448 3382/5641/2447
f 3568/5642/15 3567/5640/15 3382/5641/2447 3394/5643/2447
f 3569/5644/2446 3568/5642/15 3394/5643/2447 667/5463/3313
f 3569/5644/2446 667/5463/3313 4158/5464/3312 4157/5645/4
f 2406/5461/3312 3571/5646/4 3570/5647/4 1837/5462/3312
f 2966/5459/3312 3572/5648/4 3571/5646/4 2406/5461/3312
f 866/5460/3312 3573/5649/4 3572/5648/4 2966/5459/3312
f 668/5457/3311 3574/5650/38 4847/5651/4 4848/5458/3312
f 3389/5652/947 3575/5653/13 3574/5650/38 668/5457/3311
f 3377/5654/947 3576/5655/13 3575/5653/13 3389/5652/947
f 652/5656/946 3577/5657/3326 3576/5655/13 3377/5654/947
f 3365/5658/4 3578/5659/4 3577/5657/3326 652/5656/946
f 3353/5660/4 3579/5661/4 3578/5659/4 3365/5658/4
f 636/5662/907 3580/5663/3327 3579/5661/4 3353/5660/4
f 3341/5664/878 3581/5665/13 3580/5663/3327 636/5662/907
f 3329/5666/878 3582/5667/13 3581/5665/13 3341/5664/878
f 620/5668/877 3583/5669/3328 3582/5667/13 3329/5666/878
f 3317/5670/4 3584/5671/4 3583/5669/3328 620/5668/877
f 13/5672/120 3585/5673/835 3806/5674/4 3807/5675/4
f 3828/5676/15 3813/5677/15 3585/5678/835 13/5679/120
f 3587/5680/3329 3586/5681/15 3310/5682/15 607/5683/845
f 3588/5684/8 3587/5680/3329 607/5683/845 3250/5685/847
f 3589/5686/8 3588/5684/8 3250/5685/847 3262/5687/847
f 3590/5688/3330 3589/5686/8 3262/5687/847 623/5689/884
f 3591/5690/15 3590/5688/3330 623/5689/884 3274/5691/15
f 3592/5692/3331 3591/5690/15 3274/5691/15 639/5693/914
f 3593/5694/8 3592/5692/3331 639/5693/914 3286/5695/916
f 3594/5696/8 3593/5694/8 3286/5695/916 3298/5697/916
f 3595/5698/32 3594/5696/8 3298/5697/916 655/5356/3308
f 4959/5699/15 3595/5698/32 655/5356/3308 4958/5355/3307
f 2730/5353/3307 3597/5700/15 3596/5701/15 1419/5354/3307
f 2083/5352/3307 3598/5702/15 3597/5700/15 2730/5353/3307
f 3599/5703/15 3598/5702/15 2083/5352/3307 1099/5350/3307
f 4743/5704/15 3599/5703/15 1099/5350/3307 4742/5351/3307
f 3293/5705/3332 3601/5706/4 3600/5707/3310 656/5708/3333
f 3281/5709/3332 3602/5710/4 3601/5706/4 3293/5705/3332
f 640/5711/3334 3603/5712/3335 3602/5710/4 3281/5709/3332
f 3269/5713/15 3604/5714/15 3603/5712/3335 640/5711/3334
f 624/5715/3336 3605/5716/3337 3604/5714/15 3269/5713/15
f 3257/5717/3338 3606/5718/4 3605/5716/3337 624/5715/3336
f 3245/5719/3338 3607/5720/4 3606/5718/4 3257/5717/3338
f 608/5721/3339 3608/5722/3340 3607/5720/4 3245/5719/3338
f 3305/5723/15 3609/5724/15 3608/5722/3340 608/5721/3339
f 14/5725/121 3610/5726/836 3822/5727/15 3823/5728/15
f 3770/5729/8 3610/5730/836 14/5731/121 3769/5732/8
f 3612/5733/3341 3611/5734/8 3550/5735/8 609/5736/852
f 3613/5737/13 3612/5733/3341 609/5736/852 3478/5738/851
f 3614/5739/13 3613/5737/13 3478/5738/851 3490/5740/851
f 3615/5741/3342 3614/5739/13 3490/5740/851 625/5742/888
f 3616/5743/8 3615/5741/3342 625/5742/888 3538/5744/8
f 3617/5745/8 3616/5743/8 3538/5744/8 3514/5746/8
f 3618/5747/3343 3617/5745/8 3514/5746/8 641/5748/921
f 3619/5749/13 3618/5747/3343 641/5748/921 3502/5750/920
f 3620/5751/13 3619/5749/13 3502/5750/920 3526/5752/920
f 3621/5753/3344 3620/5751/13 3526/5752/920 657/5594/3322
f 3621/5753/3344 657/5594/3322 4632/5595/3321 4631/5754/8
f 3623/5755/8 3622/5756/8 781/5593/3321 3055/5592/3321
f 3624/5757/8 3623/5755/8 3055/5592/3321 2318/5590/3321
f 3625/5758/8 3624/5757/8 2318/5590/3321 1750/5591/3321
f 658/5588/3320 3626/5759/3345 4394/5760/8 4395/5589/3321
f 3521/5548/2346 3627/5761/15 3626/5759/3345 658/5588/3320
f 3497/5762/2346 3628/5763/15 3627/5761/15 3521/5548/2346
f 642/5764/2345 3629/5765/3346 3628/5763/15 3497/5762/2346
f 3509/5766/8 3630/5767/8 3629/5765/3346 642/5764/2345
f 3533/5768/8 3631/5769/8 3630/5767/8 3509/5766/8
f 626/5770/2343 3632/5771/3347 3631/5769/8 3533/5768/8
f 3485/5772/2341 3633/5773/15 3632/5771/3347 626/5770/2343
f 3473/5774/2341 3634/5775/15 3633/5773/15 3485/5772/2341
f 610/5776/2340 3635/5777/3348 3634/5775/15 3473/5774/2341
f 3545/5778/8 3636/5779/8 3635/5777/3348 610/5776/2340
f 15/5780/1699 3637/5781/3349 3779/5782/8 3780/5783/8
f 3796/5784/13 3781/5785/13 3637/5786/3349 15/5787/1699
f 3639/5788/4 3638/5789/3350 615/5790/1696 3406/5791/1698
f 3640/5792/4 3639/5788/4 3406/5791/1698 3418/5793/1698
f 3641/5794/3351 3640/5792/4 3418/5793/1698 631/5795/1694
f 3642/5796/13 3641/5794/3351 631/5795/1694 3430/5797/13
f 3643/5798/13 3642/5796/13 3430/5797/13 3442/5799/13
f 3644/5800/3352 3643/5798/13 3442/5799/13 647/5801/1691
f 3645/5802/4 3644/5800/3352 647/5801/1691 3454/5803/1693
f 3646/5804/4 3645/5802/4 3454/5803/1693 3466/5805/1693
f 3647/5806/1690 3646/5804/4 3466/5805/1693 663/5525/3317
f 4505/5524/3316 4506/5807/13 3647/5806/1690 663/5525/3317
f 1996/5522/3316 3649/5808/13 3648/5809/13 1185/5523/3316
f 2642/5521/3316 3650/5810/13 3649/5808/13 1996/5522/3316
f 1505/5520/3316 3651/5811/13 3650/5810/13 2642/5521/3316
f 4269/5812/13 3651/5811/13 1505/5520/3316 4268/5519/3316
f 3461/5813/3353 3653/5814/8 3652/5815/3319 664/5816/3354
f 3449/5817/3353 3654/5818/8 3653/5814/8 3461/5813/3353
f 648/5819/3355 3655/5820/3356 3654/5818/8 3449/5817/3353
f 3437/5821/13 3656/5822/13 3655/5820/3356 648/5819/3355
f 3425/5823/13 3657/5824/13 3656/5822/13 3437/5821/13
f 632/5825/3357 3658/5826/3358 3657/5824/13 3425/5823/13
f 3413/5827/3359 3659/5828/8 3658/5826/3358 632/5825/3357
f 3401/5829/3359 3660/5830/8 3659/5828/8 3413/5827/3359
f 616/5831/3360 3557/5832/3361 3660/5830/8 3401/5829/3359
f 3661/1409/875 3560/5624/3323 3561/5628/15 3662/1410/15
f 3663/5405/15 3662/1410/15 3561/5628/15 3562/5630/15
f 3664/1473/906 3663/5405/15 3562/5630/15 3563/5632/3324
f 3665/1474/4 3664/1473/906 3563/5632/3324 3564/5634/4
f 3666/5425/4 3665/1474/4 3564/5634/4 3565/5636/4
f 3667/1537/944 3666/5425/4 3565/5636/4 3566/5638/3325
f 3668/1538/15 3667/1537/944 3566/5638/3325 3567/5640/15
f 3669/5445/15 3668/1538/15 3567/5640/15 3568/5642/15
f 3670/4002/2446 3669/5445/15 3568/5642/15 3569/5644/2446
f 3670/4002/2446 3569/5644/2446 4157/5645/4 4156/4003/4
f 3571/5646/4 3672/1999/4 3671/4801/4 3570/5647/4
f 3572/5648/4 3673/1996/4 3672/1999/4 3571/5646/4
f 3573/5649/4 3674/5085/4 3673/1996/4 3572/5648/4
f 3574/5650/38 3675/69/38 4846/72/4 4847/5651/4
f 3575/5653/13 3676/5456/13 3675/69/38 3574/5650/38
f 3576/5655/13 3677/1547/13 3676/5456/13 3575/5653/13
f 3577/5657/3326 3678/1544/949 3677/1547/13 3576/5655/13
f 3578/5659/4 3679/5436/4 3678/1544/949 3577/5657/3326
f 3579/5661/4 3680/1483/4 3679/5436/4 3578/5659/4
f 3580/5663/3327 3681/1480/909 3680/1483/4 3579/5661/4
f 3581/5665/13 3682/5416/13 3681/1480/909 3580/5663/3327
f 3582/5667/13 3683/1419/13 3682/5416/13 3581/5665/13
f 3583/5669/3328 3684/1416/880 3683/1419/13 3582/5667/13
f 3584/5671/4 3685/5395/4 3684/1416/880 3583/5669/3328
f 3585/5673/835 3686/1352/835 3805/1355/4 3806/5674/4
f 3814/1312/15 3686/1311/835 3585/5678/835 3813/5677/15
f 3688/1361/844 3687/5367/15 3586/5681/15 3587/5680/3329
f 3689/1362/8 3688/1361/844 3587/5680/3329 3588/5684/8
f 3690/5321/8 3689/1362/8 3588/5684/8 3589/5686/8
f 3691/1425/883 3690/5321/8 3589/5686/8 3590/5688/3330
f 3692/1426/15 3691/1425/883 3590/5688/3330 3591/5690/15
f 3693/1489/913 3692/1426/15 3591/5690/15 3592/5692/3331
f 3694/1490/8 3693/1489/913 3592/5692/3331 3593/5694/8
f 3695/5339/8 3694/1490/8 3593/5694/8 3594/5696/8
f 3696/59/32 3695/5339/8 3594/5696/8 3595/5698/32
f 4960/60/15 3696/59/32 3595/5698/32 4959/5699/15
f 3597/5700/15 3698/4440/15 3697/4905/15 3596/5701/15
f 3598/5702/15 3699/3111/15 3698/4440/15 3597/5700/15
f 3700/2510/15 3699/3111/15 3598/5702/15 3599/5703/15
f 4744/2511/15 3700/2510/15 3599/5703/15 4743/5704/15
f 3601/5706/4 3702/5349/4 3701/5358/3310 3600/5707/3310
f 3602/5710/4 3703/1499/4 3702/5349/4 3601/5706/4
f 3603/5712/3335 3704/1496/917 3703/1499/4 3602/5710/4
f 3604/5714/15 3705/1435/15 3704/1496/917 3603/5712/3335
f 3605/5716/3337 3706/1432/886 3705/1435/15 3604/5714/15
f 3606/5718/4 3707/5331/4 3706/1432/886 3605/5716/3337
f 3607/5720/4 3708/1371/4 3707/5331/4 3606/5718/4
f 3608/5722/3340 3709/1368/848 3708/1371/4 3607/5720/4
f 3609/5724/15 3710/5375/15 3709/1368/848 3608/5722/3340
f 3610/5726/836 3711/1316/836 3821/1319/15 3822/5727/15
f 3771/1330/8 3711/1329/836 3610/5730/836 3770/5729/8
f 3713/1385/860 3712/5605/8 3611/5734/8 3612/5733/3341
f 3714/1386/13 3713/1385/860 3612/5733/3341 3613/5737/13
f 3715/5536/13 3714/1386/13 3613/5737/13 3614/5739/13
f 3716/1449/894 3715/5536/13 3614/5739/13 3615/5741/3342
f 3717/1450/8 3716/1449/894 3615/5741/3342 3616/5743/8
f 3718/5577/8 3717/1450/8 3616/5743/8 3617/5745/8
f 3719/1513/929 3718/5577/8 3617/5745/8 3618/5747/3343
f 3720/1514/13 3719/1513/929 3618/5747/3343 3619/5749/13
f 3721/5556/13 3720/1514/13 3619/5749/13 3620/5751/13
f 3722/62/34 3721/5556/13 3620/5751/13 3621/5753/3344
f 3722/62/34 3621/5753/3344 4631/5754/8 4630/63/8
f 3724/1793/8 3723/5187/8 3622/5756/8 3623/5755/8
f 3725/1794/8 3724/1793/8 3623/5755/8 3624/5757/8
f 3726/4699/8 3725/1794/8 3624/5757/8 3625/5758/8
f 3626/5759/3345 3727/3800/2348 4393/3803/8 4394/5760/8
f 3627/5761/15 3728/5567/15 3727/3800/2348 3626/5759/3345
f 3628/5763/15 3729/1507/15 3728/5567/15 3627/5761/15
f 3629/5765/3346 3730/1504/923 3729/1507/15 3628/5763/15
f 3630/5767/8 3731/5586/8 3730/1504/923 3629/5765/3346
f 3631/5769/8 3732/1443/8 3731/5586/8 3630/5767/8
f 3632/5771/3347 3733/1440/890 3732/1443/8 3631/5769/8
f 3633/5773/15 3734/5547/15 3733/1440/890 3632/5771/3347
f 3634/5775/15 3735/1379/15 3734/5547/15 3633/5773/15
f 3635/5777/3348 3736/1376/854 3735/1379/15 3634/5775/15
f 3636/5779/8 3737/5614/8 3736/1376/854 3635/5777/3348
f 3637/5781/3349 3738/1322/837 3778/1325/8 3779/5782/8
f 3782/1336/13 3738/1335/837 3637/5786/3349 3781/5785/13
f 3740/1394/4 3739/1393/864 3638/5789/3350 3639/5788/4
f 3741/5472/4 3740/1394/4 3639/5788/4 3640/5792/4
f 3742/1457/898 3741/5472/4 3640/5792/4 3641/5794/3351
f 3743/1458/13 3742/1457/898 3641/5794/3351 3642/5796/13
f 3744/5490/13 3743/1458/13 3642/5796/13 3643/5798/13
f 3745/1521/933 3744/5490/13 3643/5798/13 3644/5800/3352
f 3746/1522/4 3745/1521/933 3644/5800/3352 3645/5802/4
f 3747/5508/4 3746/1522/4 3645/5802/4 3646/5804/4
f 3748/2719/1690 3747/5508/4 3646/5804/4 3647/5806/1690
f 4506/5807/13 4507/2716/13 3748/2719/1690 3647/5806/1690
f 3649/5808/13 3750/3265/13 3749/3268/13 3648/5809/13
f 3650/5810/13 3751/4333/13 3750/3265/13 3649/5808/13
f 3651/5811/13 3752/67/13 3751/4333/13 3650/5810/13
f 4270/68/13 3752/67/13 3651/5811/13 4269/5812/13
f 3653/5814/8 3754/5518/8 3753/5527/3319 3652/5815/3319
f 3654/5818/8 3755/1531/8 3754/5518/8 3653/5814/8
f 3655/5820/3356 3756/1528/937 3755/1531/8 3654/5818/8
f 3656/5822/13 3757/5500/13 3756/1528/937 3655/5820/3356
f 3657/5824/13 3758/1467/13 3757/5500/13 3656/5822/13
f 3658/5826/3358 3759/1464/901 3758/1467/13 3657/5824/13
f 3659/5828/8 3760/5482/8 3759/1464/901 3658/5826/3358
f 3660/5830/8 3761/1400/8 3760/5482/8 3659/5828/8
f 3660/5830/8 3557/5832/3361 3762/1401/868 3761/1400/8
f 3558/5617/839 3763/1340/839 3789/1343/13 3790/5618/13
f 3798/1348/4 3763/1347/839 3558/5622/839 3797/5621/4
f 3661/1409/875 3764/5386/4 3559/5625/4 3560/5624/3323
f 3547/5598/8 3766/1779/8 3765/4692/8 3546/5599/8
f 3548/5600/8 3767/1778/8 3766/1779/8 3547/5598/8
f 3549/5601/8 3768/5194/8 3767/1778/8 3548/5600/8
f 3550/5602/8 3769/1320/8 4643/1321/8 4642/5603/8
f 3611/5734/8 3770/5729/8 3769/5732/8 3550/5735/8
f 3712/5605/8 3771/1330/8 3770/5729/8 3611/5734/8
f 3772/1331/8 3771/1330/8 3712/5605/8 3551/5604/8
f 3772/1326/8 3551/5606/8 4619/5607/8 4618/1327/8
f 3553/5608/8 3774/1810/8 3773/5179/8 3552/5609/8
f 3775/1811/8 3774/1810/8 3553/5608/8 3554/5610/8
f 3776/4708/8 3775/1811/8 3554/5610/8 3555/5611/8
f 3556/5612/8 3777/3816/8 4381/3819/8 4382/5613/8
f 3778/1325/8 3777/1324/8 3556/5615/8 3737/5614/8
f 3779/5782/8 3778/1325/8 3737/5614/8 3636/5779/8
f 3780/5783/8 3779/5782/8 3636/5779/8 3545/5778/8
f 3780/3786/8 3545/5596/8 4405/5597/8 4406/3787/8
f 3739/1393/864 3782/1336/13 3781/5785/13 3638/5789/3350
f 3783/1337/13 3782/1336/13 3739/1393/864 613/1392/863
f 4517/2705/1686 4518/2702/13 3783/2703/13 613/2706/863
f 2000/3254/2032 3785/3251/13 3784/3252/13 1181/3255/2033
f 2646/4340/2032 3786/4341/13 3785/3251/13 2000/3254/2032
f 1501/1389/862 3787/1332/13 3786/4341/13 2646/4340/2032
f 4281/1333/13 3787/1332/13 1501/1389/862 4280/1388/861
f 3789/1343/13 3788/1342/13 614/1402/869 3762/1401/868
f 3790/5618/13 3789/1343/13 3762/1401/868 3557/5832/3361
f 3791/5619/13 3790/5618/13 3557/5832/3361 616/5831/3360
f 3792/1339/13 4258/1338/13 4259/1397/867 1508/1396/866
f 2639/4327/2044 3793/4326/13 3792/1339/13 1508/1396/866
f 1993/3278/2044 3794/3283/13 3793/4326/13 2639/4327/2044
f 3795/3284/13 3794/3283/13 1993/3278/2044 1188/3277/2043
f 3796/2735/13 4495/2734/13 4496/2729/1697 615/2728/1696
f 3638/5789/3350 3781/5785/13 3796/5784/13 615/5790/1696
f 3764/5386/4 3798/1348/4 3797/5621/4 3559/5625/4
f 3799/1349/4 3798/1348/4 3764/5386/4 3323/5385/4
f 3799/3987/4 3323/5387/4 4145/5388/4 4144/3988/4
f 3325/5389/4 3801/1983/4 3800/4793/4 3324/5390/4
f 3326/5391/4 3802/1982/4 3801/1983/4 3325/5389/4
f 3327/5392/4 3803/5093/4 3802/1982/4 3326/5391/4
f 3328/5393/4 3804/1344/4 4834/1345/4 4835/5394/4
f 3805/1355/4 3804/1354/4 3328/5396/4 3685/5395/4
f 3806/5674/4 3805/1355/4 3685/5395/4 3584/5671/4
f 3807/5675/4 3806/5674/4 3584/5671/4 3317/5670/4
f 3807/1350/4 3317/5377/4 4858/5378/4 4859/1351/4
f 3319/5379/4 3809/2014/4 3808/5078/4 3318/5380/4
f 3810/2015/4 3809/2014/4 3319/5379/4 3320/5381/4
f 3811/4809/4 3810/2015/4 3320/5381/4 3321/5382/4
f 3322/5383/4 3812/4017/4 4169/4020/4 4168/5384/4
f 3559/5625/4 3797/5621/4 3812/5620/4 3322/5626/4
f 3687/5367/15 3814/1312/15 3813/5677/15 3586/5681/15
f 3815/1313/15 3814/1312/15 3687/5367/15 3311/5366/15
f 4971/1309/15 3815/1308/15 3311/5369/15 4970/5368/15
f 3313/5370/15 3817/4432/15 3816/4897/15 3312/5371/15
f 3314/5372/15 3818/3119/15 3817/4432/15 3313/5370/15
f 3819/2526/15 3818/3119/15 3314/5372/15 3315/5373/15
f 4755/2527/15 3819/2526/15 3315/5373/15 4754/5374/15
f 3821/1319/15 3820/1318/15 3316/5376/15 3710/5375/15
f 3822/5727/15 3821/1319/15 3710/5375/15 3609/5724/15
f 3823/5728/15 3822/5727/15 3609/5724/15 3305/5723/15
f 3306/5359/15 3824/2494/15 4732/2495/15 4733/5360/15
f 3307/5361/15 3825/3103/15 3824/2494/15 3306/5359/15
f 3308/5362/15 3826/4447/15 3825/3103/15 3307/5361/15
f 3309/5363/15 3827/4912/15 3826/4447/15 3308/5362/15
f 3828/1315/15 4948/1314/15 4949/5365/15 3310/5364/15
f 3586/5681/15 3813/5677/15 3828/5676/15 3310/5682/15
f 3829/5833/2385 83/5834/3362 4103/5835/3363 4102/5836/4
f 2370/5837/3364 3831/5838/4 3830/5839/4 1801/5840/3365
f 3002/5841/1234 3832/5842/4 3831/5838/4 2370/5837/3364
f 830/5843/3366 3833/5844/4 3832/5842/4 3002/5841/1234
f 84/5845/3367 3834/5846/1 4792/5847/4 4793/5848/3368
f 4777/5849/15 3834/5850/1 84/5851/3367 4776/5852/3369
f 2694/5853/1956 3836/5854/15 3835/5855/15 1455/5856/3370
f 2047/5857/3371 3837/5858/15 3836/5854/15 2694/5853/1956
f 3838/5859/15 3837/5858/15 2047/5857/3371 1135/5860/3372
f 4561/5861/15 3838/5859/15 1135/5860/3372 4560/5862/3373
f 3839/5863/7 85/5864/3374 4577/5865/3375 4576/5866/8
f 3841/5867/8 3840/5868/8 817/5869/3376 3019/5870/3377
f 3842/5871/8 3841/5867/8 3019/5870/3377 2354/5872/3378
f 3843/5873/8 3842/5871/8 2354/5872/3378 1786/5874/3379
f 86/5875/3380 3844/5876/1629 4339/5877/8 4340/5878/3381
f 4323/5879/3382 4324/5880/13 3844/5881/1629 86/5882/3380
f 2032/5883/3383 3846/5884/13 3845/5885/13 1149/5886/3384
f 2678/5887/2019 3847/5888/13 3846/5884/13 2032/5883/3383
f 1469/5889/3385 3848/5890/13 3847/5888/13 2678/5887/2019
f 4087/5891/13 3848/5890/13 1469/5889/3385 4086/5892/3386
f 3849/3914/2385 3829/5833/2385 4102/5836/4 4101/3915/4
f 3831/5838/4 3851/1911/4 3850/4757/4 3830/5839/4
f 3832/5842/4 3852/1908/4 3851/1911/4 3831/5838/4
f 3833/5844/4 3853/5129/4 3852/1908/4 3832/5842/4
f 3834/5846/1 3854/1/1 4791/4/4 4792/5847/4
f 4778/24/15 3854/23/1 3834/5850/1 4777/5849/15
f 3836/5854/15 3856/4396/15 3855/4861/15 3835/5855/15
f 3837/5858/15 3857/3155/15 3856/4396/15 3836/5854/15
f 3858/2598/15 3857/3155/15 3837/5858/15 3838/5859/15
f 4562/2599/15 3858/2598/15 3838/5859/15 4561/5861/15
f 3859/10/7 3839/5863/7 4576/5866/8 4575/11/8
f 3861/1881/8 3860/5143/8 3840/5868/8 3841/5867/8
f 3862/1882/8 3861/1881/8 3841/5867/8 3842/5871/8
f 3863/4743/8 3862/1882/8 3842/5871/8 3843/5873/8
f 3844/5876/1629 3864/3888/1626 4338/3890/8 4339/5877/8
f 4324/5880/13 4325/2628/13 3864/2631/1626 3844/5881/1629
f 3846/5884/13 3866/3177/13 3865/3180/13 3845/5885/13
f 3847/5888/13 3867/4377/13 3866/3177/13 3846/5884/13
f 3848/5890/13 3868/19/13 3867/4377/13 3847/5888/13
f 4088/20/13 3868/19/13 3848/5890/13 4087/5891/13
f 3870/5893/5 4085/5894/5 4086/5892/3386 1469/5889/3385
f 2678/5887/2019 3871/5895/5 3870/5893/5 1469/5889/3385
f 2032/5883/3383 3872/5896/5 3871/5895/5 2678/5887/2019
f 3873/5897/5 3872/5896/5 2032/5883/3383 1149/5886/3384
f 3874/5898/5 4322/5899/5 4323/5879/3382 86/5882/3380
f 3874/5900/5 86/5875/3380 4340/5878/3381 4341/5901/5
f 2354/5872/3378 3876/5902/5 3875/5903/5 1786/5874/3379
f 3019/5870/3377 3877/5904/5 3876/5902/5 2354/5872/3378
f 817/5869/3376 3878/5905/5 3877/5904/5 3019/5870/3377
f 85/5864/3374 3879/5906/5 4578/5907/5 4577/5865/3375
f 1135/5860/3372 3880/5908/5 4559/5909/5 4560/5862/3373
f 2047/5857/3371 3881/5910/5 3880/5908/5 1135/5860/3372
f 2694/5853/1956 3882/5911/5 3881/5910/5 2047/5857/3371
f 1455/5856/3370 3883/5912/5 3882/5911/5 2694/5853/1956
f 3884/5913/5 4775/5914/5 4776/5852/3369 84/5851/3367
f 3884/5915/5 84/5845/3367 4793/5848/3368 4794/5916/5
f 3002/5841/1234 3886/5917/5 3885/5918/5 830/5843/3366
f 3887/5919/5 3886/5917/5 3002/5841/1234 2370/5837/3364
f 3888/5920/5 3887/5919/5 2370/5837/3364 1801/5840/3365
f 83/5834/3362 3869/5921/5 4104/5922/5 4103/5835/3363
f 3890/248/5 4084/247/5 4085/5894/5 3870/5893/5
f 3871/5895/5 3891/4376/5 3890/248/5 3870/5893/5
f 3872/5896/5 3892/3183/5 3891/4376/5 3871/5895/5
f 3893/3184/5 3892/3183/5 3872/5896/5 3873/5897/5
f 3894/2635/5 4321/2634/5 4322/5899/5 3874/5898/5
f 3894/3886/5 3874/5900/5 4341/5901/5 4342/3887/5
f 3876/5902/5 3896/1879/5 3895/4742/5 3875/5903/5
f 3877/5904/5 3897/1878/5 3896/1879/5 3876/5902/5
f 3878/5905/5 3898/5144/5 3897/1878/5 3877/5904/5
f 3879/5906/5 3899/239/5 4579/242/5 4578/5907/5
f 3880/5908/5 3900/2594/5 4558/2595/5 4559/5909/5
f 3881/5910/5 3901/3153/5 3900/2594/5 3880/5908/5
f 3882/5911/5 3902/4397/5 3901/3153/5 3881/5910/5
f 3883/5912/5 3903/4862/5 3902/4397/5 3882/5911/5
f 3904/253/5 4774/252/5 4775/5914/5 3884/5913/5
f 3904/236/5 3884/5915/5 4794/5916/5 4795/237/5
f 3886/5917/5 3906/1914/5 3905/5128/5 3885/5918/5
f 3907/1915/5 3906/1914/5 3886/5917/5 3887/5919/5
f 3908/4759/5 3907/1915/5 3887/5919/5 3888/5920/5
f 3869/5921/5 3889/3917/5 4105/3920/5 4104/5922/5
f 3909/3921/2385 136/3923/2388 4108/3926/2391 4107/3922/4
f 2372/1918/1177 3911/1917/4 3910/4760/4 1803/4761/2937
f 3000/1921/1177 3912/1916/4 3911/1917/4 2372/1918/1177
f 832/5125/3190 3913/5126/4 3912/1916/4 3000/1921/1177
f 143/303/143 3914/350/1 4797/351/4 4798/304/144
f 4772/353/15 3914/352/1 143/318/143 4771/321/159
f 2696/4400/1619 3916/4399/15 3915/4864/15 1453/4865/3006
f 2049/3150/159 3917/3152/15 3916/4399/15 2696/4400/1619
f 3918/2592/15 3917/3152/15 2049/3150/159 1133/2588/1618
f 4556/2593/15 3918/2592/15 1133/2588/1618 4555/2589/1619
f 3919/354/7 151/334/166 4582/337/169 4581/355/8
f 3921/1875/8 3920/5146/8 815/5147/3195 3021/1872/1168
f 3922/1876/8 3921/1875/8 3021/1872/1168 2352/1873/1168
f 3923/4740/8 3922/1876/8 2352/1873/1168 1784/4739/2932
f 159/3880/1632 3924/3882/1629 4344/3885/8 4345/3881/2380
f 4318/2639/1631 4319/2636/13 3924/2637/1629 159/2640/1632
f 2030/3188/140 3926/3185/13 3925/3186/13 1151/3189/1980
f 2676/4373/2709 3927/4374/13 3926/3185/13 2030/3188/140
f 1471/301/141 3928/356/13 3927/4374/13 2676/4373/2709
f 4082/357/13 3928/356/13 1471/301/141 4081/300/140
f 3929/5923/2385 72/5924/3387 4119/5925/3388 4118/5926/4
f 2381/5927/3389 3931/5928/4 3930/5929/4 1812/5930/3390
f 2991/5931/3391 3932/5932/4 3931/5928/4 2381/5927/3389
f 841/5933/3392 3933/5934/4 3932/5932/4 2991/5931/3391
f 69/5935/3393 3934/5936/1 4808/5937/4 4809/5938/3394
f 4761/5939/15 3934/5940/1 69/5941/3393 4760/5942/3395
f 2705/5943/3396 3936/5944/15 3935/5945/15 1444/5946/3397
f 2058/5947/3398 3937/5948/15 3936/5944/15 2705/5943/3396
f 3938/5949/15 3937/5948/15 2058/5947/3398 1124/5950/3399
f 4545/5951/15 3938/5949/15 1124/5950/3399 4544/5952/3400
f 3939/5953/7 70/5954/3401 4593/5955/3402 4592/5956/8
f 3941/5957/8 3940/5958/8 806/5959/3403 3030/5960/3404
f 3942/5961/8 3941/5957/8 3030/5960/3404 2343/5962/3405
f 3943/5963/8 3942/5961/8 2343/5962/3405 1775/5964/3406
f 71/5965/3407 3944/5966/1629 4355/5967/8 4356/5968/3408
f 4307/5969/3409 4308/5970/13 3944/5971/1629 71/5972/3407
f 2021/5973/3410 3946/5974/13 3945/5975/13 1160/5976/3411
f 2667/5977/3412 3947/5978/13 3946/5974/13 2021/5973/3410
f 1480/5979/3413 3948/5980/13 3947/5978/13 2667/5977/3412
f 4071/5981/13 3948/5980/13 1480/5979/3413 4070/5982/3414
f 3949/3941/2385 3929/5923/2385 4118/5926/4 4117/3942/4
f 3931/5928/4 3951/1937/4 3950/4770/4 3930/5929/4
f 3932/5932/4 3952/1936/4 3951/1937/4 3931/5928/4
f 3933/5934/4 3953/5116/4 3952/1936/4 3932/5932/4
f 3934/5936/1 3954/37/1 4807/40/4 4808/5937/4
f 4762/28/15 3954/27/1 3934/5940/1 4761/5939/15
f 3936/5944/15 3956/4409/15 3955/4874/15 3935/5945/15
f 3937/5948/15 3957/3142/15 3956/4409/15 3936/5944/15
f 3958/2572/15 3957/3142/15 3937/5948/15 3938/5949/15
f 4546/2573/15 3958/2572/15 3938/5949/15 4545/5951/15
f 3959/30/7 3939/5953/7 4592/5956/8 4591/31/8
f 3961/1855/8 3960/5156/8 3940/5958/8 3941/5957/8
f 3962/1856/8 3961/1855/8 3941/5957/8 3942/5961/8
f 3963/4730/8 3962/1856/8 3942/5961/8 3943/5963/8
f 3944/5966/1629 3964/3862/1629 4354/3865/8 4355/5967/8
f 4308/5970/13 4309/2656/13 3964/2657/1629 3944/5971/1629
f 3946/5974/13 3966/3205/13 3965/3206/13 3945/5975/13
f 3947/5978/13 3967/4364/13 3966/3205/13 3946/5974/13
f 3948/5980/13 3968/35/13 3967/4364/13 3947/5978/13
f 4072/36/13 3968/35/13 3948/5980/13 4071/5981/13
f 3970/221/5 4069/220/5 4070/5982/3414 1480/5979/3413
f 2667/5977/3412 3971/4363/5 3970/221/5 1480/5979/3413
f 2021/5973/3410 3972/3209/5 3971/4363/5 2667/5977/3412
f 3973/3210/5 3972/3209/5 2021/5973/3410 1160/5976/3411
f 3974/2661/5 4306/2660/5 4307/5969/3409 71/5972/3407
f 3974/3860/5 71/5965/3407 4356/5968/3408 4357/3861/5
f 2343/5962/3405 3976/1853/5 3975/4729/5 1775/5964/3406
f 3030/5960/3404 3977/1852/5 3976/1853/5 2343/5962/3405
f 806/5959/3403 3978/5157/5 3977/1852/5 3030/5960/3404
f 70/5954/3401 3979/214/5 4594/217/5 4593/5955/3402
f 1124/5950/3399 3980/2568/5 4543/2569/5 4544/5952/3400
f 2058/5947/3398 3981/3140/5 3980/2568/5 1124/5950/3399
f 2705/5943/3396 3982/4410/5 3981/3140/5 2058/5947/3398
f 1444/5946/3397 3983/4875/5 3982/4410/5 2705/5943/3396
f 3984/213/5 4995/212/5 4760/5942/3395 69/5941/3393
f 3984/223/5 69/5935/3393 4809/5938/3394 4810/224/5
f 2991/5931/3391 3986/1940/5 3985/5115/5 841/5933/3392
f 3987/1941/5 3986/1940/5 2991/5931/3391 2381/5927/3389
f 3988/4772/5 3987/1941/5 2381/5927/3389 1812/5930/3390
f 72/5924/3387 3969/3943/5 4120/3946/5 4119/5925/3388
f 3989/3981/2385 48/5983/3415 4140/5984/3416 4139/3982/4
f 2400/5985/3417 3991/1977/4 3990/4790/4 1831/5986/3418
f 2972/5987/3141 3992/1976/4 3991/1977/4 2400/5985/3417
f 860/5988/3419 3993/5096/4 3992/1976/4 2972/5987/3141
f 45/5989/3420 3994/53/1 4829/56/4 4830/5990/3421
f 4976/44/15 3994/43/1 45/5991/3420 4975/5992/3422
f 2724/5993/3423 3996/4429/15 3995/4894/15 1425/5994/3424
f 2077/5995/3425 3997/3122/15 3996/4429/15 2724/5993/3423
f 3998/2532/15 3997/3122/15 2077/5995/3425 1105/5996/3426
f 4524/2533/15 3998/2532/15 1105/5996/3426 4523/5997/3427
f 3999/46/7 46/5998/3428 4614/5999/3429 4613/47/8
f 4001/1815/8 4000/5176/8 787/6000/3430 3049/6001/3431
f 4002/1816/8 4001/1815/8 3049/6001/3431 2324/6002/3432
f 4003/4710/8 4002/1816/8 2324/6002/3432 1756/6003/3433
f 47/6004/3434 4004/3822/1684 4376/3825/8 4377/6005/3435
f 4286/6006/3436 4287/2696/13 4004/2697/1684 47/6007/3434
f 2002/6008/3437 4006/3245/13 4005/3246/13 1179/6009/3438
f 2648/6010/3439 4007/4344/13 4006/3245/13 2002/6008/3437
f 1499/6011/3440 4008/51/13 4007/4344/13 2648/6010/3439
f 4050/52/13 4008/51/13 1499/6011/3440 4049/6012/3441
f 4010/6013/5 4284/6014/5 4049/6012/3441 1499/6011/3440
f 2648/6010/3439 4011/6015/5 4010/6013/5 1499/6011/3440
f 2002/6008/3437 4012/6016/5 4011/6015/5 2648/6010/3439
f 4013/6017/5 4012/6016/5 2002/6008/3437 1179/6009/3438
f 4014/6018/5 4521/6019/5 4286/6006/3436 47/6007/3434
f 4014/6020/5 47/6004/3434 4377/6005/3435 4378/6021/5
f 2324/6002/3432 4016/6022/5 4015/6023/5 1756/6003/3433
f 3049/6001/3431 4017/6024/5 4016/6022/5 2324/6002/3432
f 787/6000/3430 4018/6025/5 4017/6024/5 3049/6001/3431
f 46/5998/3428 4019/6026/5 4615/6027/5 4614/5999/3429
f 1105/5996/3426 4020/6028/5 4758/6029/5 4523/5997/3427
f 2077/5995/3425 4021/6030/5 4020/6028/5 1105/5996/3426
f 2724/5993/3423 4022/6031/5 4021/6030/5 2077/5995/3425
f 1425/5994/3424 4023/6032/5 4022/6031/5 2724/5993/3423
f 4024/6033/5 4974/6034/5 4975/5992/3422 45/5991/3420
f 4024/6035/5 45/5989/3420 4830/5990/3421 4831/6036/5
f 2972/5987/3141 4026/6037/5 4025/6038/5 860/5988/3419
f 4027/6039/5 4026/6037/5 2972/5987/3141 2400/5985/3417
f 4028/6040/5 4027/6039/5 2400/5985/3417 1831/5986/3418
f 48/5983/3415 4009/6041/5 4141/6042/5 4140/5984/3416
f 4030/183/5 4283/182/5 4284/6014/5 4010/6013/5
f 4011/6015/5 4031/4343/5 4030/183/5 4010/6013/5
f 4012/6016/5 4032/3249/5 4031/4343/5 4011/6015/5
f 4033/3250/5 4032/3249/5 4012/6016/5 4013/6017/5
f 4034/2701/5 4520/2700/5 4521/6019/5 4014/6018/5
f 4034/3820/5 4014/6020/5 4378/6021/5 4379/3821/5
f 4016/6022/5 4036/1813/5 4035/4709/5 4015/6023/5
f 4017/6024/5 4037/1812/5 4036/1813/5 4016/6022/5
f 4018/6025/5 4038/5177/5 4037/1812/5 4017/6024/5
f 4019/6026/5 4039/176/5 4616/179/5 4615/6027/5
f 4020/6028/5 4040/2528/5 4757/2529/5 4758/6029/5
f 4021/6030/5 4041/3120/5 4040/2528/5 4020/6028/5
f 4022/6031/5 4042/4430/5 4041/3120/5 4021/6030/5
f 4023/6032/5 4043/4895/5 4042/4430/5 4022/6031/5
f 4044/175/5 4973/174/5 4974/6034/5 4024/6033/5
f 4044/185/5 4024/6035/5 4831/6036/5 4832/186/5
f 4026/6037/5 4046/1980/5 4045/5095/5 4025/6038/5
f 4047/1981/5 4046/1980/5 4026/6037/5 4027/6039/5
f 4048/4792/5 4047/1981/5 4027/6039/5 4028/6040/5
f 4009/6041/5 4029/3983/5 4142/3986/5 4141/6042/5
f 1884/4852/3003 1883/4851/1288 4212/4104/2521 4213/4106/2523
f 4211/4102/2511 4212/4104/2521 1883/4851/1288 1882/4850/3002
f 1882/4850/3002 1881/4849/2991 4210/4100/2498 4211/4102/2511
f 1881/4849/2991 1880/4848/2990 4209/4098/2496 4210/4100/2498
f 1880/4848/2990 1879/4847/3001 4208/4096/2494 4209/4098/2496
f 1879/4847/3001 1878/4846/2988 4207/4094/2492 4208/4096/2494
f 1878/4846/2988 1877/4845/2987 4206/4092/2505 4207/4094/2492
f 1877/4845/2987 1876/4844/3000 4205/4090/2515 4206/4092/2505
f 1876/4844/3000 1875/4843/2999 4204/4088/2513 4205/4090/2515
f 4203/4086/2511 4204/4088/2513 1875/4843/2999 1874/4842/2998
f 1874/4842/2998 1873/4841/2997 4202/4084/2509 4203/4086/2511
f 1873/4841/2997 1872/4840/2990 4201/4082/2508 4202/4084/2509
f 1872/4840/2990 1871/4839/2989 4200/4080/2494 4201/4082/2508
f 1871/4839/2989 1870/4838/2996 4199/4078/2492 4200/4080/2494
f 1870/4838/2996 1869/4837/2995 4198/4076/2505 4199/4078/2492
f 1869/4837/2995 1868/4836/2994 4197/4074/2504 4198/4076/2505
f 1868/4836/2994 1867/4835/2993 4196/4072/2502 4197/4074/2504
f 4195/4070/2500 4196/4072/2502 1867/4835/2993 1866/4834/2992
f 1866/4834/2992 1865/4833/2991 4194/4068/2498 4195/4070/2500
f 1865/4833/2991 1864/4832/2990 4193/4066/2496 4194/4068/2498
f 1864/4832/2990 1863/4831/2989 4192/4064/2494 4193/4066/2496
f 1863/4831/2989 1862/4830/2988 4191/4062/2492 4192/4064/2494
f 1862/4830/2988 1861/4829/2987 4190/4060/2490 4191/4062/2492
f 1861/4829/2987 1860/4828/2986 4189/4058/2488 4190/4060/2490
f 1860/4828/2986 1859/4827/2985 4188/4056/2486 4189/4058/2488
f 4187/4054/2484 4188/4056/2486 1859/4827/2985 1858/4826/2984
f 1858/4826/2984 1857/4825/2983 4186/4052/2482 4187/4054/2484
f 1857/4825/2983 1856/4824/2982 4185/4050/2480 4186/4052/2482
f 1856/4824/2982 1855/4823/2981 4184/4048/2478 4185/4050/2480
f 1855/4823/2981 1854/4822/2980 4183/4046/2476 4184/4048/2478
f 1854/4822/2980 1853/4821/2979 4182/4044/2474 4183/4046/2476
f 1853/4821/2979 1852/4820/2978 4181/4042/2472 4182/4044/2474
f 1852/4820/2978 1851/4819/2977 4180/4040/2470 4181/4042/2472
f 1851/4819/2977 1850/4818/2976 4179/4038/2468 4180/4040/2470
f 1850/4818/2976 1849/4817/2975 4178/4036/2466 4179/4038/2468
f 1849/4817/2975 1848/4816/2974 4177/4034/2464 4178/4036/2466
f 1848/4816/2974 1847/4815/2973 4176/4032/2462 4177/4034/2464
f 1847/4815/2973 1846/4814/2972 4175/4030/2460 4176/4032/2462
f 1846/4814/2972 1845/4813/2456 4174/4028/2458 4175/4030/2460
f 1845/4813/2456 1844/4812/10 4173/4026/10 4174/4028/2458
f 1844/4812/10 1843/4811/10 4172/4024/10 4173/4026/10
f 1843/4811/10 1842/4810/10 4171/4022/10 4172/4024/10
f 1842/4810/10 1841/4808/2971 4170/4019/2456 4171/4022/10
f 4169/4020/4 4170/4019/2456 1841/4808/2971 3811/4809/4
f 4168/5384/4 4169/4020/4 3811/4809/4 3321/5382/4
f 4167/4015/2454 4168/5384/4 3321/5382/4 1840/4806/2970
f 4166/4016/10 4167/4015/2454 1840/4806/2970 3333/4807/10
f 4165/5404/10 4166/4016/10 3333/4807/10 3345/5402/10
f 4164/4011/2451 4165/5404/10 3345/5402/10 1839/4804/2969
f 4163/4012/4 4164/4011/2451 1839/4804/2969 3357/4805/4
f 4162/5424/4 4163/4012/4 3357/4805/4 3369/5422/4
f 4161/4007/2449 4162/5424/4 3369/5422/4 1838/4802/2968
f 4160/4008/10 4161/4007/2449 1838/4802/2968 3381/4803/10
f 4159/5444/10 4160/4008/10 3381/4803/10 3393/5442/10
f 4158/5464/3312 4159/5444/10 3393/5442/10 1837/5462/3312
f 1837/5462/3312 3570/5647/4 4157/5645/4 4158/5464/3312
f 3570/5647/4 3671/4801/4 4156/4003/4 4157/5645/4
f 3671/4801/4 1836/4800/1237 4155/4004/1236 4156/4003/4
f 1836/4800/1237 3396/5450/5 4154/5448/5 4155/4004/1236
f 3396/5450/5 3384/4799/5 4153/3999/5 4154/5448/5
f 3384/4799/5 1835/4798/2967 4152/4000/2444 4153/3999/5
f 1835/4798/2967 3372/5430/4 4151/5428/4 4152/4000/2444
f 3372/5430/4 3360/4797/4 4150/3995/4 4151/5428/4
f 3360/4797/4 1834/4796/2966 4149/3996/2443 4150/3995/4
f 1834/4796/2966 3348/5410/5 4148/5408/5 4149/3996/2443
f 3348/5410/5 3336/4795/5 4147/3991/5 4148/5408/5
f 3336/4795/5 1833/4794/2965 4146/3992/2442 4147/3991/5
f 1833/4794/2965 3324/5390/4 4145/5388/4 4146/3992/2442
f 3324/5390/4 3800/4793/4 4144/3988/4 4145/5388/4
f 3800/4793/4 1832/4791/2964 4143/3985/2441 4144/3988/4
f 4142/3986/5 4143/3985/2441 1832/4791/2964 4048/4792/5
f 4141/6042/5 4142/3986/5 4048/4792/5 4028/6040/5
f 4140/5984/3416 4141/6042/5 4028/6040/5 1831/5986/3418
f 1831/5986/3418 3990/4790/4 4139/3982/4 4140/5984/3416
f 3990/4790/4 1830/4789/2963 4138/3980/2440 4139/3982/4
f 4137/3978/2438 4138/3980/2440 1830/4789/2963 1829/4788/2962
f 1829/4788/2962 1828/4787/2961 4136/3976/2436 4137/3978/2438
f 1828/4787/2961 1827/4786/2960 4135/3974/2434 4136/3976/2436
f 1827/4786/2960 1826/4785/2959 4134/3972/2432 4135/3974/2434
f 1826/4785/2959 1825/4784/2958 4133/3970/2430 4134/3972/2432
f 1825/4784/2958 1824/4783/2957 4132/3968/2428 4133/3970/2430
f 1824/4783/2957 1823/4782/2956 4131/3966/2426 4132/3968/2428
f 1823/4782/2956 1822/4781/2955 4130/3964/2424 4131/3966/2426
f 1822/4781/2955 1821/4780/2954 4129/3962/2422 4130/3964/2424
f 1821/4780/2954 1820/4779/2953 4128/3960/2420 4129/3962/2422
f 1820/4779/2953 1819/4778/2952 4127/3958/2418 4128/3960/2420
f 1819/4778/2952 1818/4777/2951 4126/3956/2416 4127/3958/2418
f 1818/4777/2951 1817/4776/2950 4125/3954/2414 4126/3956/2416
f 1817/4776/2950 1816/4775/2949 4124/3952/2412 4125/3954/2414
f 1816/4775/2949 1815/4774/2948 4123/3950/2410 4124/3952/2412
f 1815/4774/2948 1814/4773/2947 4122/3948/2408 4123/3950/2410
f 4121/3945/2406 4122/3948/2408 1814/4773/2947 1813/4771/2946
f 4120/3946/5 4121/3945/2406 1813/4771/2946 3988/4772/5
f 4119/5925/3388 4120/3946/5 3988/4772/5 1812/5930/3390
f 1812/5930/3390 3930/5929/4 4118/5926/4 4119/5925/3388
f 3930/5929/4 3950/4770/4 4117/3942/4 4118/5926/4
f 3950/4770/4 1811/4769/2945 4116/3940/2404 4117/3942/4
f 4115/3938/29 4116/3940/2404 1811/4769/2945 1810/4768/2944
f 4114/3936/2401 4115/3938/29 1810/4768/2944 1809/4767/2943
f 4113/3934/2399 4114/3936/2401 1809/4767/2943 1808/4766/2942
f 4112/3932/2397 4113/3934/2399 1808/4766/2942 1807/4765/2941
f 4111/3930/2395 4112/3932/2397 1807/4765/2941 1806/4764/2940
f 4110/3928/2393 4111/3930/2395 1806/4764/2940 1805/4763/2939
f 4109/3925/2390 4110/3928/2393 1805/4763/2939 1804/4762/2938
f 4108/3926/2391 4109/3925/2390 1804/4762/2938 1803/4761/2937
f 1803/4761/2937 3910/4760/4 4107/3922/4 4108/3926/2391
f 3910/4760/4 1802/4758/2936 4106/3919/2387 4107/3922/4
f 4105/3920/5 4106/3919/2387 1802/4758/2936 3908/4759/5
f 4104/5922/5 4105/3920/5 3908/4759/5 3888/5920/5
f 4103/5835/3363 4104/5922/5 3888/5920/5 1801/5840/3365
f 1801/5840/3365 3830/5839/4 4102/5836/4 4103/5835/3363
f 3830/5839/4 3850/4757/4 4101/3915/4 4102/5836/4
f 3850/4757/4 1800/4756/2935 4100/3916/2384 4101/3915/4
f 1800/4755/2935 1799/4754/10 4099/3910/10 4100/3912/2384
f 1799/4754/10 1798/4753/10 4098/3908/10 4099/3910/10
f 1798/4753/10 1797/4752/10 4097/3906/10 4098/3908/10
f 1797/4752/10 1796/4751/10 4096/3903/10 4097/3906/10
f 1796/4751/10 1795/4750/10 4095/3904/10 4096/3903/10
f 3989/6043/2385 4050/52/13 4049/6012/3441 48/6044/3415
f 44/6045/2439 4051/49/27 4050/52/13 3989/6043/2385
f 4052/199/102 4051/49/27 44/6045/2439 60/6046/2437
f 4053/461/270 4052/199/102 60/6046/2437 214/6047/2435
f 4054/459/268 4053/461/270 214/6047/2435 215/6048/2433
f 4055/457/266 4054/459/268 215/6048/2433 216/6049/2431
f 4056/455/264 4055/457/266 216/6049/2431 217/6050/2429
f 4057/453/262 4056/455/264 217/6050/2429 218/6051/2427
f 4058/450/259 4057/453/262 218/6051/2427 219/6052/2425
f 4059/451/260 4058/450/259 219/6052/2425 220/6053/2423
f 212/6054/2421 4060/477/286 4059/451/260 220/6053/2423
f 4061/475/284 4060/477/286 212/6054/2421 211/6055/2419
f 4062/473/282 4061/475/284 211/6055/2419 210/6056/2417
f 4063/471/280 4062/473/282 210/6056/2417 209/6057/2415
f 4064/469/278 4063/471/280 209/6057/2415 208/6058/2413
f 4065/467/276 4064/469/278 208/6058/2413 207/6059/2411
f 4066/464/273 4065/467/276 207/6059/2411 206/6060/2409
f 4067/465/274 4066/464/273 206/6060/2409 213/6061/2407
f 4068/219/110 4067/465/274 213/6061/2407 56/6062/2405
f 4069/220/5 4068/219/110 56/6062/2405 3969/6063/5
f 4070/5982/3414 4069/220/5 3969/6063/5 72/6064/3387
f 3929/6065/2385 4071/5981/13 4070/5982/3414 72/6064/3387
f 3949/6066/2385 4072/36/13 4071/5981/13 3929/6065/2385
f 65/6067/2403 4073/33/20 4072/36/13 3949/6066/2385
f 4074/286/126 4073/33/20 65/6067/2403 135/6068/2402
f 135/6068/2402 134/6069/2400 4075/287/127 4074/286/126
f 134/6069/2400 133/6070/2398 4076/290/130 4075/287/127
f 133/6070/2398 132/6071/2396 4077/292/132 4076/290/130
f 132/6071/2396 131/6072/2394 4078/294/134 4077/292/132
f 131/6072/2394 130/6073/2392 4079/296/136 4078/294/134
f 130/6073/2392 129/6074/2389 4080/298/138 4079/296/136
f 129/6074/2389 136/6075/2388 4081/300/140 4080/298/138
f 3909/6076/2385 4082/357/13 4081/300/140 136/6075/2388
f 75/6077/2386 4083/246/117 4082/357/13 3909/6076/2385
f 4084/247/5 4083/246/117 75/6077/2386 3889/6078/5
f 4085/5894/5 4084/247/5 3889/6078/5 3869/6079/5
f 4086/5892/3386 4085/5894/5 3869/6079/5 83/6080/3362
f 3829/6081/2385 4087/5891/13 4086/5892/3386 83/6080/3362
f 3849/6082/2385 4088/20/13 4087/5891/13 3829/6081/2385
f 82/6083/2383 4089/17/11 4088/20/13 3849/6082/2385
f 74/3909/10 4090/231/10 4089/244/11 82/3911/2383
f 62/3907/10 4091/208/10 4090/231/10 74/3909/10
f 50/3905/10 4092/193/10 4091/208/10 62/3907/10
f 38/3902/10 4093/170/10 4092/193/10 50/3905/10
f 2/3901/10 4094/167/10 4093/170/10 38/3902/10
f 4094/167/10 2/3901/10 4095/3904/10 4285/3900/10
f 5018/4269/2645 5017/4268/2645 5020/6084/2645
f 20/6085/2520 4215/81/49 4214/84/52 24/6086/2522
f 4216/1243/803 4215/81/49 20/6085/2520 576/6087/2519
f 4217/1241/438 4216/1243/803 576/6087/2519 570/6088/2518
f 4218/1239/436 4217/1241/438 570/6088/2518 571/6089/2517
f 4219/1237/434 4218/1239/436 571/6089/2517 572/6090/2516
f 4220/1235/432 4219/1237/434 572/6090/2516 573/6091/2491
f 4221/1232/429 4220/1235/432 573/6091/2491 574/6092/2489
f 4222/1233/801 4221/1232/429 574/6092/2489 575/6093/2514
f 96/6094/2512 4223/1304/832 4222/1233/801 575/6093/2514
f 4224/1299/827 4223/1304/832 96/6094/2512 604/6095/2510
f 4225/1297/826 4224/1299/827 604/6095/2510 598/6096/2497
f 4226/1295/825 4225/1297/826 598/6096/2497 599/6097/2495
f 4227/1293/434 4226/1295/825 599/6097/2495 600/6098/2507
f 4228/1291/432 4227/1293/434 600/6098/2507 601/6099/2506
f 4229/1288/429 4228/1291/432 601/6099/2506 602/6100/2489
f 4230/1289/822 4229/1288/429 602/6100/2489 603/6101/2503
f 104/6102/2501 4231/659/446 4230/1289/822 603/6101/2503
f 4232/653/440 4231/659/446 104/6102/2501 304/6103/2499
f 4233/651/438 4232/653/440 304/6103/2499 298/6104/2497
f 4234/649/436 4233/651/438 298/6104/2497 299/6105/2495
f 4235/647/434 4234/649/436 299/6105/2495 300/6106/2493
f 4236/645/432 4235/647/434 300/6106/2493 301/6107/2491
f 4237/642/429 4236/645/432 301/6107/2491 302/6108/2489
f 4238/643/430 4237/642/429 302/6108/2489 303/6109/2487
f 112/6110/2485 4239/595/390 4238/643/430 303/6109/2487
f 4240/575/370 4239/595/390 112/6110/2485 276/6111/2483
f 4241/573/368 4240/575/370 276/6111/2483 270/6112/2481
f 4242/571/366 4241/573/368 270/6112/2481 271/6113/2479
f 4243/569/364 4242/571/366 271/6113/2479 272/6114/2477
f 4244/567/362 4243/569/364 272/6114/2477 273/6115/2475
f 4245/564/359 4244/567/362 273/6115/2475 274/6116/2473
f 4246/565/360 4245/564/359 274/6116/2473 275/6117/2471
f 269/6118/2469 4247/589/384 4246/565/360 275/6117/2471
f 4248/587/382 4247/589/384 269/6118/2469 263/6119/2467
f 4249/585/380 4248/587/382 263/6119/2467 264/6120/2465
f 4250/583/378 4249/585/380 264/6120/2465 265/6121/2463
f 4251/581/376 4250/583/378 265/6121/2463 266/6122/2461
f 4252/578/373 4251/581/376 266/6122/2461 267/6123/2459
f 4253/579/374 4252/578/373 267/6123/2459 268/6124/2457
f 111/6125/10 4254/283/10 4253/579/374 268/6124/2457
f 100/6126/10 4255/275/10 4254/283/10 111/6125/10
f 92/6127/10 4256/265/10 4255/275/10 100/6126/10
f 16/6128/2455 4257/262/123 4256/265/10 92/6127/10
f 4258/1338/13 4257/262/123 16/6128/2455 3791/6129/13
f 4259/1397/867 4258/1338/13 3791/6129/13 616/6130/3360
f 4260/1398/10 4259/1397/867 616/6130/3360 3401/6131/3359
f 4261/5465/10 4260/1398/10 3401/6131/3359 3413/6132/3359
f 4262/1461/900 4261/5465/10 3413/6132/3359 632/6133/3357
f 4263/1462/13 4262/1461/900 632/6133/3357 3425/6134/13
f 4264/5483/13 4263/1462/13 3425/6134/13 3437/6135/13
f 4265/1525/936 4264/5483/13 3437/6135/13 648/6136/3355
f 4266/1526/10 4265/1525/936 648/6136/3355 3449/6137/3353
f 4267/5501/10 4266/1526/10 3449/6137/3353 3461/6138/3353
f 4268/5519/3316 4267/5501/10 3461/6138/3353 664/5816/3354
f 3652/5815/3319 4269/5812/13 4268/5519/3316 664/5816/3354
f 3753/5527/3319 4270/68/13 4269/5812/13 3652/5815/3319
f 662/5526/3318 4271/65/36 4270/68/13 3753/5527/3319
f 3472/6139/3315 4272/5516/5 4271/65/36 662/5526/3318
f 3460/6140/939 4273/1519/5 4272/5516/5 3472/6139/3315
f 646/6141/938 4274/1516/930 4273/1519/5 3460/6140/939
f 3448/6142/13 4275/5498/13 4274/1516/930 646/6141/938
f 3436/6143/13 4276/1455/13 4275/5498/13 3448/6142/13
f 630/6144/902 4277/1452/895 4276/1455/13 3436/6143/13
f 3424/6145/870 4278/5480/5 4277/1452/895 630/6144/902
f 3412/6146/870 4279/1391/5 4278/5480/5 3424/6145/870
f 614/6147/869 4280/1388/861 4279/1391/5 3412/6146/870
f 3788/6148/13 4281/1333/13 4280/1388/861 614/6147/869
f 12/6149/840 4282/181/96 4281/1333/13 3788/6148/13
f 4283/182/5 4282/181/96 12/6149/840 4029/6150/5
f 4284/6014/5 4283/182/5 4029/6150/5 4009/6151/5
f 4049/6012/3441 4284/6014/5 4009/6151/5 48/6044/3415
f 1795/4750/10 1794/3899/10 4285/3900/10 4095/3904/10
f 1179/6009/3438 4005/3246/13 4287/2696/13 4286/6006/3436
f 4005/3246/13 1178/3243/2028 4288/2695/1683 4287/2696/13
f 4289/2693/1681 4288/2695/1683 1178/3243/2028 1177/3241/2026
f 4290/2691/1679 4289/2693/1681 1177/3241/2026 1176/3239/2024
f 4291/2689/1677 4290/2691/1679 1176/3239/2024 1175/3237/2022
f 4292/2687/1675 4291/2689/1677 1175/3237/2022 1174/3235/2020
f 4293/2685/1673 4292/2687/1675 1174/3235/2020 1173/3233/2018
f 4294/2683/1671 4293/2685/1673 1173/3233/2018 1172/3231/2016
f 4295/2681/1669 4294/2683/1671 1172/3231/2016 1171/3229/2014
f 4296/2678/1666 4295/2681/1669 1171/3229/2014 1170/3228/2013
f 1170/3228/2013 1169/3225/2012 4297/2677/1665 4296/2678/1666
f 4298/2675/1663 4297/2677/1665 1169/3225/2012 1168/3223/2010
f 4299/2673/1661 4298/2675/1663 1168/3223/2010 1167/3221/2008
f 4300/2671/1659 4299/2673/1661 1167/3221/2008 1166/3219/2006
f 4301/2669/1657 4300/2671/1659 1166/3219/2006 1165/3217/2004
f 4302/2667/1655 4301/2669/1657 1165/3217/2004 1164/3215/2002
f 4303/2665/1653 4302/2667/1655 1164/3215/2002 1163/3213/2000
f 4304/2663/1651 4303/2665/1653 1163/3213/2000 1162/3211/1998
f 4305/2659/1649 4304/2663/1651 1162/3211/1998 1161/3207/1996
f 4306/2660/5 4305/2659/1649 1161/3207/1996 3973/3210/5
f 4307/5969/3409 4306/2660/5 3973/3210/5 1160/5976/3411
f 1160/5976/3411 3945/5975/13 4308/5970/13 4307/5969/3409
f 3945/5975/13 3965/3206/13 4309/2656/13 4308/5970/13
f 3965/3206/13 1159/3203/1994 4310/2655/1647 4309/2656/13
f 4311/2652/1644 4310/2655/1647 1159/3203/1994 1158/3202/1993
f 1158/3202/1993 1157/3200/1991 4312/2650/1642 4311/2652/1644
f 1157/3200/1991 1156/3198/1989 4313/2648/1640 4312/2650/1642
f 1156/3198/1989 1155/3196/1987 4314/2646/1638 4313/2648/1640
f 1155/3196/1987 1154/3194/1985 4315/2644/1636 4314/2646/1638
f 1154/3194/1985 1153/3192/1983 4316/2642/1634 4315/2644/1636
f 1153/3192/1983 1152/3190/1981 4317/2638/1630 4316/2642/1634
f 1152/3190/1981 1151/3189/1980 4318/2639/1631 4317/2638/1630
f 1151/3189/1980 3925/3186/13 4319/2636/13 4318/2639/1631
f 3925/3186/13 1150/3181/1977 4320/2633/1628 4319/2636/13
f 4321/2634/5 4320/2633/1628 1150/3181/1977 3893/3184/5
f 4322/5899/5 4321/2634/5 3893/3184/5 3873/5897/5
f 4323/5879/3382 4322/5899/5 3873/5897/5 1149/5886/3384
f 1149/5886/3384 3845/5885/13 4324/5880/13 4323/5879/3382
f 3845/5885/13 3865/3180/13 4325/2628/13 4324/5880/13
f 3865/3180/13 1148/3179/1976 4326/2629/1624 4325/2628/13
f 1148/3176/1976 1147/3174/10 4327/2624/10 4326/2626/1624
f 1147/3174/10 1146/3172/10 4328/2622/10 4327/2624/10
f 1146/3172/10 1145/3170/10 4329/2620/10 4328/2622/10
f 1145/3170/10 1144/3168/10 4330/2616/10 4329/2620/10
f 1144/3168/10 1143/3167/10 4331/2617/10 4330/2616/10
f 4331/2617/10 1143/3167/10 1793/3898/10 4522/3896/10
f 4332/3895/10 4522/3896/10 1793/3898/10 1792/4749/10
f 4333/3894/10 4332/3895/10 1792/4749/10 1791/4748/10
f 4334/3893/10 4333/3894/10 1791/4748/10 1790/4747/10
f 4335/3892/10 4334/3893/10 1790/4747/10 1789/4746/10
f 4336/3891/10 4335/3892/10 1789/4746/10 1788/4745/10
f 4337/3889/2382 4336/3891/10 1788/4745/10 1787/4744/2934
f 1787/4744/2934 3863/4743/8 4338/3890/8 4337/3889/2382
f 4339/5877/8 4338/3890/8 3863/4743/8 3843/5873/8
f 4340/5878/3381 4339/5877/8 3843/5873/8 1786/5874/3379
f 1786/5874/3379 3875/5903/5 4341/5901/5 4340/5878/3381
f 3875/5903/5 3895/4742/5 4342/3887/5 4341/5901/5
f 3895/4742/5 1785/4741/2933 4343/3884/2381 4342/3887/5
f 1785/4741/2933 3923/4740/8 4344/3885/8 4343/3884/2381
f 4345/3881/2380 4344/3885/8 3923/4740/8 1784/4739/2932
f 1784/4739/2932 1783/4738/2931 4346/3879/2379 4345/3881/2380
f 1783/4738/2931 1782/4737/2930 4347/3877/2378 4346/3879/2379
f 1782/4737/2930 1781/4736/2929 4348/3875/2377 4347/3877/2378
f 1781/4736/2929 1780/4735/2928 4349/3873/2376 4348/3875/2377
f 1780/4735/2928 1779/4734/2927 4350/3871/2375 4349/3873/2376
f 1779/4734/2927 1778/4733/2926 4351/3869/2374 4350/3871/2375
f 1778/4733/2926 1777/4732/2925 4352/3867/2373 4351/3869/2374
f 1777/4732/2925 1776/4731/2924 4353/3864/2372 4352/3867/2373
f 1776/4731/2924 3963/4730/8 4354/3865/8 4353/3864/2372
f 4355/5967/8 4354/3865/8 3963/4730/8 3943/5963/8
f 4356/5968/3408 4355/5967/8 3943/5963/8 1775/5964/3406
f 1775/5964/3406 3975/4729/5 4357/3861/5 4356/5968/3408
f 3975/4729/5 1774/4728/2923 4358/3859/2371 4357/3861/5
f 1774/4728/2923 1773/4727/2922 4359/3857/2370 4358/3859/2371
f 1773/4727/2922 1772/4726/2921 4360/3855/2369 4359/3857/2370
f 1772/4726/2921 1771/4725/2920 4361/3853/2368 4360/3855/2369
f 1771/4725/2920 1770/4724/2919 4362/3851/2367 4361/3853/2368
f 1770/4724/2919 1769/4723/2918 4363/3849/2366 4362/3851/2367
f 1769/4723/2918 1768/4722/2917 4364/3847/2365 4363/3849/2366
f 1768/4722/2917 1767/4721/2916 4365/3845/2364 4364/3847/2365
f 1767/4721/2916 1766/4720/2915 4366/3843/2363 4365/3845/2364
f 1766/4720/2915 1765/4719/2914 4367/3841/2362 4366/3843/2363
f 1765/4719/2914 1764/4718/2913 4368/3839/2361 4367/3841/2362
f 1764/4718/2913 1763/4717/2912 4369/3837/2360 4368/3839/2361
f 1763/4717/2912 1762/4716/2911 4370/3835/2359 4369/3837/2360
f 1762/4716/2911 1761/4715/2910 4371/3833/2358 4370/3835/2359
f 1761/4715/2910 1760/4714/2909 4372/3831/2357 4371/3833/2358
f 1760/4714/2909 1759/4713/2908 4373/3829/2356 4372/3831/2357
f 1759/4713/2908 1758/4712/2907 4374/3827/2355 4373/3829/2356
f 1758/4712/2907 1757/4711/2906 4375/3824/2354 4374/3827/2355
f 1757/4711/2906 4003/4710/8 4376/3825/8 4375/3824/2354
f 4377/6005/3435 4376/3825/8 4003/4710/8 1756/6003/3433
f 1756/6003/3433 4015/6023/5 4378/6021/5 4377/6005/3435
f 4015/6023/5 4035/4709/5 4379/3821/5 4378/6021/5
f 4035/4709/5 1755/4707/2905 4380/3818/2353 4379/3821/5
f 4381/3819/8 4380/3818/2353 1755/4707/2905 3776/4708/8
f 4382/5613/8 4381/3819/8 3776/4708/8 3555/5611/8
f 4383/3814/2352 4382/5613/8 3555/5611/8 1754/4705/2904
f 4384/3815/5 4383/3814/2352 1754/4705/2904 3483/4706/5
f 4385/5545/5 4384/3815/5 3483/4706/5 3495/5543/5
f 4386/3810/2351 4385/5545/5 3495/5543/5 1753/4703/2903
f 4387/3811/8 4386/3810/2351 1753/4703/2903 3543/4704/8
f 4388/5585/8 4387/3811/8 3543/4704/8 3519/5583/8
f 4389/3806/2350 4388/5585/8 3519/5583/8 1752/4701/2902
f 4390/3807/5 4389/3806/2350 1752/4701/2902 3507/4702/5
f 4391/5565/5 4390/3807/5 3507/4702/5 3531/5563/5
f 4392/3802/1110 4391/5565/5 3531/5563/5 1751/4700/35
f 1751/4700/35 3726/4699/8 4393/3803/8 4392/3802/1110
f 4394/5760/8 4393/3803/8 3726/4699/8 3625/5758/8
f 4395/5589/3321 4394/5760/8 3625/5758/8 1750/5591/3321
f 1750/5591/3321 3522/5551/10 4396/5549/10 4395/5589/3321
f 3522/5551/10 3498/4698/10 4397/3798/10 4396/5549/10
f 3498/4698/10 1749/4697/2901 4398/3799/2347 4397/3798/10
f 1749/4697/2901 3510/5571/8 4399/5569/8 4398/3799/2347
f 3510/5571/8 3534/4696/8 4400/3794/8 4399/5569/8
f 3534/4696/8 1748/4695/2900 4401/3795/2344 4400/3794/8
f 1748/4695/2900 3486/5531/10 4402/5529/10 4401/3795/2344
f 3486/5531/10 3474/4694/10 4403/3790/10 4402/5529/10
f 3474/4694/10 1747/4693/2899 4404/3791/2342 4403/3790/10
f 1747/4693/2899 3546/5599/8 4405/5597/8 4404/3791/2342
f 3546/5599/8 3765/4692/8 4406/3787/8 4405/5597/8
f 4407/3785/2339 4406/3787/8 3765/4692/8 1746/4691/2898
f 4408/3783/10 4407/3785/2339 1746/4691/2898 1745/4690/10
f 4409/3781/10 4408/3783/10 1745/4690/10 1744/4689/10
f 4410/3779/10 4409/3781/10 1744/4689/10 1743/4688/10
f 4411/3777/2338 4410/3779/10 1743/4688/10 1742/4687/2897
f 1742/4687/2897 1741/4686/2896 4412/3775/2337 4411/3777/2338
f 1741/4686/2896 1740/4685/2895 4413/3773/2336 4412/3775/2337
f 1740/4685/2895 1739/4684/2894 4414/3771/2335 4413/3773/2336
f 1739/4684/2894 1738/4683/2893 4415/3769/2334 4414/3771/2335
f 1738/4683/2893 1737/4682/2892 4416/3767/2333 4415/3769/2334
f 1737/4682/2892 1736/4681/2891 4417/3765/2332 4416/3767/2333
f 1736/4681/2891 1735/4680/2890 4418/3763/2331 4417/3765/2332
f 1735/4680/2890 1734/4679/2874 4419/3761/2330 4418/3763/2331
f 1734/4679/2874 1733/4678/2889 4420/3759/2329 4419/3761/2330
f 1733/4678/2889 1732/4677/2888 4421/3757/2328 4420/3759/2329
f 1732/4677/2888 1731/4676/2887 4422/3755/2327 4421/3757/2328
f 1731/4676/2887 1730/4675/1124 4423/3753/2326 4422/3755/2327
f 1730/4675/1124 1729/4674/2886 4424/3751/2325 4423/3753/2326
f 1729/4674/2886 1728/4673/2885 4425/3749/2324 4424/3751/2325
f 1728/4673/2885 1727/4672/2884 4426/3747/2323 4425/3749/2324
f 1727/4672/2884 1726/4671/2874 4427/3745/2312 4426/3747/2323
f 1726/4671/2874 1725/4670/2883 4428/3743/2311 4427/3745/2312
f 1725/4670/2883 1724/4669/2878 4429/3741/2310 4428/3743/2311
f 1724/4669/2878 1723/4668/2871 4430/3739/2309 4429/3741/2310
f 1723/4668/2871 1722/4667/2877 4431/3737/2308 4430/3739/2309
f 1722/4667/2877 1721/4666/2882 4432/3735/2322 4431/3737/2308
f 1721/4666/2882 1720/4665/2881 4433/3733/2321 4432/3735/2322
f 1720/4665/2881 1719/4664/2880 4434/3731/2320 4433/3733/2321
f 1719/4664/2880 1718/4663/2879 4435/3729/2319 4434/3731/2320
f 1718/4663/2879 1717/4662/2873 4436/3727/2318 4435/3729/2319
f 1717/4662/2873 1716/4661/2878 4437/3725/2317 4436/3727/2318
f 1716/4661/2878 1715/4660/2871 4438/3723/2316 4437/3725/2317
f 1715/4660/2871 1714/4659/2877 4439/3721/2308 4438/3723/2316
f 1714/4659/2877 1713/4658/2869 4440/3719/2315 4439/3721/2308
f 1713/4658/2869 1712/4657/2876 4441/3717/2314 4440/3719/2315
f 1712/4657/2876 1711/4656/2875 4442/3715/2313 4441/3717/2314
f 1711/4656/2875 1710/4655/2874 4443/3713/2312 4442/3715/2313
f 1710/4655/2874 1709/4654/2873 4444/3711/2311 4443/3713/2312
f 1709/4654/2873 1708/4653/2872 4445/3709/2310 4444/3711/2311
f 1708/4653/2872 1707/4652/2871 4446/3707/2309 4445/3709/2310
f 1707/4652/2871 1706/4651/2870 4447/3705/2308 4446/3707/2309
f 1706/4651/2870 1705/4650/2869 4448/3703/2307 4447/3705/2308
f 1705/4650/2869 1704/4649/814 4449/3700/2305 4448/3703/2307
f 1704/4649/814 1703/4648/2868 4450/3701/2306 4449/3700/2305
f 5005/4256/2636 5011/4261/2640 5012/4263/2640 5007/4257/2637
f 1232/3370/2104 1231/3367/2102 4452/2819/1766 4451/2820/1767
f 4453/2817/1764 4452/2819/1766 1231/3367/2102 1230/3365/2095
f 4454/2815/1742 4453/2817/1764 1230/3365/2095 1229/3363/2083
f 4455/2813/1763 4454/2815/1742 1229/3363/2083 1228/3361/2101
f 4456/2811/1738 4455/2813/1763 1228/3361/2101 1227/3359/2079
f 4457/2809/1761 4456/2811/1738 1227/3359/2079 1226/3357/2092
f 4458/2807/1734 4457/2809/1761 1226/3357/2092 1225/3355/2076
f 4459/2804/1758 4458/2807/1734 1225/3355/2076 1224/3354/2099
f 1224/3354/2099 1223/3351/2097 4460/2803/1757 4459/2804/1758
f 4461/2801/1755 4460/2803/1757 1223/3351/2097 1222/3349/2095
f 4462/2799/1742 4461/2801/1755 1222/3349/2095 1221/3347/2094
f 4463/2797/1740 4462/2799/1742 1221/3347/2094 1220/3345/2081
f 4464/2795/1752 4463/2797/1740 1220/3345/2081 1219/3343/2093
f 4465/2793/1750 4464/2795/1752 1219/3343/2093 1218/3341/2092
f 4466/2791/1734 4465/2793/1750 1218/3341/2092 1217/3339/2076
f 4467/2788/1747 4466/2791/1734 1217/3339/2076 1216/3338/2090
f 1216/3338/2090 1215/3335/2087 4468/2787/1746 4467/2788/1747
f 4469/2785/1744 4468/2787/1746 1215/3335/2087 1214/3333/2085
f 4470/2783/1742 4469/2785/1744 1214/3333/2085 1213/3331/2083
f 4471/2781/1740 4470/2783/1742 1213/3331/2083 1212/3329/2081
f 4472/2779/1738 4471/2781/1740 1212/3329/2081 1211/3327/2079
f 4473/2777/1736 4472/2779/1738 1211/3327/2079 1210/3325/2077
f 4474/2775/1734 4473/2777/1736 1210/3325/2077 1209/3323/2076
f 4475/2772/1731 4474/2775/1734 1209/3323/2076 1208/3322/2075
f 1208/3322/2075 1207/3319/2073 4476/2771/1730 4475/2772/1731
f 4477/2769/1728 4476/2771/1730 1207/3319/2073 1206/3317/598
f 4478/2767/1726 4477/2769/1728 1206/3317/598 1205/3315/2070
f 4479/2765/1724 4478/2767/1726 1205/3315/2070 1204/3313/2068
f 4480/2763/1722 4479/2765/1724 1204/3313/2068 1203/3311/2066
f 4481/2761/1720 4480/2763/1722 1203/3311/2066 1202/3309/2064
f 4482/2759/1718 4481/2761/1720 1202/3309/2064 1201/3307/2062
f 4483/2756/1715 4482/2759/1718 1201/3307/2062 1200/3306/2061
f 1200/3306/2061 1199/3303/2058 4484/2755/1714 4483/2756/1715
f 4485/2753/1712 4484/2755/1714 1199/3303/2058 1198/3301/2056
f 4486/2751/1710 4485/2753/1712 1198/3301/2056 1197/3299/2054
f 4487/2749/1708 4486/2751/1710 1197/3299/2054 1196/3297/2052
f 4488/2747/1706 4487/2749/1708 1196/3297/2052 1195/3295/2050
f 4489/2745/1704 4488/2747/1706 1195/3295/2050 1194/3293/2048
f 4490/2742/1701 4489/2745/1704 1194/3293/2048 1193/3292/600
f 1193/3292/600 1192/3290/10 4491/2740/10 4490/2742/1701
f 1192/3290/10 1191/3288/10 4492/2738/10 4491/2740/10
f 1191/3288/10 1190/3286/10 4493/2736/10 4492/2738/10
f 1190/3286/10 1189/3281/2045 4494/2733/1700 4493/2736/10
f 4495/2734/13 4494/2733/1700 1189/3281/2045 3795/3284/13
f 4496/2729/1697 4495/2734/13 3795/3284/13 1188/3277/2043
f 4497/2730/10 4496/2729/1697 1188/3277/2043 3405/3280/10
f 4498/5470/10 4497/2730/10 3405/3280/10 3417/5469/10
f 4499/2725/1695 4498/5470/10 3417/5469/10 1187/3273/2041
f 4500/2726/13 4499/2725/1695 1187/3273/2041 3429/3276/13
f 4501/5488/13 4500/2726/13 3429/3276/13 3441/5487/13
f 4502/2721/1692 4501/5488/13 3441/5487/13 1186/3269/2039
f 4503/2722/10 4502/2721/1692 1186/3269/2039 3453/3272/10
f 4504/5506/10 4503/2722/10 3453/3272/10 3465/5505/10
f 4505/5524/3316 4504/5506/10 3465/5505/10 1185/5523/3316
f 1185/5523/3316 3648/5809/13 4506/5807/13 4505/5524/3316
f 3648/5809/13 3749/3268/13 4507/2716/13 4506/5807/13
f 3749/3268/13 1184/3267/2038 4508/2717/36 4507/2716/13
f 1184/3267/2038 3468/5513/5 4509/5510/5 4508/2717/36
f 3468/5513/5 3456/3264/5 4510/2712/5 4509/5510/5
f 3456/3264/5 1183/3263/2037 4511/2713/1688 4510/2712/5
f 1183/3263/2037 3444/5495/13 4512/5492/13 4511/2713/1688
f 3444/5495/13 3432/3260/13 4513/2708/13 4512/5492/13
f 3432/3260/13 1182/3259/2035 4514/2709/1687 4513/2708/13
f 1182/3259/2035 3420/5477/5 4515/5474/5 4514/2709/1687
f 3420/5477/5 3408/3256/5 4516/2704/5 4515/5474/5
f 3408/3256/5 1181/3255/2033 4517/2705/1686 4516/2704/5
f 1181/3255/2033 3784/3252/13 4518/2702/13 4517/2705/1686
f 3784/3252/13 1180/3247/2030 4519/2699/1685 4518/2702/13
f 4520/2700/5 4519/2699/1685 1180/3247/2030 4033/3250/5
f 4521/6019/5 4520/2700/5 4033/3250/5 4013/6017/5
f 4286/6006/3436 4521/6019/5 4013/6017/5 1179/6009/3438
f 4687/79/47 734/5238/3252 735/5237/3251 4686/80/48
f 4685/1229/799 4686/80/48 735/5237/3251 736/5236/3248
f 4684/1227/424 4685/1229/799 736/5236/3248 737/5235/2237
f 4683/1225/422 4684/1227/424 737/5235/2237 738/5234/2239
f 4682/1223/420 4683/1225/422 738/5234/2239 739/5233/2241
f 4681/1221/418 4682/1223/420 739/5233/2241 740/5232/3245
f 4680/1218/415 4681/1221/418 740/5232/3245 741/5231/2243
f 4679/1219/796 4680/1218/415 741/5231/2243 742/5230/3250
f 4678/1303/831 4679/1219/796 742/5230/3250 743/5229/3249
f 4677/1285/820 4678/1303/831 743/5229/3249 744/5228/3248
f 4676/1283/818 4677/1285/820 744/5228/3248 745/5227/2251
f 4675/1281/817 4676/1283/818 745/5227/2251 746/5226/2239
f 4674/1279/420 4675/1281/817 746/5226/2239 747/5225/2241
f 4673/1277/815 4674/1279/420 747/5225/2241 748/5224/2242
f 4672/1274/415 4673/1277/815 748/5224/2242 749/5223/2243
f 4671/1275/814 4672/1274/415 749/5223/2243 750/5222/2245
f 4670/657/444 4671/1275/814 750/5222/2245 751/5221/3247
f 4669/639/426 4670/657/444 751/5221/3247 752/5220/3246
f 4668/637/424 4669/639/426 752/5220/3246 753/5219/2237
f 4667/635/422 4668/637/424 753/5219/2237 754/5218/2239
f 4666/633/420 4667/635/422 754/5218/2239 755/5217/2241
f 4665/631/418 4666/633/420 755/5217/2241 756/5216/3245
f 4664/628/415 4665/631/418 756/5216/3245 757/5215/2243
f 4663/629/416 4664/628/415 757/5215/2243 758/5214/3244
f 4662/593/388 4663/629/416 758/5214/3244 759/5213/3243
f 4661/561/356 4662/593/388 759/5213/3243 760/5212/3242
f 4660/559/354 4661/561/356 760/5212/3242 761/5211/3241
f 4659/557/352 4660/559/354 761/5211/3241 762/5210/3240
f 4658/555/350 4659/557/352 762/5210/3240 763/5209/3239
f 4657/553/348 4658/555/350 763/5209/3239 764/5208/3238
f 4656/550/345 4657/553/348 764/5208/3238 765/5207/3237
f 4655/551/346 4656/550/345 765/5207/3237 766/5206/3236
f 4654/519/321 4655/551/346 766/5206/3236 767/5205/3235
f 4653/517/319 4654/519/321 767/5205/3235 768/5204/3234
f 4652/515/317 4653/517/319 768/5204/3234 769/5203/3233
f 4651/513/315 4652/515/317 769/5203/3233 770/5202/3232
f 4650/511/313 4651/513/315 770/5202/3232 771/5201/3231
f 4649/508/310 4650/511/313 771/5201/3231 772/5200/3230
f 4648/509/311 4649/508/310 772/5200/3230 773/5199/3229
f 774/5198/10 4647/281/10 4648/509/311 773/5199/3229
f 775/5197/10 4646/273/10 4647/281/10 774/5198/10
f 776/5196/10 4645/260/10 4646/273/10 775/5197/10
f 777/5195/3228 4644/261/122 4645/260/10 776/5196/10
f 4643/1321/8 4644/261/122 777/5195/3228 3768/5194/8
f 4642/5603/8 4643/1321/8 3768/5194/8 3549/5601/8
f 4641/1374/853 4642/5603/8 3549/5601/8 778/5193/3227
f 4640/1375/10 4641/1374/853 778/5193/3227 3477/5192/10
f 4639/5535/10 4640/1375/10 3477/5192/10 3489/5533/10
f 4638/1438/889 4639/5535/10 3489/5533/10 779/5191/3226
f 4637/1439/8 4638/1438/889 779/5191/3226 3537/5190/8
f 4636/5575/8 4637/1439/8 3537/5190/8 3513/5573/8
f 4635/1502/922 4636/5575/8 3513/5573/8 780/5189/3225
f 4634/1503/10 4635/1502/922 780/5189/3225 3501/5188/10
f 4633/5555/10 4634/1503/10 3501/5188/10 3525/5553/10
f 4632/5595/3321 4633/5555/10 3525/5553/10 781/5593/3321
f 4631/5754/8 4632/5595/3321 781/5593/3321 3622/5756/8
f 4630/63/8 4631/5754/8 3622/5756/8 3723/5187/8
f 4629/64/35 4630/63/8 3723/5187/8 782/5186/3224
f 3528/5561/5 4628/5559/5 4629/64/35 782/5186/3224
f 3504/5185/5 4627/1510/5 4628/5559/5 3528/5561/5
f 783/5184/3223 4626/1511/928 4627/1510/5 3504/5185/5
f 3516/5581/8 4625/5579/8 4626/1511/928 783/5184/3223
f 3540/5183/8 4624/1446/8 4625/5579/8 3516/5581/8
f 784/5182/3222 4623/1447/893 4624/1446/8 3540/5183/8
f 3492/5541/5 4622/5539/5 4623/1447/893 784/5182/3222
f 3480/5181/5 4621/1382/5 4622/5539/5 3492/5541/5
f 785/5180/3221 4620/1383/859 4621/1382/5 3480/5181/5
f 3552/5609/8 4619/5607/8 4620/1383/859 785/5180/3221
f 3773/5179/8 4618/1327/8 4619/5607/8 3552/5609/8
f 786/5178/3220 4617/178/94 4618/1327/8 3773/5179/8
f 4616/179/5 4617/178/94 786/5178/3220 4038/5177/5
f 4615/6027/5 4616/179/5 4038/5177/5 4018/6025/5
f 4614/5999/3429 4615/6027/5 4018/6025/5 787/6000/3430
f 4613/47/8 4614/5999/3429 787/6000/3430 4000/5176/8
f 4612/48/26 4613/47/8 4000/5176/8 788/5175/3219
f 4611/198/101 4612/48/26 788/5175/3219 789/5174/2371
f 4610/447/256 4611/198/101 789/5174/2371 790/5173/3218
f 4609/445/254 4610/447/256 790/5173/3218 791/5172/3217
f 4608/443/252 4609/445/254 791/5172/3217 792/5171/584
f 4607/441/250 4608/443/252 792/5171/584 793/5170/3216
f 4606/439/248 4607/441/250 793/5170/3216 794/5169/3215
f 4605/436/245 4606/439/248 794/5169/3215 795/5168/3214
f 4604/437/246 4605/436/245 795/5168/3214 796/5167/3213
f 4603/405/221 4604/437/246 796/5167/3213 797/5166/3212
f 4602/403/219 4603/405/221 797/5166/3212 798/5165/3211
f 4601/401/217 4602/403/219 798/5165/3211 799/5164/3210
f 4600/399/215 4601/401/217 799/5164/3210 800/5163/3209
f 4599/397/213 4600/399/215 800/5163/3209 801/5162/3208
f 4598/395/211 4599/397/213 801/5162/3208 802/5161/3207
f 4597/392/208 4598/395/211 802/5161/3207 803/5160/3206
f 4596/393/209 4597/392/208 803/5160/3206 804/5159/3205
f 4595/216/108 4596/393/209 804/5159/3205 805/5158/3204
f 4594/217/5 4595/216/108 805/5158/3204 3978/5157/5
f 4593/5955/3402 4594/217/5 3978/5157/5 806/5959/3403
f 4592/5956/8 4593/5955/3402 806/5959/3403 3940/5958/8
f 4591/31/8 4592/5956/8 3940/5958/8 3960/5156/8
f 4590/32/19 4591/31/8 3960/5156/8 807/5155/3203
f 4589/349/181 4590/32/19 807/5155/3203 808/5154/3202
f 4588/347/179 4589/349/181 808/5154/3202 809/5153/3201
f 4587/345/177 4588/347/179 809/5153/3201 810/5152/3200
f 4586/343/175 4587/345/177 810/5152/3200 811/5151/3199
f 4585/341/173 4586/343/175 811/5151/3199 812/5150/3198
f 4584/339/171 4585/341/173 812/5150/3198 813/5149/3197
f 4583/336/168 4584/339/171 813/5149/3197 814/5148/3196
f 4582/337/169 4583/336/168 814/5148/3196 815/5147/3195
f 4581/355/8 4582/337/169 815/5147/3195 3920/5146/8
f 4580/241/115 4581/355/8 3920/5146/8 816/5145/3194
f 4579/242/5 4580/241/115 816/5145/3194 3898/5144/5
f 4578/5907/5 4579/242/5 3898/5144/5 3878/5905/5
f 4577/5865/3375 4578/5907/5 3878/5905/5 817/5869/3376
f 4576/5866/8 4577/5865/3375 817/5869/3376 3840/5868/8
f 4575/11/8 4576/5866/8 3840/5868/8 3860/5143/8
f 4574/12/9 4575/11/8 3860/5143/8 818/5142/3193
f 819/5141/10 4573/229/10 4574/12/9 818/5142/3193
f 820/5140/10 4572/206/10 4573/229/10 819/5141/10
f 821/5139/10 4571/191/10 4572/206/10 820/5140/10
f 822/5138/10 4570/165/10 4571/191/10 821/5139/10
f 823/5137/10 4569/166/10 4570/165/10 822/5138/10
f 3999/6152/7 4524/2533/15 4523/5997/3427 46/6153/3428
f 42/6154/25 4525/2530/1568 4524/2533/15 3999/6152/7
f 4526/2535/1571 4525/2530/1568 42/6154/25 58/6155/100
f 4527/2537/1573 4526/2535/1571 58/6155/100 184/6156/255
f 4528/2539/1575 4527/2537/1573 184/6156/255 185/6157/253
f 4529/2541/1577 4528/2539/1575 185/6157/253 186/6158/251
f 4530/2543/1579 4529/2541/1577 186/6158/251 187/6159/249
f 4531/2545/1581 4530/2543/1579 187/6159/249 188/6160/247
f 4532/2547/1583 4531/2545/1581 188/6160/247 189/6161/244
f 4533/2549/237 4532/2547/1583 189/6161/244 190/6162/243
f 175/6163/220 4534/2550/205 4533/2549/237 190/6162/243
f 4535/2553/1587 4534/2550/205 175/6163/220 174/6164/218
f 4536/2555/1589 4535/2553/1587 174/6164/218 173/6165/216
f 4537/2557/1591 4536/2555/1589 173/6165/216 172/6166/214
f 4538/2559/1593 4537/2557/1591 172/6166/214 171/6167/212
f 4539/2561/1595 4538/2559/1593 171/6167/212 170/6168/210
f 4540/2563/1597 4539/2561/1595 170/6168/210 169/6169/207
f 4541/2565/1599 4540/2563/1597 169/6169/207 176/6170/206
f 4542/2567/1601 4541/2565/1599 176/6170/206 54/6171/107
f 4543/2569/5 4542/2567/1601 54/6171/107 3979/6172/5
f 4544/5952/3400 4543/2569/5 3979/6172/5 70/6173/3401
f 3939/6174/7 4545/5951/15 4544/5952/3400 70/6173/3401
f 3959/6175/7 4546/2573/15 4545/5951/15 3939/6174/7
f 67/6176/18 4547/2570/1602 4546/2573/15 3959/6175/7
f 4548/2575/1605 4547/2570/1602 67/6176/18 152/6177/180
f 4549/2577/1607 4548/2575/1605 152/6177/180 145/6178/178
f 4550/2579/1609 4549/2577/1607 145/6178/178 146/6179/176
f 4551/2581/1611 4550/2579/1609 146/6179/176 147/6180/174
f 4552/2583/1613 4551/2581/1611 147/6180/174 148/6181/172
f 4553/2585/1615 4552/2583/1613 148/6181/172 149/6182/170
f 4554/2587/1617 4553/2585/1615 149/6182/170 150/6183/167
f 4555/2589/1619 4554/2587/1617 150/6183/167 151/6184/166
f 3919/6185/7 4556/2593/15 4555/2589/1619 151/6184/166
f 77/6186/114 4557/2590/1620 4556/2593/15 3919/6185/7
f 4558/2595/5 4557/2590/1620 77/6186/114 3899/6187/5
f 4559/5909/5 4558/2595/5 3899/6187/5 3879/6188/5
f 4560/5862/3373 4559/5909/5 3879/6188/5 85/6189/3374
f 3839/6190/7 4561/5861/15 4560/5862/3373 85/6189/3374
f 3859/6191/7 4562/2599/15 4561/5861/15 3839/6190/7
f 88/6192/6 4563/2596/1622 4562/2599/15 3859/6191/7
f 80/228/10 4564/2600/10 4563/2603/1622 88/9/6
f 64/205/10 4565/2604/10 4564/2600/10 80/228/10
f 52/190/10 4566/2606/10 4565/2604/10 64/205/10
f 40/164/10 4567/2608/10 4566/2606/10 52/190/10
f 7/163/10 4568/2610/10 4567/2608/10 40/164/10
f 4568/2610/10 7/163/10 4569/166/10 4759/2613/10
f 5003/4254/2634 5002/4253/2634 5004/6193/2634
f 18/6194/45 4689/2406/1499 4688/2409/1502 22/6195/46
f 4690/2411/1504 4689/2406/1499 18/6194/45 562/6196/798
f 4691/2413/1506 4690/2411/1504 562/6196/798 556/6197/423
f 4692/2415/1508 4691/2413/1506 556/6197/423 557/6198/421
f 4693/2417/1510 4692/2415/1508 557/6198/421 558/6199/797
f 4694/2419/1512 4693/2417/1510 558/6199/797 559/6200/417
f 4695/2421/1514 4694/2419/1512 559/6200/417 560/6201/414
f 4696/2423/792 4695/2421/1514 560/6201/414 561/6202/795
f 94/6203/830 4697/2424/1516 4696/2423/792 561/6202/795
f 4698/2427/1504 4697/2424/1516 94/6203/830 590/6204/819
f 4699/2429/1506 4698/2427/1504 590/6204/819 584/6205/423
f 4700/2431/1520 4699/2429/1506 584/6205/423 585/6206/421
f 4701/2433/1510 4700/2431/1520 585/6206/421 586/6207/816
f 4702/2435/1523 4701/2433/1510 586/6207/816 587/6208/417
f 4703/2437/1514 4702/2435/1523 587/6208/417 588/6209/414
f 4704/2439/1436 4703/2437/1514 588/6209/414 589/6210/813
f 102/6211/443 4705/2440/1524 4704/2439/1436 589/6210/813
f 4706/2443/1527 4705/2440/1524 102/6211/443 290/6212/425
f 4707/2445/1506 4706/2443/1527 290/6212/425 284/6213/423
f 4708/2447/1520 4707/2445/1506 284/6213/423 285/6214/421
f 4709/2449/1510 4708/2447/1520 285/6214/421 286/6215/419
f 4710/2451/1512 4709/2449/1510 286/6215/419 287/6216/417
f 4711/2453/1514 4710/2451/1512 287/6216/417 288/6217/414
f 4712/2455/407 4711/2453/1514 288/6217/414 289/6218/413
f 108/6219/387 4713/2456/1529 4712/2455/407 289/6218/413
f 4714/2459/1532 4713/2456/1529 108/6219/387 248/6220/355
f 4715/2461/1534 4714/2459/1532 248/6220/355 242/6221/353
f 4716/2463/1535 4715/2461/1534 242/6221/353 243/6222/351
f 4717/2465/1536 4716/2463/1535 243/6222/351 244/6223/349
f 4718/2467/1537 4717/2465/1536 244/6223/349 245/6224/347
f 4719/2469/1538 4718/2467/1537 245/6224/347 246/6225/344
f 4720/2471/1540 4719/2469/1538 246/6225/344 247/6226/343
f 234/6227/320 4721/2472/1541 4720/2471/1540 247/6226/343
f 4722/2475/1543 4721/2472/1541 234/6227/320 228/6228/318
f 4723/2477/1544 4722/2475/1543 228/6228/318 229/6229/316
f 4724/2479/1545 4723/2477/1544 229/6229/316 230/6230/314
f 4725/2481/1546 4724/2479/1545 230/6230/314 231/6231/312
f 4726/2483/1548 4725/2481/1546 231/6231/312 232/6232/309
f 4727/2485/1550 4726/2483/1548 232/6232/309 233/6233/308
f 106/6234/10 4728/2486/10 4727/2485/1550 233/6233/308
f 98/6235/10 4729/2488/10 4728/2486/10 106/6234/10
f 90/6236/10 4730/2490/10 4729/2488/10 98/6235/10
f 14/6237/121 4731/2492/1551 4730/2490/10 90/6236/10
f 4732/2495/15 4731/2492/1551 14/6237/121 3823/6238/15
f 4733/5360/15 4732/2495/15 3823/6238/15 3305/6239/15
f 4734/2498/1554 4733/5360/15 3305/6239/15 608/6240/3339
f 4735/2499/10 4734/2498/1554 608/6240/3339 3245/6241/3338
f 4736/5315/10 4735/2499/10 3245/6241/3338 3257/6242/3338
f 4737/2502/1556 4736/5315/10 3257/6242/3338 624/6243/3336
f 4738/2503/15 4737/2502/1556 624/6243/3336 3269/6244/15
f 4739/2506/1558 4738/2503/15 3269/6244/15 640/6245/3334
f 4740/2507/10 4739/2506/1558 640/6245/3334 3281/6246/3332
f 4741/5333/10 4740/2507/10 3281/6246/3332 3293/6247/3332
f 4742/5351/3307 4741/5333/10 3293/6247/3332 656/5708/3333
f 3600/5707/3310 4743/5704/15 4742/5351/3307 656/5708/3333
f 3701/5358/3310 4744/2511/15 4743/5704/15 3600/5707/3310
f 654/5357/3309 4745/2508/30 4744/2511/15 3701/5358/3310
f 3304/6248/3306 4746/5347/5 4745/2508/30 654/5357/3309
f 3292/6249/919 4747/2515/5 4746/5347/5 3304/6248/3306
f 638/6250/918 4748/2512/1560 4747/2515/5 3292/6249/919
f 3280/6251/15 4749/2519/15 4748/2512/1560 638/6250/918
f 622/6252/887 4750/2516/1562 4749/2519/15 3280/6251/15
f 3268/6253/850 4751/5329/5 4750/2516/1562 622/6252/887
f 3256/6254/850 4752/2523/5 4751/5329/5 3268/6253/850
f 606/6255/849 4753/2520/1564 4752/2523/5 3256/6254/850
f 3316/6256/15 4754/5374/15 4753/2520/1564 606/6255/849
f 3820/6257/15 4755/2527/15 4754/5374/15 3316/6256/15
f 10/6258/93 4756/2524/1566 4755/2527/15 3820/6257/15
f 4757/2529/5 4756/2524/1566 10/6258/93 4039/6259/5
f 4758/6029/5 4757/2529/5 4039/6259/5 4019/6260/5
f 4523/5997/3427 4758/6029/5 4019/6260/5 46/6153/3428
f 1142/2612/10 4759/2613/10 4569/166/10 823/5137/10
f 3935/5945/15 4761/5939/15 4760/5942/3395 1444/5946/3397
f 3955/4874/15 4762/28/15 4761/5939/15 3935/5945/15
f 1445/4873/3014 4763/25/16 4762/28/15 3955/4874/15
f 4764/333/165 4763/25/16 1445/4873/3014 1446/4872/3013
f 4765/331/164 4764/333/165 1446/4872/3013 1447/4871/3012
f 4766/329/163 4765/331/164 1447/4871/3012 1448/4870/3011
f 4767/327/162 4766/329/163 1448/4870/3011 1449/4869/3010
f 4768/325/161 4767/327/162 1449/4869/3010 1450/4868/3009
f 4769/323/160 4768/325/161 1450/4868/3009 1451/4867/3008
f 4770/320/158 4769/323/160 1451/4867/3008 1452/4866/3007
f 4771/321/159 4770/320/158 1452/4866/3007 1453/4865/3006
f 3915/4864/15 4772/353/15 4771/321/159 1453/4865/3006
f 1454/4863/3005 4773/251/118 4772/353/15 3915/4864/15
f 4774/252/5 4773/251/118 1454/4863/3005 3903/4862/5
f 4775/5914/5 4774/252/5 3903/4862/5 3883/5912/5
f 4776/5852/3369 4775/5914/5 3883/5912/5 1455/5856/3370
f 3835/5855/15 4777/5849/15 4776/5852/3369 1455/5856/3370
f 3855/4861/15 4778/24/15 4777/5849/15 3835/5855/15
f 1456/4860/3004 4779/21/14 4778/24/15 3855/4861/15
f 1457/4858/10 4780/232/10 4779/249/14 1456/4859/3004
f 1458/4857/10 4781/209/10 4780/232/10 1457/4858/10
f 1459/4856/10 4782/194/10 4781/209/10 1458/4857/10
f 1460/4855/10 4783/171/10 4782/194/10 1459/4856/10
f 1461/4853/10 4784/15/10 4783/171/10 1460/4855/10
f 4784/15/10 1461/4853/10 1462/4854/10 4996/16/10
f 4785/13/10 4996/16/10 1462/4854/10 824/5136/10
f 4786/162/10 4785/13/10 824/5136/10 825/5135/10
f 4787/189/10 4786/162/10 825/5135/10 826/5134/10
f 4788/204/10 4787/189/10 826/5134/10 827/5133/10
f 4789/227/10 4788/204/10 827/5133/10 828/5132/10
f 4790/234/3 4789/227/10 828/5132/10 829/5131/3192
f 4791/4/4 4790/3/3 829/5130/3192 3853/5129/4
f 4792/5847/4 4791/4/4 3853/5129/4 3833/5844/4
f 4793/5848/3368 4792/5847/4 3833/5844/4 830/5843/3366
f 3885/5918/5 4794/5916/5 4793/5848/3368 830/5843/3366
f 3905/5128/5 4795/237/5 4794/5916/5 3885/5918/5
f 831/5127/3191 4796/238/113 4795/237/5 3905/5128/5
f 4797/351/4 4796/238/113 831/5127/3191 3913/5126/4
f 4798/304/144 4797/351/4 3913/5126/4 832/5125/3190
f 832/5125/3190 833/5124/3189 4799/305/145 4798/304/144
f 833/5124/3189 834/5123/3188 4800/307/147 4799/305/145
f 834/5123/3188 835/5122/3187 4801/309/149 4800/307/147
f 835/5122/3187 836/5121/3186 4802/311/151 4801/309/149
f 836/5121/3186 837/5120/3185 4803/313/153 4802/311/151
f 837/5120/3185 838/5119/3184 4804/315/155 4803/313/153
f 838/5119/3184 839/5118/3183 4805/317/157 4804/315/155
f 840/5117/3182 4806/39/22 4805/317/157 839/5118/3183
f 4807/40/4 4806/39/22 840/5117/3182 3953/5116/4
f 4808/5937/4 4807/40/4 3953/5116/4 3933/5934/4
f 4809/5938/3394 4808/5937/4 3933/5934/4 841/5933/3392
f 3985/5115/5 4810/224/5 4809/5938/3394 841/5933/3392
f 842/5114/3181 4811/225/111 4810/224/5 3985/5115/5
f 843/5113/3180 4812/373/197 4811/225/111 842/5114/3181
f 4813/371/195 4812/373/197 843/5113/3180 844/5112/3179
f 4814/369/193 4813/371/195 844/5112/3179 845/5111/3178
f 4815/367/191 4814/369/193 845/5111/3178 846/5110/3177
f 4816/365/189 4815/367/191 846/5110/3177 847/5109/3176
f 4817/363/187 4816/365/189 847/5109/3176 848/5108/3175
f 4818/360/184 4817/363/187 848/5108/3175 849/5107/3174
f 4819/361/185 4818/360/184 849/5107/3174 850/5106/3173
f 4820/419/235 4819/361/185 850/5106/3173 851/5105/3172
f 4821/417/233 4820/419/235 851/5105/3172 852/5104/3171
f 4822/415/231 4821/417/233 852/5104/3171 853/5103/3170
f 4823/413/229 4822/415/231 853/5103/3170 854/5102/3169
f 4824/411/227 4823/413/229 854/5102/3169 855/5101/3168
f 4825/409/225 4824/411/227 855/5101/3168 856/5100/3167
f 4826/407/223 4825/409/225 856/5100/3167 857/5099/3166
f 4827/202/104 4826/407/223 857/5099/3166 858/5098/3165
f 859/5097/3164 4828/55/29 4827/202/104 858/5098/3165
f 4829/56/4 4828/55/29 859/5097/3164 3993/5096/4
f 4830/5990/3421 4829/56/4 3993/5096/4 860/5988/3419
f 4025/6038/5 4831/6036/5 4830/5990/3421 860/5988/3419
f 4045/5095/5 4832/186/5 4831/6036/5 4025/6038/5
f 861/5094/3163 4833/187/97 4832/186/5 4045/5095/5
f 4834/1345/4 4833/187/97 861/5094/3163 3803/5093/4
f 4835/5394/4 4834/1345/4 3803/5093/4 3327/5392/4
f 4836/1406/873 4835/5394/4 3327/5392/4 862/5092/3162
f 4837/1407/5 4836/1406/873 862/5092/3162 3339/5091/5
f 4838/5414/5 4837/1407/5 3339/5091/5 3351/5412/5
f 4839/1470/904 4838/5414/5 3351/5412/5 863/5090/3161
f 4840/1471/4 4839/1470/904 863/5090/3161 3363/5089/4
f 4841/5434/4 4840/1471/4 3363/5089/4 3375/5432/4
f 4842/1534/942 4841/5434/4 3375/5432/4 864/5088/3160
f 4843/1535/5 4842/1534/942 864/5088/3160 3387/5087/5
f 4844/5454/5 4843/1535/5 3387/5087/5 3399/5452/5
f 4845/71/40 4844/5454/5 3399/5452/5 865/5086/1236
f 4846/72/4 4845/71/40 865/5086/1236 3674/5085/4
f 4847/5651/4 4846/72/4 3674/5085/4 3573/5649/4
f 4848/5458/3312 4847/5651/4 3573/5649/4 866/5460/3312
f 3390/5440/10 4849/5438/10 4848/5458/3312 866/5460/3312
f 3378/5084/10 4850/1542/10 4849/5438/10 3390/5440/10
f 867/5083/3159 4851/1543/948 4850/1542/10 3378/5084/10
f 3366/5420/4 4852/5418/4 4851/1543/948 867/5083/3159
f 3354/5082/4 4853/1478/4 4852/5418/4 3366/5420/4
f 868/5081/3158 4854/1479/908 4853/1478/4 3354/5082/4
f 3342/5400/10 4855/5398/10 4854/1479/908 868/5081/3158
f 3330/5080/10 4856/1414/10 4855/5398/10 3342/5400/10
f 869/5079/3157 4857/1415/879 4856/1414/10 3330/5080/10
f 3318/5380/4 4858/5378/4 4857/1415/879 869/5079/3157
f 3808/5078/4 4859/1351/4 4858/5378/4 3318/5380/4
f 870/5077/3156 4860/268/125 4859/1351/4 3808/5078/4
f 4861/269/10 4860/268/125 870/5077/3156 871/5076/10
f 4862/277/10 4861/269/10 871/5076/10 872/5075/10
f 4863/285/10 4862/277/10 872/5075/10 873/5074/10
f 4864/491/300 4863/285/10 873/5074/10 874/5073/3155
f 4865/489/298 4864/491/300 874/5073/3155 875/5072/3154
f 4866/487/296 4865/489/298 875/5072/3154 876/5071/3153
f 4867/485/294 4866/487/296 876/5071/3153 877/5070/3152
f 4868/483/292 4867/485/294 877/5070/3152 878/5069/3151
f 4869/480/289 4868/483/292 878/5069/3151 879/5068/3150
f 4870/481/290 4869/480/289 879/5068/3150 880/5067/3149
f 4871/533/335 4870/481/290 880/5067/3149 881/5066/3148
f 4872/531/333 4871/533/335 881/5066/3148 882/5065/3147
f 4873/529/331 4872/531/333 882/5065/3147 883/5064/3146
f 4874/527/329 4873/529/331 883/5064/3146 884/5063/3145
f 4875/525/327 4874/527/329 884/5063/3145 885/5062/3144
f 4876/522/324 4875/525/327 885/5062/3144 886/5061/3143
f 4877/523/325 4876/522/324 886/5061/3143 887/5060/3142
f 888/5059/3141 4878/597/391 4877/523/325 887/5060/3142
f 4879/611/405 4878/597/391 888/5059/3141 889/5058/3140
f 4880/609/403 4879/611/405 889/5058/3140 890/5057/3132
f 4881/607/401 4880/609/403 890/5057/3132 891/5056/3131
f 4882/605/399 4881/607/401 891/5056/3131 892/5055/3130
f 4883/603/397 4882/605/399 892/5055/3130 893/5054/3129
f 4884/600/394 4883/603/397 893/5054/3129 894/5053/3128
f 4885/601/395 4884/600/394 894/5053/3128 895/5052/3139
f 896/5051/3138 4886/661/447 4885/601/395 895/5052/3139
f 4887/1257/808 4886/661/447 896/5051/3138 897/5050/3137
f 4888/1255/403 4887/1257/808 897/5050/3137 898/5049/3132
f 4889/1253/401 4888/1255/403 898/5049/3132 899/5048/3131
f 4890/1251/399 4889/1253/401 899/5048/3131 900/5047/3130
f 4891/1249/806 4890/1251/399 900/5047/3130 901/5046/3129
f 4892/1246/394 4891/1249/806 901/5046/3129 902/5045/3136
f 4893/1247/804 4892/1246/394 902/5045/3136 903/5044/3135
f 904/5043/3134 4894/1307/834 4893/1247/804 903/5044/3135
f 4895/1201/791 4894/1307/834 904/5043/3134 905/5042/3133
f 4896/1199/403 4895/1201/791 905/5042/3133 906/5041/3132
f 4897/1197/789 4896/1199/403 906/5041/3132 907/5040/3131
f 4898/1195/399 4897/1197/789 907/5040/3131 908/5039/3130
f 4899/1193/397 4898/1195/399 908/5039/3130 909/5038/3129
f 4900/1190/394 4899/1193/397 909/5038/3129 910/5037/3128
f 4901/1191/787 4900/1190/394 910/5037/3128 911/5036/3127
f 912/5035/3126 4902/87/53 4901/1191/787 911/5036/3127
f 4903/88/54 4902/87/53 912/5035/3126 913/5034/3125
f 5024/4275/2651 5027/4279/2653 5028/4281/2653 5021/4272/2648
f 1373/4955/3070 4905/73/41 4904/76/44 1372/4956/3071
f 4906/1215/794 4905/73/41 1373/4955/3070 1374/4954/3067
f 4907/1213/411 4906/1215/794 1374/4954/3067 1375/4953/3061
f 4908/1211/410 4907/1213/411 1375/4953/3061 1376/4952/3060
f 4909/1209/409 4908/1211/410 1376/4952/3060 1377/4951/3059
f 4910/1207/793 4909/1209/409 1377/4951/3059 1378/4950/3065
f 4911/1204/406 4910/1207/793 1378/4950/3065 1379/4949/3057
f 4912/1205/792 4911/1204/406 1379/4949/3057 1380/4948/3069
f 1381/4947/3068 4913/1300/828 4912/1205/792 1380/4948/3069
f 4914/1271/794 4913/1300/828 1381/4947/3068 1382/4946/3067
f 4915/1269/812 4914/1271/794 1382/4946/3067 1383/4945/3061
f 4916/1267/811 4915/1269/812 1383/4945/3061 1384/4944/3066
f 4917/1265/810 4916/1267/811 1384/4944/3066 1385/4943/3059
f 4918/1263/793 4917/1265/810 1385/4943/3059 1386/4942/3065
f 4919/1260/406 4918/1263/793 1386/4942/3065 1387/4941/3057
f 4920/1261/809 4919/1260/406 1387/4941/3057 1388/4940/3064
f 1389/4939/3063 4921/655/442 4920/1261/809 1388/4940/3064
f 4922/625/412 4921/655/442 1389/4939/3063 1390/4938/3062
f 4923/623/411 4922/625/412 1390/4938/3062 1391/4937/3061
f 4924/621/410 4923/623/411 1391/4937/3061 1392/4936/3060
f 4925/619/409 4924/621/410 1392/4936/3060 1393/4935/3059
f 4926/617/408 4925/619/409 1393/4935/3059 1394/4934/3058
f 4927/614/406 4926/617/408 1394/4934/3058 1395/4933/3057
f 4928/615/407 4927/614/406 1395/4933/3057 1396/4932/3056
f 1397/4931/3055 4929/591/386 4928/615/407 1396/4932/3056
f 4930/547/342 4929/591/386 1397/4931/3055 1398/4930/3054
f 4931/545/341 4930/547/342 1398/4930/3054 1399/4929/3053
f 4932/543/340 4931/545/341 1399/4929/3053 1400/4928/3052
f 4933/541/339 4932/543/340 1400/4928/3052 1401/4927/3051
f 4934/539/338 4933/541/339 1401/4927/3051 1402/4926/3050
f 4935/536/336 4934/539/338 1402/4926/3050 1403/4925/3049
f 4936/537/337 4935/536/336 1403/4925/3049 1404/4924/3048
f 1405/4923/3047 4937/505/307 4936/537/337 1404/4924/3048
f 4938/503/306 4937/505/307 1405/4923/3047 1406/4922/3046
f 4939/501/305 4938/503/306 1406/4922/3046 1407/4921/3045
f 4940/499/304 4939/501/305 1407/4921/3045 1408/4920/3044
f 4941/497/303 4940/499/304 1408/4920/3044 1409/4919/3043
f 4942/494/301 4941/497/303 1409/4919/3043 1410/4918/3042
f 4943/495/302 4942/494/301 1410/4918/3042 1411/4917/3041
f 1412/4916/10 4944/279/10 4943/495/302 1411/4917/3041
f 1413/4915/10 4945/271/10 4944/279/10 1412/4916/10
f 1414/4914/10 4946/257/10 4945/271/10 1413/4915/10
f 1415/4913/3040 4947/254/119 4946/257/10 1414/4914/10
f 4948/1314/15 4947/254/119 1415/4913/3040 3827/4912/15
f 4949/5365/15 4948/1314/15 3827/4912/15 3309/5363/15
f 4950/1365/846 4949/5365/15 3309/5363/15 1416/4911/3039
f 4951/1366/10 4950/1365/846 1416/4911/3039 3249/4910/10
f 4952/5319/10 4951/1366/10 3249/4910/10 3261/5318/10
f 4953/1429/885 4952/5319/10 3261/5318/10 1417/4909/3038
f 4954/1430/15 4953/1429/885 1417/4909/3038 3273/4908/15
f 4955/1493/915 4954/1430/15 3273/4908/15 1418/4907/3037
f 4956/1494/10 4955/1493/915 1418/4907/3037 3285/4906/10
f 4957/5337/10 4956/1494/10 3285/4906/10 3297/5336/10
f 4958/5355/3307 4957/5337/10 3297/5336/10 1419/5354/3307
f 3596/5701/15 4959/5699/15 4958/5355/3307 1419/5354/3307
f 3697/4905/15 4960/60/15 4959/5699/15 3596/5701/15
f 1420/4904/1946 4961/57/30 4960/60/15 3697/4905/15
f 3300/5344/5 4962/5342/5 4961/57/30 1420/4904/1946
f 3288/4903/5 4963/1487/5 4962/5342/5 3300/5344/5
f 1421/4902/3036 4964/1484/910 4963/1487/5 3288/4903/5
f 3276/4901/15 4965/1423/15 4964/1484/910 1421/4902/3036
f 1422/4900/3035 4966/1420/881 4965/1423/15 3276/4901/15
f 3264/5326/5 4967/5324/5 4966/1420/881 1422/4900/3035
f 3252/4899/5 4968/1359/5 4967/5324/5 3264/5326/5
f 1423/4898/3034 4969/1356/841 4968/1359/5 3252/4899/5
f 3312/5371/15 4970/5368/15 4969/1356/841 1423/4898/3034
f 3816/4897/15 4971/1309/15 4970/5368/15 3312/5371/15
f 1424/4896/3033 4972/173/92 4971/1309/15 3816/4897/15
f 4973/174/5 4972/173/92 1424/4896/3033 4043/4895/5
f 4974/6034/5 4973/174/5 4043/4895/5 4023/6032/5
f 4975/5992/3422 4974/6034/5 4023/6032/5 1425/5994/3424
f 3995/4894/15 4976/44/15 4975/5992/3422 1425/5994/3424
f 1426/4893/3032 4977/41/23 4976/44/15 3995/4894/15
f 4978/195/98 4977/41/23 1426/4893/3032 1427/4892/3031
f 4979/433/242 4978/195/98 1427/4892/3031 1428/4891/3030
f 4980/431/241 4979/433/242 1428/4891/3030 1429/4890/3029
f 4981/429/240 4980/431/241 1429/4890/3029 1430/4889/3028
f 4982/427/239 4981/429/240 1430/4889/3028 1431/4888/3027
f 4983/425/238 4982/427/239 1431/4888/3027 1432/4887/3026
f 4984/422/236 4983/425/238 1432/4887/3026 1433/4886/3025
f 4985/423/237 4984/422/236 1433/4886/3025 1434/4885/3024
f 1435/4884/3023 4986/389/205 4985/423/237 1434/4885/3024
f 4987/387/204 4986/389/205 1435/4884/3023 1436/4883/3022
f 4988/385/203 4987/387/204 1436/4883/3022 1437/4882/3021
f 4989/383/202 4988/385/203 1437/4882/3021 1438/4881/3020
f 4990/381/201 4989/383/202 1438/4881/3020 1439/4880/3019
f 4991/379/200 4990/381/201 1439/4880/3019 1440/4879/3018
f 4992/376/198 4991/379/200 1440/4879/3018 1441/4878/3017
f 4993/377/199 4992/376/198 1441/4878/3017 1442/4877/3016
f 4994/211/106 4993/377/199 1442/4877/3016 1443/4876/3015
f 4995/212/5 4994/211/106 1443/4876/3015 3983/4875/5
f 4760/5942/3395 4995/212/5 3983/4875/5 1444/5946/3397
f 733/6261/61 734/6262/3252 4998/4248/2630 4997/4247/2629
f 1052/6263/1501 1051/6264/1498 5000/4250/2632 4999/4249/2631
f 5550/6265/1497 5551/4251/2633 5000/4250/2632 1051/6264/1498
f 5553/6266/62 733/6261/61 4997/4247/2629 5552/4252/2633
f 734/6262/3252 4687/6267/47 5002/4253/2634 4998/4248/2630
f 4688/6268/1502 1052/6263/1501 4999/4249/2631 5003/4254/2634
f 5002/4253/2634 4687/6267/47 22/6269/46 5004/6193/2634
f 22/6269/46 4688/6268/1502 5003/4254/2634 5004/6193/2634
f 1233/6270/2105 1232/6271/2104 5005/4256/2636 5006/4255/2635
f 1703/6272/2868 1702/6273/2303 5008/4258/2638 5007/4257/2637
f 5391/4259/2639 5008/4258/2638 1702/6273/2303 5390/6274/2304
f 5392/4260/2639 5009/6275/2639 27/6276/1769 5393/6277/1772
f 4451/6278/1767 23/6279/1768 5010/4262/2640 5011/4261/2640
f 5010/4262/2640 23/6279/1768 4450/6280/2306 5012/4263/2640
f 1232/6271/2104 4451/6278/1767 5011/4261/2640 5005/4256/2636
f 4450/6280/2306 1703/6272/2868 5007/4257/2637 5012/4263/2640
f 1552/6281/51 1553/6282/64 5014/4265/2642 5013/4264/2641
f 1885/6283/2525 1884/6284/3003 5016/4267/2644 5015/4266/2643
f 1884/6284/3003 4213/6285/2523 5017/4268/2645 5016/4267/2644
f 4214/6286/52 1552/6281/51 5013/4264/2641 5018/4269/2645
f 1553/6282/64 5233/6287/63 5234/4270/2646 5014/4265/2642
f 5236/6288/2526 1885/6283/2525 5015/4266/2643 5235/4271/2647
f 5017/4268/2645 4213/6285/2523 24/6289/2522 5020/6084/2645
f 24/6289/2522 4214/6286/52 5018/4269/2645 5020/6084/2645
f 913/6290/3125 914/6291/3305 5022/4273/2649 5021/4272/2648
f 1371/6292/3072 1372/6293/3071 5024/4275/2651 5023/4274/2650
f 5025/4278/2652 5819/4277/2652 5820/6294/67 25/6295/55
f 5818/4276/2652 5025/4278/2652 25/6295/55 5817/6296/58
f 4904/6297/44 21/6298/43 5026/4280/2654 5027/4279/2653
f 5026/4280/2654 21/6298/43 4903/6299/54 5028/4281/2653
f 1372/6293/3071 4904/6297/44 5027/4279/2653 5024/4275/2651
f 4903/6299/54 913/6290/3125 5021/4272/2648 5028/4281/2653
f 5029/2916/10 320/6300/3442 5441/6301/3443 5440/2917/10
f 2223/6302/3444 5031/3465/10 5030/3466/10 1280/6303/3445
f 2871/6304/3446 5032/4600/10 5031/3465/10 2223/6302/3444
f 1600/6305/3447 5033/727/10 5032/4600/10 2871/6304/3446
f 5344/728/10 5033/727/10 1600/6305/3447 5343/6306/3448
f 1932/6307/3449 5035/4201/10 5283/4202/10 5284/6308/3450
f 2501/6309/3451 5036/2197/10 5035/4201/10 1932/6307/3449
f 3197/6310/3452 5037/2196/10 5036/2197/10 2501/6309/3451
f 961/6311/3453 5038/5266/10 5037/2196/10 3197/6310/3452
f 5709/721/10 5710/6312/3454 318/6313/3455 5039/722/10
f 5039/723/10 318/6314/3455 5769/6315/3456 5770/724/10
f 2825/6316/3457 5041/4539/10 5040/5004/10 1324/6317/3458
f 2178/6318/3459 5042/3012/10 5041/4539/10 2825/6316/3457
f 5043/2313/10 5042/3012/10 2178/6318/3459 1004/6319/3460
f 5660/6320/3461 5661/2310/10 5043/2313/10 1004/6319/3460
f 5045/726/10 5600/725/10 5601/6321/3462 686/6322/3463
f 3150/6323/3464 5046/1596/10 5045/726/10 686/6322/3463
f 5047/1597/10 5046/1596/10 3150/6323/3464 2547/6324/3465
f 5048/3603/10 5047/1597/10 2547/6324/3465 1655/6325/3466
f 5048/3603/10 1655/6325/3466 5500/6326/3467 5501/3604/10
f 1655/6325/3466 5050/3600/8 5499/3601/8 5500/6326/3467
f 2547/6324/3465 5051/1593/8 5050/3600/8 1655/6325/3466
f 3150/6323/3464 5052/1592/8 5051/1593/8 2547/6324/3465
f 686/6322/3463 5053/704/8 5052/1592/8 3150/6323/3464
f 5602/705/8 5053/704/8 686/6322/3463 5601/6321/3462
f 5659/2308/15 5660/6320/3461 1004/6319/3460 5055/2309/15
f 1004/6319/3460 2178/6318/3459 5056/3010/15 5055/2309/15
f 5057/4540/15 5056/3010/15 2178/6318/3459 2825/6316/3457
f 5058/5005/15 5057/4540/15 2825/6316/3457 1324/6317/3458
f 318/6314/3455 5059/698/464 5768/701/15 5769/6315/3456
f 5710/6312/3454 5711/694/4 5059/697/464 318/6313/3455
f 5061/2199/4 5060/5265/4 961/6311/3453 3197/6310/3452
f 5062/2200/4 5061/2199/4 3197/6310/3452 2501/6309/3451
f 5063/4204/4 5062/2200/4 2501/6309/3451 1932/6307/3449
f 5285/4205/4 5063/4204/4 1932/6307/3449 5284/6308/3450
f 5343/6306/3448 1600/6305/3447 5065/707/13 5342/706/13
f 5066/4599/13 5065/707/13 1600/6305/3447 2871/6304/3446
f 5067/3468/13 5066/4599/13 2871/6304/3446 2223/6302/3444
f 5068/3469/13 5067/3468/13 2223/6302/3444 1280/6303/3445
f 320/6300/3442 5049/2918/1807 5442/2921/13 5441/6301/3443
f 5069/2940/10 334/2942/1868 5454/2945/1869 5453/2941/10
f 2212/3492/2196 5071/3489/10 5070/3490/10 1291/3493/2197
f 2860/4587/2822 5072/4588/10 5071/3489/10 2212/3492/2196
f 1611/675/454 5073/836/10 5072/4588/10 2860/4587/2822
f 5331/837/10 5073/836/10 1611/675/454 5330/674/453
f 1943/4228/2623 5075/4225/10 5296/4226/10 5297/4229/2624
f 2512/2224/1385 5076/2221/10 5075/4225/10 1943/4228/2623
f 3186/2223/1384 5077/2220/10 5076/2221/10 2512/2224/1385
f 972/5253/3256 5078/5254/10 5077/2220/10 3186/2223/1384
f 5722/838/10 5723/670/452 337/673/450 5079/839/10
f 5079/840/10 337/666/450 5756/669/451 5757/841/10
f 2836/4552/2815 5081/4551/10 5080/5016/10 1313/5017/3121
f 2189/2997/1879 5082/3000/10 5081/4551/10 2836/4552/2815
f 5083/2289/10 5082/3000/10 2189/2997/1879 993/2284/1399
f 5647/2283/1398 5648/2286/10 5083/2289/10 993/2284/1399
f 5085/843/10 5613/842/10 5614/663/449 675/662/448
f 3161/1567/957 5086/1572/10 5085/843/10 675/662/448
f 5087/1573/10 5086/1572/10 3161/1567/957 2536/1566/956
f 5088/3579/10 5087/1573/10 2536/1566/956 1644/3574/2211
f 5088/3579/10 1644/3574/2211 5487/3577/2212 5488/3580/10
f 5089/2943/1807 5109/6327/1807 5456/6328/13 5455/2944/13
f 5111/6329/13 5091/3491/13 5090/3494/13 5110/6330/13
f 5112/6331/13 5092/4586/13 5091/3491/13 5111/6329/13
f 5113/6332/13 5093/676/13 5092/4586/13 5112/6331/13
f 5329/677/13 5093/676/13 5113/6332/13 5328/6333/13
f 5115/6334/4 5095/4227/4 5298/4230/4 5299/6335/4
f 5116/6336/4 5096/2225/4 5095/4227/4 5115/6334/4
f 5117/6337/4 5097/2222/4 5096/2225/4 5116/6336/4
f 5118/6338/4 5098/5252/4 5097/2222/4 5117/6337/4
f 5724/671/4 5725/6339/4 5119/6340/83 5099/672/83
f 5099/667/83 5119/6341/83 5754/6342/15 5755/668/15
f 5121/6343/15 5101/4553/15 5100/5018/15 5120/6344/15
f 5122/6345/15 5102/2998/15 5101/4553/15 5121/6343/15
f 5103/2285/15 5102/2998/15 5122/6345/15 5123/6346/15
f 5645/6347/15 5646/2282/15 5103/2285/15 5123/6346/15
f 5105/665/8 5615/664/8 5616/6348/8 5125/6349/8
f 5126/6350/8 5106/1568/8 5105/665/8 5125/6349/8
f 5107/1569/8 5106/1568/8 5126/6350/8 5127/6351/8
f 5108/3575/8 5107/1569/8 5127/6351/8 5128/6352/8
f 5108/3575/8 5128/6352/8 5485/6353/8 5486/3576/8
f 5109/6327/1807 336/2946/1870 5457/2949/1871 5456/6328/13
f 2211/3496/2198 5111/6329/13 5110/6330/13 1292/3497/2199
f 2859/4585/2821 5112/6331/13 5111/6329/13 2211/3496/2198
f 1612/757/475 5113/6332/13 5112/6331/13 2859/4585/2821
f 5328/6333/13 5113/6332/13 1612/757/475 5327/756/474
f 1944/4232/2625 5115/6334/4 5299/6335/4 5300/4233/2626
f 2513/2228/1387 5116/6336/4 5115/6334/4 1944/4232/2625
f 3185/2227/1386 5117/6337/4 5116/6336/4 2513/2228/1387
f 973/5251/3255 5118/6338/4 5117/6337/4 3185/2227/1386
f 5725/6339/4 5726/760/476 338/763/470 5119/6340/83
f 5119/6341/83 338/748/470 5753/751/471 5754/6342/15
f 2837/4554/2816 5121/6343/15 5120/6344/15 1312/5019/3122
f 2190/2995/1878 5122/6345/15 5121/6343/15 2837/4554/2816
f 5123/6346/15 5122/6345/15 2190/2995/1878 992/2280/1397
f 5644/2279/1396 5645/6347/15 5123/6346/15 992/2280/1397
f 5125/6349/8 5616/6348/8 5617/753/473 674/752/472
f 3162/1563/955 5126/6350/8 5125/6349/8 674/752/472
f 5127/6351/8 5126/6350/8 3162/1563/955 2535/1562/954
f 5128/6352/8 5127/6351/8 2535/1562/954 1643/3570/2209
f 5128/6352/8 1643/3570/2209 5484/3573/2210 5485/6353/8
f 5129/2947/10 5149/6354/10 5459/6355/10 5458/2948/10
f 5151/6356/10 5131/3495/10 5130/3498/10 5150/6357/10
f 5152/6358/10 5132/4584/10 5131/3495/10 5151/6356/10
f 5153/6359/10 5133/758/10 5132/4584/10 5152/6358/10
f 5326/759/10 5133/758/10 5153/6359/10 5325/6360/10
f 5155/6361/10 5135/4231/10 5301/4234/10 5302/6362/10
f 5156/6363/10 5136/2229/10 5135/4231/10 5155/6361/10
f 5157/6364/10 5137/2226/10 5136/2229/10 5156/6363/10
f 5158/6365/10 5138/5250/10 5137/2226/10 5157/6364/10
f 5727/761/10 5728/6366/10 5159/6367/10 5139/762/10
f 5139/749/10 5159/6368/10 5751/6369/10 5752/750/10
f 5161/6370/10 5141/4555/10 5140/5020/10 5160/6371/10
f 5162/6372/10 5142/2996/10 5141/4555/10 5161/6370/10
f 5143/2281/10 5142/2996/10 5162/6372/10 5163/6373/10
f 5642/6374/10 5643/2278/10 5143/2281/10 5163/6373/10
f 5145/755/10 5618/754/10 5619/6375/10 5165/6376/10
f 5166/6377/10 5146/1564/10 5145/755/10 5165/6376/10
f 5147/1565/10 5146/1564/10 5166/6377/10 5167/6378/10
f 5148/3571/10 5147/1565/10 5167/6378/10 5168/6379/10
f 5148/3571/10 5168/6379/10 5482/6380/10 5483/3572/10
f 5149/6354/10 359/2950/1872 5460/2953/1873 5459/6355/10
f 2210/3500/2115 5151/6356/10 5150/6357/10 1293/3501/2200
f 2858/4583/2820 5152/6358/10 5151/6356/10 2210/3500/2115
f 1613/687/460 5153/6359/10 5152/6358/10 2858/4583/2820
f 5325/6360/10 5153/6359/10 1613/687/460 5324/686/459
f 1945/4236/2627 5155/6361/10 5302/6362/10 5303/4237/2628
f 2514/2232/1389 5156/6363/10 5155/6361/10 1945/4236/2627
f 3184/2231/1388 5157/6364/10 5156/6363/10 2514/2232/1389
f 974/5249/3254 5158/6365/10 5157/6364/10 3184/2231/1388
f 5728/6366/10 5729/690/461 357/693/455 5159/6367/10
f 5159/6368/10 357/678/455 5750/681/456 5751/6369/10
f 2838/4556/2817 5161/6370/10 5160/6371/10 1311/5021/3123
f 2191/2993/1877 5162/6372/10 5161/6370/10 2838/4556/2817
f 5163/6373/10 5162/6372/10 2191/2993/1877 991/2276/1395
f 5641/2275/1394 5642/6374/10 5163/6373/10 991/2276/1395
f 5165/6376/10 5619/6375/10 5620/683/458 673/682/457
f 3163/1559/953 5166/6377/10 5165/6376/10 673/682/457
f 5167/6378/10 5166/6377/10 3163/1559/953 2534/1558/952
f 5168/6379/10 5167/6378/10 2534/1558/952 1642/3566/2207
f 5168/6379/10 1642/3566/2207 5481/3569/2208 5482/6380/10
f 5169/2951/1807 346/2954/1807 5462/2957/13 5461/2952/13
f 2209/3504/13 5171/3499/13 5170/3502/13 1294/3505/13
f 2857/4581/13 5172/4582/13 5171/3499/13 2209/3504/13
f 1614/130/13 5173/688/13 5172/4582/13 2857/4581/13
f 5323/689/13 5173/688/13 1614/130/13 5322/129/13
f 1946/4240/4 5175/4235/4 5304/4238/4 5305/4241/4
f 2515/2236/4 5176/2233/4 5175/4235/4 1946/4240/4
f 3183/2235/4 5177/2230/4 5176/2233/4 2515/2236/4
f 975/5247/4 5178/5248/4 5177/2230/4 3183/2235/4
f 5730/691/4 5731/133/4 341/136/83 5179/692/83
f 5179/679/83 341/121/83 5748/124/15 5749/680/15
f 2839/4558/15 5181/4557/15 5180/5022/15 1310/5023/15
f 2192/2992/15 5182/2994/15 5181/4557/15 2839/4558/15
f 5183/2277/15 5182/2994/15 2192/2992/15 990/2273/15
f 5639/2272/15 5640/2274/15 5183/2277/15 990/2273/15
f 5185/685/8 5621/684/8 5622/128/8 672/127/8
f 3164/1556/8 5186/1560/8 5185/685/8 672/127/8
f 5187/1561/8 5186/1560/8 3164/1556/8 2533/1557/8
f 5188/3567/8 5187/1561/8 2533/1557/8 1641/3564/8
f 5188/3567/8 1641/3564/8 5479/3565/8 5480/3568/8
f 1639/3561/8 5190/3556/8 5476/3559/8 5477/3562/8
f 2531/1554/8 5191/1550/8 5190/3556/8 1639/3561/8
f 5192/1551/8 5191/1550/8 2531/1554/8 3166/1553/8
f 5193/151/8 5192/1551/8 3166/1553/8 670/140/8
f 5625/152/8 5193/151/8 670/140/8 5624/139/8
f 5636/2265/15 5637/2268/15 988/2271/15 5195/2266/15
f 988/2271/15 2194/2991/15 5196/2988/15 5195/2266/15
f 5197/4561/15 5196/2988/15 2194/2991/15 2841/4560/15
f 5198/5026/15 5197/4561/15 2841/4560/15 1308/5025/15
f 349/137/83 5199/145/83 5745/148/15 5746/138/15
f 5733/143/4 5734/157/4 5199/160/83 349/144/83
f 5201/2241/4 5200/5244/4 977/5245/4 3181/2238/4
f 5202/2242/4 5201/2241/4 3181/2238/4 2517/2239/4
f 5203/4245/4 5202/2242/4 2517/2239/4 1948/4243/4
f 5308/4246/4 5203/4245/4 1948/4243/4 5307/4244/4
f 5320/142/13 1616/141/13 5205/154/13 5319/153/13
f 5206/4578/13 5205/154/13 1616/141/13 2855/4579/13
f 5207/3510/13 5206/4578/13 2855/4579/13 2207/3507/13
f 5208/3511/13 5207/3510/13 2207/3507/13 1296/3508/13
f 351/2958/1807 5189/2960/1807 5465/2963/13 5464/2959/13
f 435/6381/3468 431/6382/3469 5210/913/13 5209/912/591
f 431/6382/3469 426/6383/3470 5211/931/609 5210/913/13
f 426/6383/3470 427/6384/3471 5212/929/607 5211/931/609
f 427/6384/3471 428/6385/3472 5213/927/605 5212/929/607
f 428/6385/3472 429/6386/3473 5214/924/602 5213/927/605
f 429/6386/3473 430/6387/3474 5215/925/603 5214/924/602
f 430/6387/3474 124/6388/3475 5216/940/618 5215/925/603
f 124/6388/3475 520/6389/3476 5217/1115/672 5216/940/618
f 520/6389/3476 514/6390/3477 5218/1113/670 5217/1115/672
f 514/6390/3477 515/6391/3478 5219/1111/746 5218/1113/670
f 515/6391/3478 516/6392/3479 5220/1109/745 5219/1111/746
f 516/6392/3479 517/6393/3480 5221/1107/664 5220/1109/745
f 517/6393/3480 518/6394/3481 5222/1104/661 5221/1107/664
f 518/6394/3481 519/6395/3482 5223/1105/743 5222/1104/661
f 519/6395/3482 116/6396/3483 5224/1177/776 5223/1105/743
f 116/6396/3483 464/6397/3476 5225/1003/672 5224/1177/776
f 464/6397/3476 458/6398/3484 5226/1001/670 5225/1003/672
f 458/6398/3484 459/6399/3478 5227/999/668 5226/1001/670
f 459/6399/3478 460/6400/3479 5228/997/666 5227/999/668
f 460/6400/3479 461/6401/3480 5229/995/664 5228/997/666
f 461/6401/3480 462/6402/3485 5230/992/661 5229/995/664
f 462/6402/3485 463/6403/3482 5231/993/662 5230/992/661
f 463/6403/3482 32/6404/3486 5232/100/66 5231/993/662
f 32/6404/3486 28/6405/3487 5233/97/63 5232/100/66
f 28/6406/3487 5019/6407/2646 5234/4270/2646 5233/6287/63
f 5235/4271/2647 5234/4270/2646 5019/6407/2646
f 5236/6288/2526 5235/4271/2647 5019/6407/2646 28/6406/3487
f 5237/4110/2527 5236/4109/2526 28/6408/3487 32/6409/3486
f 463/6410/3482 5238/4112/2529 5237/4110/2527 32/6409/3486
f 462/6411/3485 5239/4114/2531 5238/4112/2529 463/6410/3482
f 461/6412/3480 5240/4116/2533 5239/4114/2531 462/6411/3485
f 460/6413/3479 5241/4118/2535 5240/4116/2533 461/6412/3480
f 459/6414/3478 5242/4120/2537 5241/4118/2535 460/6413/3479
f 458/6415/3484 5243/4122/2539 5242/4120/2537 459/6414/3478
f 5244/4124/2541 5243/4122/2539 458/6415/3484 464/6416/3476
f 5245/4126/2543 5244/4124/2541 464/6416/3476 116/6417/3483
f 519/6418/3482 5246/4128/2529 5245/4126/2543 116/6417/3483
f 518/6419/3481 5247/4130/2546 5246/4128/2529 519/6418/3482
f 517/6420/3480 5248/4132/2548 5247/4130/2546 518/6419/3481
f 516/6421/3479 5249/4134/2549 5248/4132/2548 517/6420/3480
f 515/6422/3478 5250/4136/2537 5249/4134/2549 516/6421/3479
f 514/6423/3477 5251/4138/2539 5250/4136/2537 515/6422/3478
f 5252/4140/2541 5251/4138/2539 514/6423/3477 520/6424/3476
f 5253/4142/2554 5252/4140/2541 520/6424/3476 124/6425/3475
f 430/6426/3474 5254/4144/2556 5253/4142/2554 124/6425/3475
f 429/6427/3473 5255/4146/2558 5254/4144/2556 430/6426/3474
f 428/6428/3472 5256/4148/2560 5255/4146/2558 429/6427/3473
f 427/6429/3471 5257/4150/2562 5256/4148/2560 428/6428/3472
f 426/6430/3470 5258/4152/2564 5257/4150/2562 427/6429/3471
f 5259/4154/4 5258/4152/2564 426/6430/3470 431/6431/3469
f 435/6432/3468 5260/4156/2566 5259/4154/4 431/6431/3469
f 434/6433/3488 5261/4158/2568 5260/4156/2566 435/6432/3468
f 433/6434/3489 5262/4160/2570 5261/4158/2568 434/6433/3488
f 432/6435/3490 5263/4162/2572 5262/4160/2570 433/6434/3489
f 5264/4164/2574 5263/4162/2572 432/6435/3490 436/6436/3491
f 5265/4165/1185 5264/4164/2574 436/6436/3491 128/6437/3492
f 547/6438/3493 5266/4168/2577 5265/4165/1185 128/6437/3492
f 546/6439/3494 5267/4170/2579 5266/4168/2577 547/6438/3493
f 545/6440/3495 5268/4172/2581 5267/4170/2579 546/6439/3494
f 544/6441/3496 5269/4174/2583 5268/4172/2581 545/6440/3495
f 543/6442/3497 5270/4176/2585 5269/4174/2583 544/6441/3496
f 542/6443/3498 5271/4178/2587 5270/4176/2585 543/6442/3497
f 5272/4180/2589 5271/4178/2587 542/6443/3498 548/6444/3499
f 5273/4181/2590 5272/4180/2589 548/6444/3499 120/6445/3500
f 491/6446/3493 5274/4184/2577 5273/4181/2590 120/6445/3500
f 490/6447/3501 5275/4186/2579 5274/4184/2577 491/6446/3493
f 489/6448/3502 5276/4188/2581 5275/4186/2579 490/6447/3501
f 488/6449/3496 5277/4190/2595 5276/4188/2581 489/6448/3502
f 487/6450/3497 5278/4192/2596 5277/4190/2595 488/6449/3496
f 486/6451/3503 5279/4194/2598 5278/4192/2596 487/6450/3497
f 5280/4196/2589 5279/4194/2598 486/6451/3503 492/6452/3504
f 5281/4197/2599 5280/4196/2589 492/6452/3504 36/6453/3505
f 5282/4200/2602 5281/4197/2599 36/6453/3505 305/6454/3506
f 5283/4202/10 5282/4200/2602 305/6454/3506 5034/6455/10
f 5284/6308/3450 5283/4202/10 5034/6455/10 317/6456/3507
f 5064/6457/3469 5285/4205/4 5284/6308/3450 317/6456/3507
f 5286/4206/2604 5285/4205/4 5064/6457/3469 312/6458/3508
f 391/6459/3509 5287/4208/2606 5286/4206/2604 312/6458/3508
f 390/6460/3510 5288/4210/2608 5287/4208/2606 391/6459/3509
f 389/6461/3511 5289/4212/2610 5288/4210/2608 390/6460/3510
f 388/6462/3512 5290/4214/2612 5289/4212/2610 389/6461/3511
f 387/6463/3513 5291/4216/2614 5290/4214/2612 388/6462/3512
f 386/6464/3514 5292/4218/2616 5291/4216/2614 387/6463/3513
f 385/6465/3515 5293/4220/2618 5292/4218/2616 386/6464/3514
f 5294/4222/2620 5293/4220/2618 385/6465/3515 392/6466/3516
f 5295/4224/2622 5294/4222/2620 392/6466/3516 324/6467/3517
f 5296/4226/10 5295/4224/2622 324/6467/3517 5074/6468/10
f 5297/4229/2624 5296/4226/10 5074/6468/10 339/6469/3518
f 5298/4230/4 5297/4229/2624 339/6469/3518 5094/6470/3469
f 5299/6335/4 5298/4230/4 5094/6470/3469 5114/6471/3469
f 5300/4233/2626 5299/6335/4 5114/6471/3469 340/6472/3519
f 5301/4234/10 5300/4233/2626 340/6472/3519 5134/6473/10
f 5302/6362/10 5301/4234/10 5134/6473/10 5154/6474/10
f 5303/4237/2628 5302/6362/10 5154/6474/10 360/6475/3520
f 5304/4238/4 5303/4237/2628 360/6475/3520 5174/6476/3469
f 5305/4241/4 5304/4238/4 5174/6476/3469 347/6477/3469
f 5306/4242/4 5305/4241/4 347/6477/3469 348/6478/3469
f 5307/4244/4 5306/4242/4 348/6478/3469 352/6479/3469
f 5204/6480/3469 5308/4246/4 5307/4244/4 352/6479/3469
f 356/6481/3521 5309/3534/2204 5308/4246/4 5204/6480/3469
f 332/6482/5 5310/3531/5 5309/3534/2204 356/6481/3521
f 328/6483/5 5311/3535/5 5310/3531/5 332/6482/5
f 316/6484/5 5312/3537/5 5311/3535/5 328/6483/5
f 4/6485/5 5313/3539/5 5312/3537/5 316/6484/5
f 5313/3539/5 4/6485/5 5314/717/5 5367/3541/5
f 4/6485/5 316/6484/5 5315/718/5 5314/717/5
f 316/6484/5 328/6483/5 5316/733/5 5315/718/5
f 328/6483/5 332/6482/5 5317/740/5 5316/733/5
f 332/6482/5 356/6481/3521 5318/746/89 5317/740/5
f 356/6486/3521 5204/6487/3469 5319/153/13 5318/156/89
f 5204/6487/3469 352/6488/3469 5320/142/13 5319/153/13
f 352/6488/3469 348/6489/3469 5321/132/13 5320/142/13
f 348/6489/3469 347/6490/3469 5322/129/13 5321/132/13
f 347/6490/3469 5174/6491/3469 5323/689/13 5322/129/13
f 5174/6491/3469 360/6492/3520 5324/686/459 5323/689/13
f 360/6492/3520 5154/6493/10 5325/6360/10 5324/686/459
f 5154/6493/10 5134/6494/10 5326/759/10 5325/6360/10
f 5134/6494/10 340/6495/3519 5327/756/474 5326/759/10
f 340/6495/3519 5114/6496/3469 5328/6333/13 5327/756/474
f 5114/6496/3469 5094/6497/3469 5329/677/13 5328/6333/13
f 5094/6497/3469 339/6498/3518 5330/674/453 5329/677/13
f 339/6498/3518 5074/6499/10 5331/837/10 5330/674/453
f 5074/6499/10 324/6500/3517 5332/833/538 5331/837/10
f 324/6500/3517 392/6501/3516 5333/827/532 5332/833/538
f 392/6501/3516 385/6502/3515 5334/825/530 5333/827/532
f 385/6502/3515 386/6503/3514 5335/823/528 5334/825/530
f 386/6503/3514 387/6504/3513 5336/821/526 5335/823/528
f 387/6504/3513 388/6505/3512 5337/819/524 5336/821/526
f 388/6505/3512 389/6506/3511 5338/817/522 5337/819/524
f 389/6506/3511 390/6507/3510 5339/814/519 5338/817/522
f 390/6507/3510 391/6508/3509 5340/815/520 5339/814/519
f 391/6508/3509 312/6509/3508 5341/709/469 5340/815/520
f 312/6509/3508 5064/6510/3469 5342/706/13 5341/709/469
f 5064/6510/3469 317/6511/3507 5343/6306/3448 5342/706/13
f 317/6511/3507 5034/6512/10 5344/728/10 5343/6306/3448
f 5034/6512/10 305/6513/3506 5345/116/80 5344/728/10
f 305/6513/3506 36/6514/3505 5346/113/77 5345/116/80
f 36/6514/3505 492/6515/3504 5347/1059/721 5346/113/77
f 492/6515/3504 486/6516/3503 5348/1057/719 5347/1059/721
f 486/6516/3503 487/6517/3497 5349/1055/717 5348/1057/719
f 487/6517/3497 488/6518/3496 5350/1053/715 5349/1055/717
f 488/6518/3496 489/6519/3502 5351/1051/713 5350/1053/715
f 489/6519/3502 490/6520/3501 5352/1048/710 5351/1051/713
f 490/6520/3501 491/6521/3493 5353/1049/711 5352/1048/710
f 491/6521/3493 120/6522/3500 5354/1184/782 5353/1049/711
f 120/6522/3500 548/6523/3499 5355/1171/770 5354/1184/782
f 548/6523/3499 542/6524/3498 5356/1169/719 5355/1171/770
f 542/6524/3498 543/6525/3497 5357/1167/717 5356/1169/719
f 543/6525/3497 544/6526/3496 5358/1165/766 5357/1167/717
f 544/6526/3496 545/6527/3495 5359/1163/765 5358/1165/766
f 545/6527/3495 546/6528/3494 5360/1160/710 5359/1163/765
f 546/6528/3494 547/6529/3493 5361/1161/711 5360/1160/710
f 547/6529/3493 128/6530/3492 5362/943/621 5361/1161/711
f 128/6530/3492 436/6531/3491 5363/921/599 5362/943/621
f 436/6531/3491 432/6532/3490 5364/919/597 5363/921/599
f 432/6532/3490 433/6533/3489 5365/917/595 5364/919/597
f 433/6533/3489 434/6534/3488 5366/915/593 5365/917/595
f 434/6534/3488 435/6381/3468 5209/912/591 5366/915/593
f 1621/716/5 1632/3542/5 5367/3541/5 5314/717/5
f 5526/3547/5 1633/3543/5 1301/3521/5 5470/2973/5
f 5469/2971/5 5470/2973/5 1301/3521/5 1300/3519/5
f 5468/2969/5 5469/2971/5 1300/3519/5 1299/3517/5
f 5467/2966/5 5468/2969/5 1299/3517/5 1298/3513/5
f 5466/2967/1875 5467/2966/5 1298/3513/5 1297/3516/2202
f 1297/3512/2202 5208/3511/13 5465/2963/13 5466/2962/1875
f 5464/2959/13 5465/2963/13 5208/3511/13 1296/3508/13
f 1296/3508/13 1295/3506/13 5463/2956/13 5464/2959/13
f 1295/3506/13 1294/3505/13 5462/2957/13 5463/2956/13
f 1294/3505/13 5170/3502/13 5461/2952/13 5462/2957/13
f 5170/3502/13 1293/3501/2200 5460/2953/1873 5461/2952/13
f 1293/3501/2200 5150/6357/10 5459/6355/10 5460/2953/1873
f 5150/6357/10 5130/3498/10 5458/2948/10 5459/6355/10
f 5130/3498/10 1292/3497/2199 5457/2949/1871 5458/2948/10
f 1292/3497/2199 5110/6330/13 5456/6328/13 5457/2949/1871
f 5110/6330/13 5090/3494/13 5455/2944/13 5456/6328/13
f 5090/3494/13 1291/3493/2197 5454/2945/1869 5455/2944/13
f 1291/3493/2197 5070/3490/10 5453/2941/10 5454/2945/1869
f 5070/3490/10 1290/3488/2195 5452/2939/1867 5453/2941/10
f 1290/3488/2195 1289/3485/2192 5451/2937/1865 5452/2939/1867
f 5450/2935/1863 5451/2937/1865 1289/3485/2192 1288/3483/2191
f 5449/2933/1861 5450/2935/1863 1288/3483/2191 1287/3481/2189
f 5448/2931/1859 5449/2933/1861 1287/3481/2189 1286/3479/2187
f 5447/2929/1857 5448/2931/1859 1286/3479/2187 1285/3477/2185
f 5446/2927/1855 5447/2929/1857 1285/3477/2185 1284/3475/2183
f 5445/2925/1853 5446/2927/1855 1284/3475/2183 1283/3473/2181
f 5444/2923/1851 5445/2925/1853 1283/3473/2181 1282/3472/2180
f 1282/3472/2180 1281/3470/2178 5443/2920/1849 5444/2923/1851
f 1281/3470/2178 5068/3469/13 5442/2921/13 5443/2920/1849
f 5441/6301/3443 5442/2921/13 5068/3469/13 1280/6303/3445
f 1280/6303/3445 5030/3466/10 5440/2917/10 5441/6301/3443
f 5030/3466/10 1279/3464/2176 5439/2915/1847 5440/2917/10
f 1279/3464/2176 1278/3461/2173 5438/2913/1845 5439/2915/1847
f 5437/2911/1833 5438/2913/1845 1278/3461/2173 1277/3459/2172
f 5436/2909/1842 5437/2911/1833 1277/3459/2172 1276/3457/2171
f 5435/2907/1840 5436/2909/1842 1276/3457/2171 1275/3455/2158
f 5434/2905/1827 5435/2907/1840 1275/3455/2158 1274/3453/2168
f 5433/2903/1825 5434/2905/1827 1274/3453/2168 1273/3451/2167
f 5432/2901/1823 5433/2903/1825 1273/3451/2167 1272/3449/2154
f 5431/2899/1836 5432/2901/1823 1272/3449/2154 1271/3448/2166
f 1271/3448/2166 1270/3445/2164 5430/2897/1835 5431/2899/1836
f 5429/2895/1833 5430/2897/1835 1270/3445/2164 1269/3443/2162
f 5428/2893/1831 5429/2895/1833 1269/3443/2162 1268/3441/2160
f 5427/2891/1829 5428/2893/1831 1268/3441/2160 1267/3439/2158
f 5426/2889/1827 5427/2891/1829 1267/3439/2158 1266/3437/2156
f 5425/2887/1825 5426/2889/1827 1266/3437/2156 1265/3435/2155
f 5424/2885/1823 5425/2887/1825 1265/3435/2155 1264/3433/2154
f 5423/2883/1821 5424/2885/1823 1264/3433/2154 1263/3432/2153
f 1263/3432/2153 1262/3429/2151 5422/2881/1819 5423/2883/1821
f 5421/2879/1817 5422/2881/1819 1262/3429/2151 1261/3427/2149
f 5420/2877/1815 5421/2879/1817 1261/3427/2149 1260/3425/2147
f 5419/2875/1813 5420/2877/1815 1260/3425/2147 1259/3423/2145
f 5418/2873/1811 5419/2875/1813 1259/3423/2145 1258/3421/2143
f 5417/2871/1809 5418/2873/1811 1258/3421/2143 1257/3419/2141
f 5416/2869/13 5417/2871/1809 1257/3419/2141 1256/3417/13
f 5415/2867/1806 5416/2869/13 1256/3417/13 1255/3415/2139
f 5414/2865/1804 5415/2867/1806 1255/3415/2139 1254/3413/2137
f 5413/2863/1802 5414/2865/1804 1254/3413/2137 1253/3411/2135
f 5412/2861/1800 5413/2863/1802 1253/3411/2135 1252/3409/2133
f 5411/2859/1798 5412/2861/1800 1252/3409/2133 1251/3408/2132
f 1251/3408/2132 1250/3406/2130 5410/2857/1796 5411/2859/1798
f 1250/3406/2130 1249/3403/2120 5409/2855/1794 5410/2857/1796
f 5408/2853/1784 5409/2855/1794 1249/3403/2120 1248/3401/2128
f 5407/2851/1782 5408/2853/1784 1248/3401/2128 1247/3399/2116
f 5406/2849/1780 5407/2851/1782 1247/3399/2116 1246/3397/2114
f 5405/2847/1791 5406/2849/1780 1246/3397/2114 1245/3395/2112
f 5404/2845/1776 5405/2847/1791 1245/3395/2112 1244/3393/2125
f 5403/2843/1774 5404/2845/1776 1244/3393/2125 1243/3392/2124
f 1243/3392/2124 1242/3390/2123 5402/2841/1788 5403/2843/1774
f 1242/3390/2123 1241/3387/2120 5401/2839/1786 5402/2841/1788
f 5400/2837/1784 5401/2839/1786 1241/3387/2120 1240/3385/2118
f 5399/2835/1782 5400/2837/1784 1240/3385/2118 1239/3383/2116
f 5398/2833/1780 5399/2835/1782 1239/3383/2116 1238/3381/2114
f 5397/2831/1778 5398/2833/1780 1238/3381/2114 1237/3379/2112
f 5396/2829/1776 5397/2831/1778 1237/3379/2112 1236/3377/2110
f 5395/2827/1774 5396/2829/1776 1236/3377/2110 1235/3376/2109
f 1235/3376/2109 1234/3374/2107 5394/2824/1771 5395/2827/1774
f 1234/3374/2107 1233/3372/2105 5393/2825/1772 5394/2824/1771
f 5392/4260/2639 5393/6277/1772 1233/6270/2105 5006/4255/2635
f 5369/3655/2271 5368/3653/2269 421/6535/1805 422/6536/1803
f 5370/3657/2273 5369/3655/2271 422/6536/1803 423/6537/1801
f 5371/3659/2275 5370/3657/2273 423/6537/1801 424/6538/1799
f 5372/3661/2277 5371/3659/2275 424/6538/1799 425/6539/1797
f 5373/3663/2279 5372/3661/2277 425/6539/1797 123/6540/1795
f 5374/3665/2281 5373/3663/2279 123/6540/1795 513/6541/1785
f 5375/3667/2283 5374/3665/2281 513/6541/1785 507/6542/1783
f 5376/3669/1042 5375/3667/2283 507/6542/1783 508/6543/1793
f 5377/3671/2286 5376/3669/1042 508/6543/1793 509/6544/1792
f 5378/3673/2288 5377/3671/2286 509/6544/1792 510/6545/1777
f 5379/3675/2290 5378/3673/2288 510/6545/1777 511/6546/1790
f 5380/3677/2292 5379/3675/2290 511/6546/1790 512/6547/1789
f 5381/3679/2294 5380/3677/2292 512/6547/1789 115/6548/1787
f 5382/3681/2281 5381/3679/2294 115/6548/1787 457/6549/1785
f 5383/3683/2283 5382/3681/2281 457/6549/1785 451/6550/1783
f 5384/3685/1042 5383/3683/2283 451/6550/1783 452/6551/1781
f 5385/3687/2295 5384/3685/1042 452/6551/1781 453/6552/1779
f 5386/3689/2297 5385/3687/2295 453/6552/1779 454/6553/1777
f 5387/3691/2299 5386/3689/2297 454/6553/1777 455/6554/1775
f 5388/3693/2292 5387/3691/2299 455/6554/1775 456/6555/1773
f 5389/3695/2302 5388/3693/2292 456/6555/1773 31/6556/1770
f 5390/3697/2304 5389/3695/2302 31/6556/1770 27/6557/1769
f 5009/6275/2639 5391/4259/2639 5390/6274/2304 27/6276/1769
f 5392/4260/2639 5391/4259/2639 5009/6275/2639
f 5470/2973/5 6/2972/5 5471/3545/5 5526/3547/5
f 5472/3549/5 5471/3545/5 6/2972/5 315/2970/5
f 5473/3551/5 5472/3549/5 315/2970/5 327/2968/5
f 5474/3553/5 5473/3551/5 327/2968/5 331/2965/5
f 5475/3555/2206 5474/3553/5 331/2965/5 355/2964/1874
f 5476/3559/8 5475/3558/2206 355/6558/1874 5189/6559/1807
f 5477/3562/8 5476/3559/8 5189/6559/1807 351/6560/1807
f 5478/3563/8 5477/3562/8 351/6560/1807 345/6561/1807
f 5479/3565/8 5478/3563/8 345/6561/1807 346/6562/1807
f 5480/3568/8 5479/3565/8 346/6562/1807 5169/6563/1807
f 5481/3569/2208 5480/3568/8 5169/6563/1807 359/6564/1872
f 5482/6380/10 5481/3569/2208 359/6564/1872 5149/6565/10
f 5483/3572/10 5482/6380/10 5149/6565/10 5129/6566/10
f 5484/3573/2210 5483/3572/10 5129/6566/10 336/6567/1870
f 5485/6353/8 5484/3573/2210 336/6567/1870 5109/6568/1807
f 5486/3576/8 5485/6353/8 5109/6568/1807 5089/6569/1807
f 5487/3577/2212 5486/3576/8 5089/6569/1807 334/6570/1868
f 5488/3580/10 5487/3577/2212 334/6570/1868 5069/6571/10
f 5489/3581/2214 5488/3580/10 5069/6571/10 323/6572/1866
f 5490/3583/2216 5489/3581/2214 323/6572/1866 384/6573/1864
f 5491/3585/2218 5490/3583/2216 384/6573/1864 377/6574/1862
f 5492/3587/2220 5491/3585/2218 377/6574/1862 378/6575/1860
f 5493/3589/1140 5492/3587/2220 378/6575/1860 379/6576/1858
f 5494/3591/2223 5493/3589/1140 379/6576/1858 380/6577/1856
f 5495/3593/2225 5494/3591/2223 380/6577/1856 381/6578/1854
f 5496/3595/2227 5495/3593/2225 381/6578/1854 382/6579/1852
f 5497/3597/1048 5496/3595/2227 382/6579/1852 383/6580/1850
f 5498/3599/2230 5497/3597/1048 383/6580/1850 311/6581/1848
f 5499/3601/8 5498/3599/2230 311/6581/1848 5049/6582/1807
f 5500/6326/3467 5499/3601/8 5049/6582/1807 320/6583/3442
f 5501/3604/10 5500/6326/3467 320/6583/3442 5029/6584/10
f 5502/3605/2232 5501/3604/10 5029/6584/10 308/6585/1846
f 5503/3607/2234 5502/3605/2232 308/6585/1846 35/6586/1844
f 5504/3609/2236 5503/3607/2234 35/6586/1844 485/6587/1843
f 5505/3611/2238 5504/3609/2236 485/6587/1843 479/6588/1841
f 5506/3613/2240 5505/3611/2238 479/6588/1841 480/6589/1839
f 5507/3615/1067 5506/3613/2240 480/6589/1839 481/6590/1838
f 5508/3617/989 5507/3615/1067 481/6590/1838 482/6591/1837
f 5509/3619/2244 5508/3617/989 482/6591/1837 483/6592/1822
f 5510/3621/2246 5509/3619/2244 483/6592/1822 484/6593/1820
f 5511/3623/2248 5510/3621/2246 484/6593/1820 119/6594/1834
f 5512/3625/2250 5511/3623/2248 119/6594/1834 541/6595/1832
f 5513/3627/2252 5512/3625/2250 541/6595/1832 535/6596/1830
f 5514/3629/2254 5513/3627/2252 535/6596/1830 536/6597/1828
f 5515/3631/2255 5514/3629/2254 536/6597/1828 537/6598/1826
f 5516/3633/989 5515/3631/2255 537/6598/1826 538/6599/1824
f 5517/3635/2244 5516/3633/989 538/6599/1824 539/6600/1822
f 5518/3637/2246 5517/3635/2244 539/6600/1822 540/6601/1820
f 5519/3639/2257 5518/3637/2246 540/6601/1820 127/6602/1818
f 5520/3641/2259 5519/3639/2257 127/6602/1818 420/6603/1816
f 5521/3643/2261 5520/3641/2259 420/6603/1816 415/6604/1814
f 5522/3645/2263 5521/3643/2261 415/6604/1814 416/6605/1812
f 5523/3647/2265 5522/3645/2263 416/6605/1812 417/6606/1810
f 5524/3649/2267 5523/3647/2265 417/6606/1810 418/6607/1808
f 5525/3651/8 5524/3649/2267 418/6607/1808 419/6608/1807
f 5368/3653/2269 5525/3651/8 419/6608/1807 421/6535/1805
f 404/6609/3522 399/6610/3523 5528/2360/1460 5527/2358/15
f 399/6610/3523 400/6611/3524 5529/2362/1462 5528/2360/1460
f 400/6611/3524 401/6612/3525 5530/2364/1464 5529/2362/1462
f 401/6612/3525 402/6613/3526 5531/2366/1466 5530/2364/1464
f 402/6613/3526 403/6614/3527 5532/2368/1468 5531/2366/1466
f 403/6614/3527 122/6615/3528 5533/2370/1470 5532/2368/1468
f 122/6615/3528 506/6616/3529 5534/2372/1472 5533/2370/1470
f 506/6616/3529 500/6617/3530 5535/2374/1474 5534/2372/1472
f 500/6617/3530 501/6618/3531 5536/2376/1476 5535/2374/1474
f 501/6618/3531 502/6619/3532 5537/2378/1478 5536/2376/1476
f 502/6619/3532 503/6620/3533 5538/2380/1480 5537/2378/1478
f 503/6620/3533 504/6621/3534 5539/2382/1482 5538/2380/1480
f 504/6621/3534 505/6622/3535 5540/2384/1483 5539/2382/1482
f 505/6622/3535 114/6623/3536 5541/2386/1485 5540/2384/1483
f 114/6623/3536 450/6624/3529 5542/2388/1487 5541/2386/1485
f 450/6624/3529 444/6625/3530 5543/2390/1474 5542/2388/1487
f 444/6625/3530 445/6626/3537 5544/2392/1489 5543/2390/1474
f 445/6626/3537 446/6627/3538 5545/2394/1478 5544/2392/1489
f 446/6627/3538 447/6628/3539 5546/2396/1491 5545/2394/1478
f 447/6628/3539 448/6629/3540 5547/2398/1493 5546/2396/1491
f 448/6629/3540 449/6630/3535 5548/2400/1483 5547/2398/1493
f 449/6630/3535 30/6631/3541 5549/2402/1495 5548/2400/1483
f 30/6631/3541 26/6632/3542 5550/2404/1497 5549/2402/1495
f 26/6633/3542 5001/6634/2633 5551/4251/2633 5550/6265/1497
f 5552/4252/2633 5551/4251/2633 5001/6634/2633
f 5553/6266/62 5552/4252/2633 5001/6634/2633 26/6633/3542
f 5554/93/59 5553/96/62 26/6635/3542 30/6636/3541
f 449/6637/3535 5555/976/645 5554/93/59 30/6636/3541
f 5556/977/646 5555/976/645 449/6637/3535 448/6638/3540
f 5557/980/649 5556/977/646 448/6638/3540 447/6639/3539
f 5558/982/651 5557/980/649 447/6639/3539 446/6640/3538
f 5559/984/653 5558/982/651 446/6640/3538 445/6641/3537
f 5560/986/655 5559/984/653 445/6641/3537 444/6642/3530
f 5561/988/657 5560/986/655 444/6642/3530 450/6643/3529
f 5562/1174/773 5561/988/657 450/6643/3529 114/6644/3536
f 505/6645/3535 5563/1088/645 5562/1174/773 114/6644/3536
f 5564/1089/732 5563/1088/645 505/6645/3535 504/6646/3534
f 5565/1092/735 5564/1089/732 504/6646/3534 503/6647/3533
f 5566/1094/737 5565/1092/735 503/6647/3533 502/6648/3532
f 5567/1096/738 5566/1094/737 502/6648/3532 501/6649/3531
f 5568/1098/739 5567/1096/738 501/6649/3531 500/6650/3530
f 5569/1100/657 5568/1098/739 500/6650/3530 506/6651/3529
f 5570/939/617 5569/1100/657 506/6651/3529 122/6652/3528
f 403/6653/3527 5571/868/555 5570/939/617 122/6652/3528
f 5572/869/556 5571/868/555 403/6653/3527 402/6654/3526
f 5573/872/559 5572/869/556 402/6654/3526 401/6655/3525
f 5574/874/561 5573/872/559 401/6655/3525 400/6656/3524
f 5575/876/563 5574/874/561 400/6656/3524 399/6657/3523
f 404/6658/3522 5576/878/8 5575/876/563 399/6657/3523
f 5577/900/580 5576/878/8 404/6658/3522 413/6659/3543
f 5578/902/582 5577/900/580 413/6659/3543 412/6660/3544
f 5579/904/584 5578/902/582 412/6660/3544 411/6661/3545
f 5580/906/586 5579/904/584 411/6661/3545 410/6662/3546
f 5581/908/588 5580/906/586 410/6662/3546 414/6663/3547
f 5582/936/614 5581/908/588 414/6663/3547 126/6664/3548
f 533/6665/3549 5583/1144/694 5582/936/614 126/6664/3548
f 5584/1145/756 5583/1144/694 533/6665/3549 532/6666/3550
f 5585/1148/758 5584/1145/756 532/6666/3550 531/6667/3551
f 5586/1150/759 5585/1148/758 531/6667/3551 530/6668/3552
f 5587/1152/760 5586/1150/759 530/6668/3552 529/6669/3553
f 5588/1154/762 5587/1152/760 529/6669/3553 528/6670/3554
f 5589/1156/706 5588/1154/762 528/6670/3554 534/6671/3555
f 5590/1183/781 5589/1156/706 534/6671/3555 118/6672/3556
f 477/6673/3549 5591/1032/694 5590/1183/781 118/6672/3556
f 5592/1033/695 5591/1032/694 477/6673/3549 476/6674/3550
f 5593/1036/698 5592/1033/695 476/6674/3550 475/6675/3551
f 5594/1038/700 5593/1036/698 475/6675/3551 474/6676/3557
f 5595/1040/702 5594/1038/700 474/6676/3557 473/6677/3553
f 5596/1042/704 5595/1040/702 473/6677/3553 472/6678/3558
f 5597/1044/706 5596/1042/704 472/6678/3558 478/6679/3555
f 5598/112/76 5597/1044/706 478/6679/3555 34/6680/3559
f 5599/109/73 5598/112/76 34/6680/3559 307/6681/3560
f 5600/725/10 5599/109/73 307/6681/3560 5044/6682/10
f 5601/6321/3462 5600/725/10 5044/6682/10 319/6683/3561
f 5054/6684/3522 5602/705/8 5601/6321/3462 319/6683/3561
f 5603/702/466 5602/705/8 5054/6684/3522 310/6685/3562
f 375/6686/3563 5604/796/501 5603/702/466 310/6685/3562
f 5605/797/502 5604/796/501 375/6686/3563 374/6687/3564
f 5606/800/505 5605/797/502 374/6687/3564 373/6688/3565
f 5607/802/507 5606/800/505 373/6688/3565 372/6689/3566
f 5608/804/509 5607/802/507 372/6689/3566 371/6690/3567
f 5609/806/511 5608/804/509 371/6690/3567 370/6691/3568
f 5610/808/513 5609/806/511 370/6691/3568 369/6692/3569
f 5611/810/515 5610/808/513 369/6692/3569 376/6693/3570
f 5612/830/535 5611/810/515 376/6693/3570 322/6694/3571
f 5613/842/10 5612/830/535 322/6694/3571 5084/6695/10
f 5614/663/449 5613/842/10 5084/6695/10 333/6696/3572
f 5615/664/8 5614/663/449 333/6696/3572 5104/6697/3573
f 5616/6348/8 5615/664/8 5104/6697/3573 5124/6698/3573
f 5617/753/473 5616/6348/8 5124/6698/3573 335/6699/3574
f 5618/754/10 5617/753/473 335/6699/3574 5144/6700/10
f 5619/6375/10 5618/754/10 5144/6700/10 5164/6701/10
f 5620/683/458 5619/6375/10 5164/6701/10 358/6702/3575
f 5621/684/8 5620/683/458 358/6702/3575 5184/6703/3573
f 5622/128/8 5621/684/8 5184/6703/3573 342/6704/3573
f 5623/125/8 5622/128/8 342/6704/3573 344/6705/3573
f 5624/139/8 5623/125/8 344/6705/3573 350/6706/3573
f 5194/6707/3573 5625/152/8 5624/139/8 350/6706/3573
f 5626/149/86 5625/152/8 5194/6707/3573 354/6708/3576
f 5627/739/5 5626/745/86 354/6709/3576 330/6710/5
f 5628/732/5 5627/739/5 330/6710/5 326/6711/5
f 5629/715/5 5628/732/5 326/6711/5 314/6712/5
f 5630/712/5 5629/715/5 314/6712/5 5/6713/5
f 5631/2978/5 5685/2976/5 5630/712/5 5/6713/5
f 5/6713/5 314/6712/5 5632/2979/5 5631/2978/5
f 314/6712/5 326/6711/5 5633/2982/5 5632/2979/5
f 326/6711/5 330/6710/5 5634/2984/5 5633/2982/5
f 330/6710/5 354/6709/3576 5635/2986/1392 5634/2984/5
f 354/6714/3576 5194/6715/3573 5636/2265/15 5635/2264/1392
f 5194/6715/3573 350/6716/3573 5637/2268/15 5636/2265/15
f 350/6716/3573 344/6717/3573 5638/2269/15 5637/2268/15
f 344/6717/3573 342/6718/3573 5639/2272/15 5638/2269/15
f 342/6718/3573 5184/6719/3573 5640/2274/15 5639/2272/15
f 5184/6719/3573 358/6720/3575 5641/2275/1394 5640/2274/15
f 358/6720/3575 5164/6721/10 5642/6374/10 5641/2275/1394
f 5164/6721/10 5144/6722/10 5643/2278/10 5642/6374/10
f 5144/6722/10 335/6723/3574 5644/2279/1396 5643/2278/10
f 335/6723/3574 5124/6724/3573 5645/6347/15 5644/2279/1396
f 5124/6724/3573 5104/6725/3573 5646/2282/15 5645/6347/15
f 5104/6725/3573 333/6726/3572 5647/2283/1398 5646/2282/15
f 333/6726/3572 5084/6727/10 5648/2286/10 5647/2283/1398
f 5084/6727/10 322/6728/3571 5649/2287/1400 5648/2286/10
f 322/6728/3571 376/6729/3570 5650/2290/1402 5649/2287/1400
f 376/6729/3570 369/6730/3569 5651/2292/1404 5650/2290/1402
f 369/6730/3569 370/6731/3568 5652/2294/1406 5651/2292/1404
f 370/6731/3568 371/6732/3567 5653/2296/1408 5652/2294/1406
f 371/6732/3567 372/6733/3566 5654/2298/1410 5653/2296/1408
f 372/6733/3566 373/6734/3565 5655/2300/1412 5654/2298/1410
f 373/6734/3565 374/6735/3564 5656/2302/1414 5655/2300/1412
f 374/6735/3564 375/6736/3563 5657/2304/1416 5656/2302/1414
f 375/6736/3563 310/6737/3562 5658/2306/1418 5657/2304/1416
f 310/6737/3562 5054/6738/3522 5659/2308/15 5658/2306/1418
f 5054/6738/3522 319/6739/3561 5660/6320/3461 5659/2308/15
f 319/6739/3561 5044/6740/10 5661/2310/10 5660/6320/3461
f 5044/6740/10 307/6741/3560 5662/2311/1420 5661/2310/10
f 307/6741/3560 34/6742/3559 5663/2314/1422 5662/2311/1420
f 34/6742/3559 478/6743/3555 5664/2316/1424 5663/2314/1422
f 478/6743/3555 472/6744/3558 5665/2318/1426 5664/2316/1424
f 472/6744/3558 473/6745/3553 5666/2320/1428 5665/2318/1426
f 473/6745/3553 474/6746/3557 5667/2322/1430 5666/2320/1428
f 474/6746/3557 475/6747/3551 5668/2324/1432 5667/2322/1430
f 475/6747/3551 476/6748/3550 5669/2326/1434 5668/2324/1432
f 476/6748/3550 477/6749/3549 5670/2328/1436 5669/2326/1434
f 477/6749/3549 118/6750/3556 5671/2330/1438 5670/2328/1436
f 118/6750/3556 534/6751/3555 5672/2332/1424 5671/2330/1438
f 534/6751/3555 528/6752/3554 5673/2334/1441 5672/2332/1424
f 528/6752/3554 529/6753/3553 5674/2336/1443 5673/2334/1441
f 529/6753/3553 530/6754/3552 5675/2338/1430 5674/2336/1443
f 530/6754/3552 531/6755/3551 5676/2340/1446 5675/2338/1430
f 531/6755/3551 532/6756/3550 5677/2342/1434 5676/2340/1446
f 532/6756/3550 533/6757/3549 5678/2344/1447 5677/2342/1434
f 533/6757/3549 126/6758/3548 5679/2346/1448 5678/2344/1447
f 126/6758/3548 414/6759/3547 5680/2348/1450 5679/2346/1448
f 414/6759/3547 410/6760/3546 5681/2350/1452 5680/2348/1450
f 410/6760/3546 411/6761/3545 5682/2352/1454 5681/2350/1452
f 411/6761/3545 412/6762/3544 5683/2354/1456 5682/2352/1454
f 412/6762/3544 413/6763/3543 5684/2356/1458 5683/2354/1456
f 413/6763/3543 404/6609/3522 5527/2358/15 5684/2356/1458
f 1303/2981/5 1302/2977/5 5685/2976/5 5631/2978/5
f 938/5289/3284 939/5288/3283 5687/886/571 5686/888/573
f 939/5288/3283 940/5287/3282 5688/884/569 5687/886/571
f 940/5287/3282 941/5286/3281 5689/880/565 5688/884/569
f 941/5286/3281 942/5285/3280 5690/881/566 5689/880/565
f 942/5285/3280 943/5284/3279 5691/946/623 5690/881/566
f 943/5284/3279 944/5283/3274 5692/1128/685 5691/946/623
f 944/5283/3274 945/5282/3273 5693/1126/683 5692/1128/685
f 945/5282/3273 946/5281/3272 5694/1124/750 5693/1126/683
f 946/5281/3272 947/5280/3271 5695/1122/679 5694/1124/750
f 947/5280/3271 948/5279/3278 5696/1120/677 5695/1122/679
f 948/5279/3278 949/5278/3277 5697/1116/673 5696/1120/677
f 949/5278/3277 950/5277/3276 5698/1117/747 5697/1116/673
f 950/5277/3276 951/5276/3275 5699/1186/784 5698/1117/747
f 951/5276/3275 952/5275/3274 5700/1016/685 5699/1186/784
f 952/5275/3274 953/5274/3273 5701/1014/683 5700/1016/685
f 953/5274/3273 954/5273/3272 5702/1012/681 5701/1014/683
f 954/5273/3272 955/5272/3271 5703/1010/679 5702/1012/681
f 955/5272/3271 956/5271/3270 5704/1008/677 5703/1010/679
f 956/5271/3270 957/5270/3269 5705/1004/673 5704/1008/677
f 957/5270/3269 958/5269/3268 5706/1005/674 5705/1004/673
f 958/5269/3268 959/5268/3000 5707/117/81 5706/1005/674
f 959/5268/3000 960/5267/3267 5708/118/82 5707/117/81
f 960/5267/3267 5038/5266/10 5709/721/10 5708/118/82
f 5038/5266/10 961/6311/3453 5710/6312/3454 5709/721/10
f 961/6311/3453 5060/5265/4 5711/694/4 5710/6312/3454
f 5060/5265/4 962/5264/3266 5712/695/462 5711/694/4
f 962/5264/3266 963/5263/3265 5713/778/491 5712/695/462
f 963/5263/3265 964/5262/3264 5714/776/489 5713/778/491
f 964/5262/3264 965/5261/3263 5715/774/487 5714/776/489
f 965/5261/3263 966/5260/3262 5716/772/485 5715/774/487
f 966/5260/3262 967/5259/3261 5717/770/483 5716/772/485
f 967/5259/3261 968/5258/3260 5718/768/481 5717/770/483
f 968/5258/3260 969/5257/3259 5719/764/477 5718/768/481
f 969/5257/3259 970/5256/3258 5720/765/478 5719/764/477
f 970/5256/3258 971/5255/3257 5721/834/539 5720/765/478
f 971/5255/3257 5078/5254/10 5722/838/10 5721/834/539
f 5078/5254/10 972/5253/3256 5723/670/452 5722/838/10
f 972/5253/3256 5098/5252/4 5724/671/4 5723/670/452
f 5098/5252/4 5118/6338/4 5725/6339/4 5724/671/4
f 5118/6338/4 973/5251/3255 5726/760/476 5725/6339/4
f 973/5251/3255 5138/5250/10 5727/761/10 5726/760/476
f 5138/5250/10 5158/6365/10 5728/6366/10 5727/761/10
f 5158/6365/10 974/5249/3254 5729/690/461 5728/6366/10
f 974/5249/3254 5178/5248/4 5730/691/4 5729/690/461
f 5178/5248/4 975/5247/4 5731/133/4 5730/691/4
f 975/5247/4 976/5246/4 5732/134/4 5731/133/4
f 976/5246/4 977/5245/4 5733/143/4 5732/134/4
f 977/5245/4 5200/5244/4 5734/157/4 5733/143/4
f 5200/5244/4 978/5243/3253 5735/158/90 5734/157/4
f 978/5243/3253 979/5242/5 5736/742/5 5735/158/90
f 979/5242/5 980/5241/5 5737/735/5 5736/742/5
f 980/5241/5 981/5240/5 5738/720/5 5737/735/5
f 981/5240/5 982/5239/5 5739/7/5 5738/720/5
f 5739/7/5 982/5239/5 1622/5033/5 5844/8/5
f 5740/5/5 5844/8/5 1622/5033/5 1623/5032/5
f 5741/711/5 5740/5/5 1623/5032/5 1624/5031/5
f 5742/730/5 5741/711/5 1624/5031/5 1625/5030/5
f 5743/737/5 5742/730/5 1625/5030/5 1626/5029/5
f 5744/743/85 5743/737/5 1626/5029/5 1307/5028/3124
f 5198/5026/15 5745/148/15 5744/147/85 1307/5027/3124
f 1308/5025/15 5746/138/15 5745/148/15 5198/5026/15
f 1309/5024/15 5747/123/15 5746/138/15 1308/5025/15
f 1310/5023/15 5748/124/15 5747/123/15 1309/5024/15
f 5180/5022/15 5749/680/15 5748/124/15 1310/5023/15
f 1311/5021/3123 5750/681/456 5749/680/15 5180/5022/15
f 5160/6371/10 5751/6369/10 5750/681/456 1311/5021/3123
f 5140/5020/10 5752/750/10 5751/6369/10 5160/6371/10
f 1312/5019/3122 5753/751/471 5752/750/10 5140/5020/10
f 5120/6344/15 5754/6342/15 5753/751/471 1312/5019/3122
f 5100/5018/15 5755/668/15 5754/6342/15 5120/6344/15
f 1313/5017/3121 5756/669/451 5755/668/15 5100/5018/15
f 5080/5016/10 5757/841/10 5756/669/451 1313/5017/3121
f 1314/5015/3120 5758/829/534 5757/841/10 5080/5016/10
f 1315/5014/3119 5759/795/500 5758/829/534 1314/5015/3120
f 5760/793/499 5759/795/500 1315/5014/3119 1316/5013/3118
f 5761/791/498 5760/793/499 1316/5013/3118 1317/5012/3117
f 5762/789/497 5761/791/498 1317/5012/3117 1318/5011/3116
f 5763/787/496 5762/789/497 1318/5011/3116 1319/5010/3115
f 5764/785/495 5763/787/496 1319/5010/3115 1320/5009/3114
f 5765/782/493 5764/785/495 1320/5009/3114 1321/5008/3113
f 5766/783/494 5765/782/493 1321/5008/3113 1322/5007/3112
f 1323/5006/3111 5767/700/465 5766/783/494 1322/5007/3112
f 5058/5005/15 5768/701/15 5767/700/465 1323/5006/3111
f 1324/6317/3458 5769/6315/3456 5768/701/15 5058/5005/15
f 5040/5004/10 5770/724/10 5769/6315/3456 1324/6317/3458
f 1325/5003/3110 5771/107/71 5770/724/10 5040/5004/10
f 1326/5002/3109 5772/108/72 5771/107/71 1325/5003/3110
f 5773/1031/693 5772/108/72 1326/5002/3109 1327/5001/3108
f 5774/1029/692 5773/1031/693 1327/5001/3108 1328/5000/3107
f 5775/1027/691 5774/1029/692 1328/5000/3107 1329/4999/3106
f 5776/1025/690 5775/1027/691 1329/4999/3106 1330/4998/3100
f 5777/1023/689 5776/1025/690 1330/4998/3100 1331/4997/3105
f 5778/1020/687 5777/1023/689 1331/4997/3105 1332/4996/3098
f 5779/1021/688 5778/1020/687 1332/4996/3098 1333/4995/3097
f 1334/4994/3104 5780/1181/779 5779/1021/688 1333/4995/3097
f 5781/1143/755 5780/1181/779 1334/4994/3104 1335/4993/3103
f 5782/1141/692 5781/1143/755 1335/4993/3103 1336/4992/3102
f 5783/1139/754 5782/1141/692 1336/4992/3102 1337/4991/3101
f 5784/1137/753 5783/1139/754 1337/4991/3101 1338/4990/3100
f 5785/1135/689 5784/1137/753 1338/4990/3100 1339/4989/3099
f 5786/1132/752 5785/1135/689 1339/4989/3099 1340/4988/3098
f 5787/1133/688 5786/1132/752 1340/4988/3098 1341/4987/3097
f 1342/4986/3096 5788/935/613 5787/1133/688 1341/4987/3097
f 5789/899/579 5788/935/613 1342/4986/3096 1343/4985/3095
f 5790/897/578 5789/899/579 1343/4985/3095 1344/4984/3094
f 5791/895/577 5790/897/578 1344/4984/3094 1345/4983/3093
f 5792/893/576 5791/895/577 1345/4983/3093 1346/4982/3092
f 5793/891/575 5792/893/576 1346/4982/3092 1347/4981/3091
f 5794/867/15 5793/891/575 1347/4981/3091 1348/4980/15
f 5795/865/554 5794/867/15 1348/4980/15 1349/4979/3090
f 5796/863/553 5795/865/554 1349/4979/3090 1350/4978/3089
f 5797/861/552 5796/863/553 1350/4978/3089 1351/4977/3088
f 5798/858/550 5797/861/552 1351/4977/3088 1352/4976/3087
f 5799/859/551 5798/858/550 1352/4976/3087 1353/4975/3086
f 1354/4974/3085 5800/933/611 5799/859/551 1353/4975/3086
f 1355/4973/3080 5801/1087/644 5800/933/611 1354/4974/3085
f 5802/1085/731 5801/1087/644 1355/4973/3080 1356/4972/3079
f 5803/1083/642 5802/1085/731 1356/4972/3079 1357/4971/3084
f 5804/1081/730 5803/1083/642 1357/4971/3084 1358/4970/3077
f 5805/1079/729 5804/1081/730 1358/4970/3077 1359/4969/3083
f 5806/1076/638 5805/1079/729 1359/4969/3083 1360/4968/3082
f 5807/1077/728 5806/1076/638 1360/4968/3082 1361/4967/3074
f 1362/4966/3081 5808/1173/772 5807/1077/728 1361/4967/3074
f 1363/4965/3080 5809/975/644 5808/1173/772 1362/4966/3081
f 5810/973/643 5809/975/644 1363/4965/3080 1364/4964/3079
f 5811/971/642 5810/973/643 1364/4964/3079 1365/4963/3078
f 5812/969/641 5811/971/642 1365/4963/3078 1366/4962/3077
f 5813/967/640 5812/969/641 1366/4962/3077 1367/4961/3076
f 5814/964/638 5813/967/640 1367/4961/3076 1368/4960/3075
f 5815/965/639 5814/964/638 1368/4960/3075 1369/4959/3074
f 1370/4958/3073 5816/91/57 5815/965/639 1369/4959/3074
f 1371/4957/3072 5817/92/58 5816/91/57 1370/4958/3073
f 5818/4276/2652 5817/6296/58 1371/6292/3072 5023/4274/2650
f 5023/4274/2650 5022/4273/2649 5819/4277/2652 5818/4276/2652
f 5820/6294/67 5819/4277/2652 5022/4273/2649 914/6291/3305
f 914/5313/3305 915/5312/3304 5821/102/68 5820/101/67
f 915/5312/3304 916/5311/3303 5822/960/636 5821/102/68
f 916/5311/3303 917/5310/3302 5823/958/634 5822/960/636
f 917/5310/3302 918/5309/3301 5824/956/632 5823/958/634
f 918/5309/3301 919/5308/3300 5825/954/630 5824/956/632
f 919/5308/3300 920/5307/3299 5826/952/628 5825/954/630
f 920/5307/3299 921/5306/3292 5827/948/624 5826/952/628
f 921/5306/3292 922/5305/3291 5828/949/625 5827/948/624
f 922/5305/3291 923/5304/3298 5829/1178/777 5828/949/625
f 923/5304/3298 924/5303/3297 5830/1072/727 5829/1178/777
f 924/5303/3297 925/5302/3296 5831/1070/634 5830/1072/727
f 925/5302/3296 926/5301/3295 5832/1068/632 5831/1070/634
f 926/5301/3295 927/5300/3294 5833/1066/630 5832/1068/632
f 927/5300/3294 928/5299/3293 5834/1064/724 5833/1066/630
f 928/5299/3293 929/5298/3292 5835/1060/624 5834/1064/724
f 929/5298/3292 930/5297/3291 5836/1061/625 5835/1060/624
f 930/5297/3291 931/5296/3290 5837/944/622 5836/1061/625
f 931/5296/3290 932/5295/3289 5838/854/548 5837/944/622
f 932/5295/3289 933/5294/3288 5839/852/546 5838/854/548
f 933/5294/3288 934/5293/3287 5840/850/544 5839/852/546
f 934/5293/3287 935/5292/3286 5841/848/542 5840/850/544
f 935/5292/3286 936/5291/3285 5842/844/540 5841/848/542
f 936/5291/3285 937/5290/4 5843/845/4 5842/844/540
f 937/5290/4 938/5289/3284 5686/888/573 5843/845/4
